TAZ,yosh,in_jerusalem_metropolin,jerusalem_city,sector,hh_total,pop,age0_4,age5_9,age10_14,age15_19,age20_24,age25_29,age30_34,age35_39,age40_44,age45_49,age50_54,age55_59,age60_64,age65_69,age70_74,age75up,emp_tot,indus,com_hotel,business,public,education,agri,student,univ,UO_Hi_Ed,pop_emp_employed,slope,urban
1,0,1,1,Jewish,938,3283,330,285,246,208,229,241,224,208,174,166,154,155,160,155,134,204,2942,0,1146,1146,573,77,0,365,163,0,1372,1,2
2,0,1,1,Jewish,619,1673,74,87,112,287,222,115,65,54,66,89,106,108,100,73,45,61,1384,0,538,538,269,39,0,173,0,332,652,1,2
3,0,1,1,Jewish,428,1055,35,41,53,60,294,200,31,26,31,42,51,51,48,35,21,29,3811,0,1519,1139,1139,11,0,81,0,0,473,1,2
4,0,1,1,Jewish,297,684,50,46,41,35,39,43,40,40,35,35,30,28,32,38,44,101,4132,0,2473,1236,412,9,0,65,0,0,269,1,2
5,0,1,1,Jewish,347,800,58,54,48,41,46,50,47,46,41,41,36,33,38,44,51,118,2755,0,1062,1062,531,100,0,704,0,0,315,1,2
6,0,1,1,Jewish,242,557,40,37,33,28,32,35,32,32,29,28,25,23,26,31,35,82,1150,0,457,457,228,7,0,53,0,0,219,1,2
7,0,1,1,Jewish,614,2580,255,308,290,222,167,116,142,180,193,192,149,99,76,69,53,62,2387,0,699,1166,466,55,0,385,0,0,1056,1,2
8,0,1,1,Jewish,228,801,80,69,60,50,56,58,54,50,42,40,37,37,39,38,32,49,1514,0,450,750,300,13,0,81,0,36,334,1,2
9,0,1,1,Jewish,256,597,60,51,44,37,41,43,40,38,31,30,28,28,29,28,24,37,1542,0,459,766,306,9,0,69,0,0,249,1,2
10,0,1,1,Jewish,310,1304,129,155,146,112,84,58,72,91,97,97,75,50,38,35,27,31,1652,0,817,326,490,18,0,127,0,0,534,1,2
11,0,1,1,Jewish,240,560,56,48,42,35,39,41,38,35,29,28,26,26,27,26,22,34,2703,0,700,525,525,952,0,61,5688,0,234,1,2
12,0,1,1,U_Orthodox,146,717,92,72,79,82,90,57,31,25,21,23,27,28,28,21,15,21,35,0,8,4,3,18,0,131,0,77,183,1,2
13,0,1,1,U_Orthodox,736,3124,515,421,376,321,274,215,168,147,113,92,84,80,75,66,59,109,273,0,0,0,0,273,0,505,309,270,728,1,2
14,0,1,1,Jewish,45,189,18,22,21,16,12,8,10,13,14,14,10,7,5,5,3,4,4064,0,812,812,2436,4,0,32,0,0,77,1,2
15,0,1,1,Jewish,454,1590,160,138,119,101,111,116,108,101,84,80,75,75,77,75,65,98,1715,0,506,337,844,25,0,178,0,0,665,1,2
101,0,1,1,U_Orthodox,1192,3882,580,474,424,606,418,252,189,166,127,104,95,90,85,75,67,123,516,0,133,53,80,248,0,1335,0,2219,879,1,2
102,0,1,1,U_Orthodox,6046,12923,1080,847,922,3985,2437,820,364,291,245,270,317,330,330,248,175,254,1283,78,208,104,130,761,0,2210,0,15461,2895,1,2
103,0,1,1,U_Orthodox,1723,8205,1190,1051,1082,1285,1069,500,281,238,295,396,273,187,138,89,65,60,799,0,204,81,122,390,0,2465,0,1166,1837,1,2
104,0,1,1,U_Orthodox,386,1614,264,216,193,171,143,110,86,75,58,47,43,41,38,34,30,56,78,0,0,0,0,78,0,517,0,233,375,1,2
105,0,1,1,Jewish,382,1552,148,127,110,149,127,109,100,93,78,74,69,69,72,69,60,91,308,0,20,8,12,267,0,693,1572,413,614,1,2
106,0,1,1,U_Orthodox,629,2830,475,388,347,263,237,197,155,136,104,85,78,73,69,61,55,101,362,0,18,7,11,324,0,775,1266,521,663,1,2
107,0,1,1,U_Orthodox,683,1053,83,65,71,344,204,63,28,22,19,20,24,25,25,19,13,19,250,0,11,4,7,226,0,686,596,1235,231,1,2
108,0,1,1,U_Orthodox,493,2221,372,305,272,206,186,154,121,106,81,67,61,57,54,48,43,79,2594,0,1458,486,486,164,0,1094,0,445,520,1,2
109,0,1,1,U_Orthodox,1511,4114,430,337,367,908,656,287,145,115,97,107,126,131,131,99,69,101,235,0,21,8,12,192,0,931,0,1453,980,1,2
110,0,1,1,U_Orthodox,1057,3502,527,431,385,530,372,230,172,151,115,94,86,82,77,68,61,112,189,0,19,7,11,150,0,687,0,1987,795,1,2
111,0,1,1,U_Orthodox,1259,4404,577,510,525,903,648,257,136,115,143,192,132,90,67,43,31,29,431,0,102,41,61,225,0,1176,0,1842,961,1,2
112,0,1,1,U_Orthodox,2441,8460,1105,976,1004,1755,1248,488,261,221,274,367,253,173,128,83,60,55,772,0,159,79,159,372,0,1965,0,2438,1843,1,2
113,0,1,1,U_Orthodox,1336,3568,375,294,320,780,565,250,126,101,85,93,110,114,114,86,60,88,579,0,100,40,60,378,0,791,1602,1810,851,1,2
201,0,1,1,Arab,0,0,0,0,0,0,0,0,0,0,0,0,0,0,0,0,0,0,775,0,155,465,155,0,0,0,0,0,0,1,2
202,0,1,1,Arab,99,482,42,42,38,33,28,38,28,33,33,23,23,23,19,23,19,28,1196,0,407,203,407,176,0,1236,0,0,122,1,2
203,0,1,1,Arab,269,1302,116,116,103,90,77,103,77,90,90,64,64,64,51,64,51,77,2200,321,964,428,428,56,0,394,0,0,329,1,2
204,0,1,1,Arab,323,1562,139,139,123,108,92,123,92,108,108,77,77,77,61,77,61,92,2066,298,894,397,397,79,0,555,0,0,395,1,2
205,0,1,1,Arab,293,1422,126,126,112,98,84,112,84,98,98,70,70,70,56,70,56,84,2338,0,1300,433,433,170,0,1194,0,0,359,1,2
206,0,1,1,Arab,134,651,58,58,51,45,38,51,38,45,45,32,32,32,25,32,25,38,1856,0,1056,352,352,94,0,664,0,0,164,1,2
207,0,1,1,Arab,94,454,40,40,36,31,27,36,27,31,31,22,22,22,18,22,18,27,7,0,0,0,0,7,0,49,0,0,115,1,2
208,0,1,1,Arab,71,344,30,30,27,23,20,27,20,23,23,17,17,17,13,17,13,20,38,0,0,0,0,38,0,271,0,0,87,1,2
209,0,1,1,Arab,78,380,33,33,30,26,22,30,22,26,26,18,18,18,15,18,15,22,1365,0,816,136,408,5,0,40,0,0,96,1,2
301,0,1,1,Arab,5375,23809,2607,2370,2133,1968,1929,1899,1896,1659,1422,1185,1185,948,711,711,474,711,3652,0,1939,596,447,668,0,4599,0,411,6032,1,2
302,0,1,1,Jewish,1515,3439,249,301,283,826,441,141,139,176,189,188,146,97,74,67,52,61,772,0,309,95,71,295,0,1252,0,2822,1033,1,2
303,0,1,1,Arab,524,2237,198,198,176,178,164,154,176,132,154,110,132,88,88,88,66,132,413,0,242,74,55,40,0,258,0,605,565,1,2
304,0,1,1,Arab,927,3996,358,318,318,318,288,280,279,239,239,239,239,199,159,159,119,239,889,0,433,133,100,221,0,1472,0,500,1023,1,2
401,0,1,1,Jewish,200,200,0,0,0,133,60,6,0,0,0,0,0,0,0,0,0,0,11,0,0,0,0,11,0,0,0,304,0,1,2
402,0,1,1,Jewish,0,0,0,0,0,0,0,0,0,0,0,0,0,0,0,0,0,0,0,0,0,0,0,0,0,0,0,0,0,1,2
403,0,1,1,Jewish,0,0,0,0,0,0,0,0,0,0,0,0,0,0,0,0,0,0,0,0,0,0,0,0,0,0,0,0,0,1,2
404,0,1,1,Jewish,360,829,60,56,50,42,47,52,48,48,43,42,37,35,39,46,53,122,11,0,0,0,0,11,0,79,0,0,326,1,2
405,0,1,1,Jewish,233,537,39,36,32,27,31,34,31,31,28,27,24,22,25,29,34,79,1494,0,743,297,445,7,0,51,0,0,212,1,2
406,0,1,1,Jewish,361,832,61,56,50,42,48,52,49,48,43,43,37,35,39,46,53,123,88,0,54,10,7,16,0,79,0,139,328,1,2
407,0,1,1,Jewish,149,343,25,23,20,17,19,21,20,20,17,17,15,14,16,19,22,50,4,0,0,0,0,4,0,32,0,0,135,1,2
408,0,1,1,Jewish,250,576,42,39,34,29,33,36,33,33,30,29,26,24,27,32,37,85,660,0,398,92,122,47,0,55,48,0,227,1,2
409,0,1,1,U_Orthodox,266,1197,200,164,146,111,100,83,65,57,44,36,33,31,29,26,23,42,4884,0,3884,485,485,28,0,199,0,105,280,1,2
501,0,1,1,Jewish,767,1766,129,120,107,91,102,111,104,103,92,91,79,74,84,98,113,261,371,0,104,173,69,23,0,167,0,0,696,1,2
502,0,1,1,Jewish,520,1197,87,81,72,61,69,75,70,70,62,61,54,50,57,66,77,177,390,0,149,149,74,16,0,114,0,0,472,1,2
503,0,1,1,Jewish,859,1976,145,134,119,101,114,125,116,115,103,102,89,83,94,109,127,293,643,0,269,161,107,105,0,735,0,0,779,1,2
504,0,1,1,Jewish,234,538,39,36,32,27,31,34,31,31,28,27,24,22,25,29,34,79,195,0,18,75,94,7,0,51,0,0,212,1,2
505,0,1,1,Jewish,1014,2333,171,158,141,120,135,147,137,136,122,120,105,98,111,129,150,345,234,0,81,81,40,31,0,220,0,0,920,1,2
506,0,1,1,Jewish,519,1193,87,81,72,61,69,75,70,69,62,61,53,50,57,66,76,177,455,0,126,126,63,138,0,970,0,0,470,1,2
507,0,1,1,Jewish,573,1317,96,89,79,67,76,83,77,77,68,68,59,55,63,73,84,195,245,0,68,91,68,18,0,126,0,0,519,1,2
508,0,1,1,Jewish,808,3961,398,344,297,251,277,291,270,251,210,201,186,187,194,188,162,246,290,0,89,67,67,67,0,460,0,182,1656,1,2
509,0,1,1,Jewish,422,764,44,41,36,138,82,43,35,35,31,31,27,25,28,33,38,89,348,0,36,48,36,226,0,1495,0,396,238,1,2
510,0,1,1,Jewish,107,248,18,16,15,12,14,15,14,14,12,12,11,10,11,13,15,36,1624,0,704,563,140,215,0,23,846,0,97,1,2
511,0,1,1,Jewish,1337,3076,225,209,186,158,178,195,181,180,160,159,138,130,147,171,197,456,622,0,232,232,116,41,0,292,0,0,1213,1,2
601,0,1,1,Jewish,0,0,0,0,0,0,0,0,0,0,0,0,0,0,0,0,0,0,0,0,0,0,0,0,0,0,0,0,0,1,2
602,0,1,1,Jewish,0,0,0,0,0,0,0,0,0,0,0,0,0,0,0,0,0,0,3883,0,0,2718,1165,0,0,0,0,0,0,1,2
603,0,1,1,Jewish,0,0,0,0,0,0,0,0,0,0,0,0,0,0,0,0,0,0,787,0,0,393,393,0,0,0,0,0,0,1,2
604,0,1,1,Jewish,0,0,0,0,0,0,0,0,0,0,0,0,0,0,0,0,0,0,415,0,41,62,311,0,0,0,0,0,0,1,2
605,0,1,1,Jewish,768,1767,129,120,107,91,102,112,104,103,92,91,79,74,84,98,113,262,1257,0,61,30,61,1103,0,170,483,0,697,1,2
606,0,1,1,Jewish,396,594,0,0,0,0,356,237,0,0,0,0,0,0,0,0,0,0,0,0,0,0,0,0,0,0,0,0,257,1,2
607,0,1,1,Jewish,0,0,0,0,0,0,0,0,0,0,0,0,0,0,0,0,0,0,989,0,49,692,247,0,0,0,0,0,0,1,2
608,0,1,1,Jewish,34,105,10,9,7,6,7,7,7,6,5,5,4,4,5,5,4,6,3061,0,30,431,154,2444,0,2631,7154,0,44,1,2
609,0,1,1,Jewish,0,0,0,0,0,0,0,0,0,0,0,0,0,0,0,0,0,0,6341,0,317,4439,1585,0,0,0,0,0,0,1,2
610,0,1,1,Jewish,0,0,0,0,0,0,0,0,0,0,0,0,0,0,0,0,0,0,3373,0,337,2361,674,0,0,0,0,0,0,1,2
611,0,1,1,Jewish,0,0,0,0,0,0,0,0,0,0,0,0,0,0,0,0,0,0,1392,0,417,835,139,0,0,0,0,0,0,1,2
701,0,1,1,Jewish,500,2100,207,251,236,180,136,94,116,147,157,156,121,81,61,56,43,50,2885,0,285,2281,285,33,0,237,0,0,859,1,2
702,0,1,1,Jewish,1057,3699,372,321,278,235,258,272,253,235,196,188,174,175,181,175,151,229,9852,0,1958,4896,2938,58,0,412,0,0,1546,1,2
703,0,1,1,Jewish,0,0,0,0,0,0,0,0,0,0,0,0,0,0,0,0,0,0,4745,0,1898,2135,711,0,0,0,0,0,0,1,2
704,0,1,1,Jewish,0,0,0,0,0,0,0,0,0,0,0,0,0,0,0,0,0,0,2339,0,350,1637,350,0,0,0,0,0,0,1,2
705,0,1,1,Jewish,0,0,0,0,0,0,0,0,0,0,0,0,0,0,0,0,0,0,930,0,744,186,0,0,0,0,0,0,0,1,2
706,0,1,1,Jewish,0,0,0,0,0,0,0,0,0,0,0,0,0,0,0,0,0,0,2997,0,2098,899,0,0,0,0,0,0,0,1,2
707,0,1,1,U_Orthodox,67,371,48,37,41,42,46,29,16,12,10,12,14,14,14,11,7,11,2002,0,791,791,395,23,0,165,0,39,95,1,2
708,0,1,1,Jewish,0,0,0,0,0,0,0,0,0,0,0,0,0,0,0,0,0,0,2017,0,1008,1008,0,0,0,0,0,0,0,1,2
801,0,1,1,Jewish,1047,3638,365,315,272,238,256,266,248,230,192,184,171,171,177,172,148,225,76,0,0,0,0,76,0,421,0,914,1516,1,2
802,0,1,1,Jewish,706,2113,198,171,148,220,180,149,134,125,104,100,92,93,96,93,80,122,49,0,0,0,0,49,0,229,0,534,823,1,2
803,0,1,1,U_Orthodox,298,1342,225,184,164,124,112,93,73,64,49,40,37,35,33,29,26,47,31,0,0,0,0,31,0,220,0,118,314,1,2
804,0,1,1,Jewish,185,427,31,29,25,22,24,27,25,25,22,22,19,18,20,23,27,63,165,0,0,0,0,165,0,40,792,0,168,1,2
805,0,1,1,U_Orthodox,376,1842,238,186,203,211,231,146,80,64,54,59,69,72,72,54,38,56,308,0,102,102,51,53,0,317,0,197,471,1,2
806,0,1,1,Jewish,807,1831,184,159,137,116,128,134,125,116,97,93,86,86,89,86,75,113,395,0,0,0,0,395,0,424,254,0,765,1,2
807,0,1,1,Jewish,584,1364,137,118,102,86,95,100,93,86,72,69,64,64,66,64,55,84,22,0,0,0,0,22,0,154,0,0,570,1,2
808,0,1,1,Jewish,946,2064,207,179,155,131,144,151,141,131,109,104,97,97,101,98,84,128,39,0,0,0,0,39,0,276,0,0,862,1,2
809,0,1,1,Jewish,560,1963,197,170,147,124,137,144,134,124,104,99,92,93,96,93,80,122,1596,0,782,469,313,31,0,208,0,36,820,1,2
810,0,1,1,Jewish,963,3371,339,293,253,214,235,247,230,214,179,171,159,159,165,160,138,209,2269,0,1770,221,221,56,0,396,0,0,1409,1,2
901,0,1,1,U_Orthodox,1188,5348,897,734,656,497,448,373,293,257,197,161,147,139,132,116,104,190,642,0,29,17,11,582,0,2479,1378,471,1253,1,2
902,0,1,1,U_Orthodox,419,1889,317,259,231,175,158,131,103,90,69,57,52,49,46,41,36,67,2754,0,1616,538,538,59,0,348,0,230,442,1,2
903,0,1,1,U_Orthodox,1713,5601,839,686,613,864,602,368,274,240,184,150,137,130,123,108,97,178,5151,0,3163,973,729,285,0,1709,0,1058,1270,1,2
904,0,1,1,U_Orthodox,419,2726,423,374,385,328,322,171,100,84,105,140,97,66,49,32,23,21,2113,0,619,1135,309,49,0,336,0,263,621,1,2
905,0,1,1,U_Orthodox,614,1950,220,173,188,357,288,144,74,59,50,55,64,67,67,50,35,51,440,0,20,27,20,370,0,2339,137,291,477,1,2
906,0,1,1,U_Orthodox,751,3343,559,457,408,317,282,232,182,160,122,100,91,86,82,72,65,118,377,0,126,50,75,124,0,787,0,947,782,1,2
907,0,1,1,U_Orthodox,981,4214,697,570,510,425,367,289,228,200,153,125,114,108,102,90,81,148,589,0,200,66,66,254,0,1540,0,1489,982,1,2
908,0,1,1,U_Orthodox,888,3998,671,549,490,371,335,278,219,192,147,120,110,104,98,86,78,142,442,0,187,62,62,130,0,889,0,352,936,1,2
1001,0,1,1,Jewish,0,0,0,0,0,0,0,0,0,0,0,0,0,0,0,0,0,0,3400,0,170,510,2720,0,0,0,0,0,0,1,2
1002,0,1,1,Jewish,0,0,0,0,0,0,0,0,0,0,0,0,0,0,0,0,0,0,3306,0,0,0,0,3306,0,0,16334,0,0,1,2
1003,0,1,1,Jewish,0,0,0,0,0,0,0,0,0,0,0,0,0,0,0,0,0,0,0,0,0,0,0,0,0,0,0,0,0,1,2
1004,0,1,1,Jewish,2699,4476,36,43,55,61,2336,1561,32,26,32,44,52,53,49,36,22,30,49,0,3,25,7,12,0,87,0,0,1952,1,2
1101,0,1,1,Arab,2169,8914,1170,1080,900,810,810,810,720,540,360,360,360,270,270,180,90,180,1047,130,260,130,130,396,0,2775,0,0,2094,1,2
1102,0,1,1,Arab,844,3473,456,421,350,315,315,315,280,210,140,140,140,105,105,70,35,70,381,50,76,101,25,128,0,897,0,0,816,1,2
1103,0,1,1,Arab,1148,4720,619,572,476,429,429,429,381,286,190,190,190,143,143,95,47,95,521,68,137,68,68,177,0,1240,0,0,1109,1,2
1104,0,1,1,Arab,1518,6221,816,754,628,565,565,565,502,377,251,251,251,188,188,125,62,125,664,91,182,91,91,208,0,1460,0,0,1461,1,2
1201,0,1,1,Arab,3719,15344,1805,1654,1504,1353,1353,1353,1203,902,752,601,752,601,451,451,300,300,1811,111,557,223,223,696,0,4872,0,0,3725,1,2
1202,0,1,1,Arab,814,3362,395,362,329,296,296,296,263,197,164,131,164,131,98,98,65,65,310,24,146,36,36,66,0,464,0,0,816,1,2
1203,0,1,1,Arab,627,2592,304,279,254,228,228,228,203,152,127,101,127,101,76,76,50,50,294,18,113,28,28,106,0,745,0,0,629,1,2
1204,0,1,1,Arab,1490,6151,723,663,603,542,542,542,482,361,301,241,301,241,180,180,120,120,728,44,268,67,67,281,0,1967,0,0,1493,1,2
1205,0,1,1,Arab,0,0,0,0,0,0,0,0,0,0,0,0,0,0,0,0,0,0,0,0,0,0,0,0,0,0,0,0,0,1,2
1206,0,1,1,Arab,1700,7017,825,756,687,619,619,619,550,412,343,275,343,275,206,206,137,137,1961,171,684,342,513,251,0,1759,0,0,1704,1,2
1207,0,1,1,Arab,0,0,0,0,0,0,0,0,0,0,0,0,0,0,0,0,0,0,0,0,0,0,0,0,0,0,0,0,0,1,2
1301,0,1,1,Arab,912,4106,460,419,377,335,335,335,293,293,251,209,167,167,125,125,83,125,91,0,0,0,0,91,0,638,0,0,1025,1,2
1302,0,1,1,Arab,689,3101,348,316,284,253,253,253,221,221,189,158,126,126,94,94,63,94,149,0,0,0,0,149,0,1032,0,27,774,1,2
1303,0,1,1,Arab,495,2231,250,227,204,182,182,182,159,159,136,113,91,91,68,68,45,68,691,91,182,121,213,81,0,571,0,0,556,1,2
1304,0,1,1,Arab,674,3035,340,309,278,247,247,247,216,216,185,154,123,123,92,92,61,92,616,0,252,84,84,196,0,1365,0,93,757,1,2
1305,0,1,1,Arab,0,0,0,0,0,0,0,0,0,0,0,0,0,0,0,0,0,0,600,0,60,120,420,0,0,0,0,0,0,1,2
1306,0,1,1,Arab,599,2695,302,275,247,220,220,220,192,192,165,137,110,110,82,82,55,82,289,24,144,48,24,49,0,346,0,0,672,1,2
1401,0,1,1,Jewish,1316,3026,222,205,183,156,175,191,178,177,158,156,136,128,144,168,194,448,334,0,184,52,26,70,0,495,0,0,1193,1,2
1402,0,1,1,Jewish,932,3263,328,283,245,207,228,239,223,207,173,165,153,154,159,154,133,202,227,0,111,37,37,40,0,286,0,0,1364,1,2
1403,0,1,1,Jewish,299,1139,59,70,89,100,118,85,52,43,52,71,85,86,80,58,36,48,113,0,35,11,11,53,0,371,0,0,520,1,2
1404,0,1,1,Jewish,254,965,50,59,75,84,100,72,44,36,44,60,72,73,67,49,30,41,227,0,168,21,21,16,0,117,0,0,440,1,2
1405,0,1,1,Jewish,0,0,0,0,0,0,0,0,0,0,0,0,0,0,0,0,0,0,2750,0,0,2200,550,0,0,0,0,0,0,1,2
2001,0,1,1,Jewish,235,825,83,71,62,52,57,60,56,52,43,41,38,39,40,39,33,51,55,0,23,23,0,8,0,58,0,0,344,1,2
2101,0,1,1,Arab,1353,7049,925,854,783,640,640,640,569,427,356,284,284,213,142,142,71,71,772,0,223,101,81,366,0,2564,0,0,1655,1,2
2102,0,1,1,Arab,1790,8055,966,886,805,724,724,724,563,483,402,402,322,322,241,161,161,161,893,0,295,134,107,356,0,2497,0,0,1954,1,2
2103,0,1,1,Arab,1328,5925,711,651,592,533,533,533,414,355,296,296,237,237,177,118,118,118,522,0,219,99,79,124,0,870,0,0,1437,1,2
2201,0,1,1,Arab,1857,7546,924,847,770,693,693,616,539,462,385,385,308,231,231,154,154,154,955,0,306,139,111,398,0,2787,0,0,1791,1,2
2202,0,1,1,Arab,1864,7639,935,857,779,701,701,623,545,467,389,389,311,233,233,155,155,155,793,0,307,139,111,233,0,1636,0,0,1813,1,2
2203,0,1,1,Arab,1590,6514,797,731,664,598,598,531,465,398,332,332,265,199,199,132,132,132,609,0,262,119,95,132,0,929,0,0,1546,1,2
2301,0,1,1,Arab,1825,7640,907,832,756,680,680,680,605,529,378,302,302,302,226,151,151,151,772,0,301,136,109,224,0,1574,0,0,1872,1,2
2302,0,1,1,Arab,1026,4303,511,468,426,383,383,383,340,298,213,170,170,170,127,85,85,85,397,15,169,61,61,89,0,629,0,0,1054,1,2
2303,0,1,1,Arab,3041,12731,1512,1386,1260,1134,1134,1134,1008,882,630,504,504,504,378,252,252,252,1177,45,501,182,182,265,0,1856,0,0,3121,1,2
2401,0,1,1,Arab,1646,8592,1128,1041,954,781,781,781,694,520,433,347,347,260,173,173,86,86,723,24,271,98,98,229,0,1605,0,0,2017,1,2
2402,0,1,1,Arab,1326,6857,900,831,761,623,623,623,554,415,346,277,277,207,138,138,69,69,540,19,218,79,79,142,0,996,0,0,1610,1,2
2403,0,1,1,Arab,1687,8812,1157,1068,979,801,801,801,712,534,445,356,356,267,178,178,89,89,781,25,278,101,101,274,0,1924,0,0,2069,1,2
2404,0,1,1,Arab,1082,4801,624,576,528,480,432,432,384,288,240,192,192,144,96,96,48,48,622,16,178,64,64,297,0,2082,0,0,1124,1,2
2501,0,1,1,Arab,2706,12001,1560,1440,1320,1200,1080,1080,960,720,600,480,480,360,240,240,120,120,1066,40,446,162,162,254,0,1780,0,0,2809,1,2
2502,0,1,1,Arab,0,0,0,0,0,0,0,0,0,0,0,0,0,0,0,0,0,0,0,0,0,0,0,0,0,0,0,0,0,1,2
2504,0,1,1,Arab,1381,5667,693,636,578,520,462,462,462,404,289,231,231,231,173,115,57,115,811,20,227,82,82,396,0,2777,0,0,1393,1,2
2505,0,1,1,Arab,1470,6514,846,781,716,651,586,586,521,390,325,260,260,195,130,130,65,65,1099,22,242,88,88,658,0,4611,0,0,1524,1,2
3001,0,1,1,Jewish,107,246,18,16,14,12,14,15,14,14,12,12,11,10,11,13,15,36,2294,113,682,1252,227,18,0,128,0,0,97,1,2
3002,0,1,1,Jewish,435,1524,153,132,114,96,106,112,104,96,81,77,71,72,74,72,62,94,2048,202,606,1010,202,26,0,183,0,0,637,1,2
3003,0,1,1,Jewish,897,3562,346,418,393,344,248,157,193,245,262,261,203,135,103,93,72,84,3719,366,1467,1467,366,51,0,317,0,218,1432,1,2
3004,0,1,1,Jewish,461,797,23,27,35,267,150,45,20,17,21,28,34,34,31,23,14,19,3984,989,989,1583,395,26,0,56,0,424,207,1,2
3005,0,1,1,Jewish,0,0,0,0,0,0,0,0,0,0,0,0,0,0,0,0,0,0,2054,84,509,1019,84,354,0,0,5269,0,0,1,2
3006,0,1,1,Jewish,0,0,0,0,0,0,0,0,0,0,0,0,0,0,0,0,0,0,2212,0,659,1318,219,14,0,0,89,0,0,1,2
3101,0,1,1,Jewish,2349,5079,354,328,292,413,355,314,284,283,252,249,218,204,231,268,310,716,85,0,0,0,0,85,0,506,0,253,1905,1,2
3102,0,1,1,Jewish,915,3843,380,459,431,330,249,172,212,269,288,287,223,148,113,103,79,93,224,0,91,45,45,41,0,288,0,0,1573,1,2
3103,0,1,1,Jewish,234,818,82,71,61,52,57,60,55,52,43,41,38,38,40,38,33,50,324,0,153,107,46,17,0,124,0,0,342,1,2
3104,0,1,1,Jewish,1222,3499,352,304,263,222,244,257,239,222,186,177,165,165,171,166,143,217,301,0,122,85,36,57,0,401,0,589,1463,1,2
3105,0,1,1,Jewish,393,1126,113,97,84,71,78,82,77,71,59,57,53,53,55,53,46,69,30,0,0,0,0,30,0,215,0,0,470,1,2
3106,0,1,1,Jewish,374,1031,103,89,77,65,72,75,70,65,54,52,48,48,50,48,42,64,826,0,404,283,121,17,0,120,0,0,431,1,2
3107,0,1,1,Jewish,444,1223,123,106,91,77,85,89,83,77,65,62,57,57,59,58,50,76,19,0,0,0,0,19,0,139,0,0,511,1,2
3108,0,1,1,Jewish,524,1445,145,125,108,91,101,106,98,91,76,73,68,68,70,68,59,89,1275,0,587,410,176,101,0,708,0,0,604,1,2
3109,0,1,1,Jewish,558,1284,94,87,77,66,74,81,75,75,67,66,57,54,61,71,82,190,72,0,0,0,0,72,0,510,0,0,506,1,2
3110,0,1,1,Jewish,294,676,49,46,41,34,39,42,39,39,35,34,30,28,32,37,43,100,68,0,11,23,23,9,0,64,0,0,266,1,2
3111,0,1,1,Jewish,494,1137,83,77,68,58,65,72,67,66,59,58,51,48,54,63,73,168,114,0,69,9,19,15,0,109,0,0,448,1,2
3112,0,1,1,Jewish,1679,3862,283,262,234,199,223,244,227,226,201,199,174,163,184,214,248,572,558,0,126,126,252,52,0,366,0,0,1523,1,2
3113,0,1,1,Jewish,0,0,0,0,0,0,0,0,0,0,0,0,0,0,0,0,0,0,0,0,0,0,0,0,0,0,0,0,0,1,2
3201,0,1,1,Jewish,814,3160,318,274,237,200,221,232,216,201,168,160,149,149,154,150,129,196,251,0,81,48,32,88,0,617,0,0,1321,1,2
3202,0,1,1,Jewish,1406,3233,237,219,195,166,187,204,190,189,169,167,146,136,154,179,208,479,325,0,140,70,70,44,0,311,0,0,1275,1,2
3203,0,1,1,Jewish,775,2665,268,231,200,169,186,196,182,169,141,135,125,126,130,126,109,165,199,0,77,38,38,44,0,313,0,0,1114,1,2
3204,0,1,1,Jewish,824,2958,297,257,222,188,206,217,202,188,157,150,139,140,144,140,121,183,299,0,82,41,41,134,0,942,0,0,1236,1,2
3205,0,1,1,Jewish,497,1911,192,166,143,121,133,140,130,121,101,97,90,90,93,90,78,118,155,0,64,19,14,56,0,392,0,0,799,1,2
3206,0,1,1,Jewish,277,638,46,43,38,32,36,40,37,37,33,33,28,27,30,35,41,94,95,0,38,5,11,39,0,58,205,0,251,1,2
3207,0,1,1,Jewish,647,2488,250,216,187,158,174,183,170,158,132,126,117,117,121,118,101,154,173,0,64,25,38,43,0,293,0,82,1040,1,2
3301,0,1,1,Jewish,1830,5580,487,588,553,855,536,231,271,344,368,367,285,190,145,132,102,119,435,0,117,58,58,201,0,1087,0,1270,2015,1,2
3302,0,1,1,Jewish,1346,5654,559,676,635,486,366,254,312,396,423,422,328,218,166,151,117,137,455,0,134,67,67,186,0,1303,0,0,2315,1,2
3303,0,1,1,Jewish,1453,6106,604,730,686,525,396,274,337,427,457,456,354,236,180,163,126,148,459,0,145,72,72,168,0,1180,0,0,2499,1,2
3304,0,1,1,Jewish,1231,5172,512,618,581,445,335,232,285,362,387,386,300,199,152,138,107,125,487,0,123,49,73,241,0,1677,0,37,2117,1,2
3305,0,1,1,Jewish,767,3222,319,385,362,277,209,144,178,225,241,240,187,124,95,86,66,78,232,0,107,15,30,78,0,549,0,0,1319,1,2
3306,0,1,1,Jewish,0,0,0,0,0,0,0,0,0,0,0,0,0,0,0,0,0,0,0,0,0,0,0,0,0,0,0,0,0,1,2
3307,0,1,1,Arab,0,0,0,0,0,0,0,0,0,0,0,0,0,0,0,0,0,0,0,0,0,0,0,0,0,0,0,0,0,1,2
3308,0,1,1,Jewish,696,2924,289,349,328,251,189,131,161,204,219,218,169,113,86,78,60,70,170,0,97,13,27,31,0,219,0,0,1197,1,2
3309,0,1,1,Jewish,0,0,0,0,0,0,0,0,0,0,0,0,0,0,0,0,0,0,0,0,0,0,0,0,0,0,0,0,0,1,2
3310,0,1,1,Jewish,0,0,0,0,0,0,0,0,0,0,0,0,0,0,0,0,0,0,0,0,0,0,0,0,0,0,0,0,0,1,2
3401,0,1,1,Jewish,1183,3997,402,347,300,254,279,293,273,254,212,203,188,189,195,189,163,248,356,0,118,70,47,119,0,826,0,123,1671,1,2
3402,0,1,1,Jewish,791,2915,293,253,219,185,203,214,199,185,155,148,137,138,142,138,119,181,727,0,203,339,135,49,0,343,0,0,1219,1,2
3403,0,1,1,Jewish,868,3200,322,278,240,203,223,235,218,203,170,162,150,151,156,151,131,198,244,0,86,43,43,71,0,497,0,93,1337,1,2
3404,0,1,1,Jewish,234,974,98,84,73,61,68,71,66,62,51,49,45,46,47,46,39,60,63,0,23,9,14,16,0,115,0,0,407,1,2
3405,0,1,1,Jewish,1309,5435,547,472,408,345,380,399,371,345,289,276,256,257,266,258,222,337,410,0,130,52,78,148,0,1042,0,0,2272,1,2
3501,0,1,1,Jewish,832,3194,321,277,240,203,223,234,218,203,169,162,150,151,156,151,130,198,227,0,91,41,33,60,0,426,0,0,1335,1,2
3502,0,1,1,Jewish,749,2447,246,212,183,155,171,179,167,155,130,124,115,115,119,116,100,152,208,0,82,22,44,58,0,406,0,0,1023,1,2
3503,0,1,1,Jewish,462,1507,151,131,113,95,105,110,103,95,80,76,71,71,73,71,61,93,120,0,50,23,18,28,0,177,0,65,630,1,2
3504,0,1,1,Jewish,0,0,0,0,0,0,0,0,0,0,0,0,0,0,0,0,0,0,0,0,0,0,0,0,0,0,0,0,0,1,2
3505,0,1,1,Jewish,564,1726,173,150,129,109,120,126,118,109,91,87,81,81,84,82,70,107,141,0,79,11,22,28,0,201,0,0,722,1,2
3506,0,1,1,Jewish,932,2971,299,258,223,188,207,218,203,189,158,151,140,140,145,141,121,184,280,0,74,74,37,93,0,656,0,0,1242,1,2
3507,0,1,1,Jewish,635,2170,218,188,163,137,151,159,148,138,115,110,102,102,106,103,88,134,163,0,50,50,25,36,0,255,0,0,907,1,2
3508,0,1,1,Jewish,934,3083,305,264,228,224,225,224,207,193,161,154,143,143,148,144,124,188,262,0,97,44,35,85,0,550,0,200,1269,1,2
3509,0,1,1,Jewish,800,3361,332,401,377,289,218,151,185,235,252,251,195,129,99,90,69,81,242,0,112,16,32,81,0,573,0,0,1376,1,2
3601,0,1,1,Arab,170,660,71,65,58,52,52,58,52,45,32,26,32,32,26,19,13,19,12,0,0,0,0,12,0,84,0,0,169,1,2
3602,0,1,1,Arab,955,3712,404,367,330,294,294,330,294,257,183,147,183,183,147,110,73,110,247,0,0,0,0,247,0,1732,0,0,953,1,2
3603,0,1,1,Arab,506,1973,214,195,175,156,156,175,156,136,97,78,97,97,78,58,39,58,307,0,91,30,30,155,0,1087,0,0,506,1,2
3604,0,1,1,Arab,719,2797,304,276,249,221,221,249,221,193,138,110,138,138,110,83,55,83,266,21,129,21,43,50,0,355,0,0,718,1,2
3605,0,1,1,Arab,453,1763,192,174,157,139,139,157,139,122,87,69,87,87,69,52,34,52,193,0,88,20,27,56,0,398,0,0,453,1,2
3606,0,1,1,Arab,674,2626,286,260,234,208,208,234,208,182,130,104,130,130,104,78,52,78,299,0,121,40,40,97,0,680,0,0,674,1,2
3607,0,1,1,Arab,0,0,0,0,0,0,0,0,0,0,0,0,0,0,0,0,0,0,0,0,0,0,0,0,0,0,0,0,0,1,2
3608,0,1,0,Palestinian,0,1232,0,0,0,0,0,0,0,0,0,0,0,0,0,0,0,0,0,0,0,0,0,0,0,0,0,0,0,1,0
3609,0,1,1,Arab,308,1202,130,119,107,95,95,107,95,83,59,47,59,59,47,35,23,35,114,4,55,9,23,21,0,151,0,0,308,1,2
3610,0,1,1,Arab,526,2048,223,202,182,162,162,182,162,141,101,81,101,101,81,60,40,60,194,15,94,15,31,37,0,259,0,0,526,1,2
3701,0,1,1,Jewish,1826,5234,499,431,373,496,429,373,339,315,263,252,234,235,243,235,203,308,422,0,171,77,62,111,0,595,0,699,2074,1,2
3702,0,1,1,Jewish,833,3118,314,271,234,198,218,229,213,198,165,158,147,147,152,148,127,193,259,0,83,33,49,92,0,647,0,0,1303,1,2
3703,0,1,1,Jewish,810,3032,305,263,227,192,212,222,207,192,161,154,143,143,148,144,124,188,47,0,0,0,0,47,0,334,0,0,1267,1,2
3704,0,1,1,Jewish,635,1775,178,154,133,112,124,130,121,112,94,90,83,84,86,84,72,110,280,0,0,0,0,280,0,1962,0,0,742,1,2
3705,0,1,1,Jewish,689,2763,278,240,207,175,193,203,189,175,146,140,130,130,135,131,113,171,250,0,89,27,20,112,0,789,0,166,1155,1,2
3706,0,1,1,Jewish,848,2369,238,206,178,150,165,174,162,150,126,120,111,112,116,112,97,147,206,0,110,33,25,37,0,261,0,0,990,1,2
3707,0,1,1,Jewish,724,2117,212,183,158,142,150,154,144,133,112,107,99,99,103,100,86,130,178,0,85,21,35,35,0,239,0,90,880,1,2
3708,0,1,1,Jewish,704,2082,209,181,156,132,145,153,142,132,110,105,98,98,102,98,85,129,245,0,77,35,28,104,0,730,0,0,870,1,2
3709,0,1,1,Jewish,257,964,97,83,72,61,67,70,65,61,51,48,45,45,47,45,39,59,16,0,0,0,0,16,0,113,0,0,403,1,2
3801,0,1,1,Jewish,886,2039,149,138,123,105,118,129,120,119,106,105,92,86,97,113,131,302,204,0,115,26,35,27,0,193,0,0,804,1,2
3802,0,1,1,Jewish,1112,2557,187,173,155,131,148,162,150,149,133,132,115,108,122,142,164,379,303,0,88,66,66,81,0,569,0,0,1008,1,2
3803,0,1,1,Jewish,510,1174,86,79,71,60,68,74,69,68,61,60,53,49,56,65,75,174,205,0,30,30,40,102,0,720,0,0,463,1,2
3804,0,1,1,Jewish,1329,3058,224,207,185,157,177,193,180,179,159,158,138,129,146,170,196,453,344,0,146,66,53,78,0,546,0,0,1205,1,2
3805,0,1,1,Jewish,684,1573,115,106,95,81,91,99,92,92,82,81,71,66,75,87,101,233,199,0,41,41,54,62,0,439,0,0,620,1,2
3806,0,1,1,Jewish,464,1373,138,119,103,87,96,100,93,87,73,69,64,65,67,65,56,85,110,0,51,23,18,17,0,121,0,0,574,1,2
3807,0,1,1,Jewish,847,1948,143,132,118,100,112,123,114,114,101,100,87,82,93,108,125,288,263,0,76,33,59,93,0,655,0,0,768,1,2
3808,0,1,1,Jewish,721,1660,121,112,100,85,96,105,97,97,86,85,74,70,79,92,106,246,166,0,72,28,43,21,0,152,0,0,654,1,2
3809,0,1,1,Jewish,907,2088,153,141,126,107,120,132,123,122,109,107,94,88,99,116,134,309,209,0,99,45,36,28,0,198,0,0,823,1,2
3901,0,1,1,Jewish,391,899,66,61,54,46,52,57,53,52,47,46,40,38,43,50,57,133,1620,0,1125,321,160,12,0,85,0,0,354,1,2
3902,0,1,1,Jewish,58,243,24,29,27,20,15,10,13,17,18,18,14,9,7,6,5,5,302,0,150,120,30,2,0,18,0,0,99,1,2
3903,0,1,1,Jewish,686,1936,194,168,145,123,135,142,132,123,103,98,91,91,94,91,79,120,32,0,0,0,0,32,0,225,0,0,809,1,2
3904,0,1,1,Jewish,77,323,32,38,36,27,20,14,17,22,24,24,18,12,9,8,6,7,3,0,0,0,0,3,0,24,0,0,132,1,2
3905,0,1,1,Jewish,519,1193,87,81,72,61,69,75,70,69,62,61,53,50,57,66,76,177,119,0,62,20,20,15,0,108,0,174,470,1,2
3906,0,1,1,Jewish,880,2080,196,169,146,124,212,194,133,124,103,99,92,92,95,92,80,121,213,0,0,0,0,213,0,419,988,0,871,1,2
3907,0,1,1,Jewish,680,1670,168,145,125,106,116,122,114,106,88,84,78,79,81,79,68,103,151,0,0,0,0,151,0,1057,0,0,698,1,2
3908,0,1,1,Jewish,961,2898,291,251,217,184,202,213,198,184,154,147,136,137,142,137,118,180,2935,0,1564,710,568,91,0,642,0,0,1211,1,2
3909,0,1,1,Jewish,745,1715,125,116,103,88,99,108,101,100,89,88,77,72,82,95,110,254,176,0,89,29,29,27,0,192,0,0,676,1,2
3910,0,1,1,Jewish,1180,2714,199,184,164,140,157,172,160,159,141,140,122,114,129,150,174,402,272,0,118,47,70,36,0,253,0,0,1070,1,2
3911,0,1,1,Jewish,1230,2679,188,174,155,209,183,165,151,150,134,132,115,108,122,142,164,380,205,0,0,0,0,205,0,271,1209,541,1011,1,2
3912,0,1,1,Jewish,502,1156,84,78,70,59,66,73,68,67,60,59,52,48,55,64,74,171,1785,0,964,321,321,177,0,1245,0,0,456,1,2
3913,0,1,1,Jewish,468,1076,79,73,65,55,62,68,63,63,56,55,48,45,51,59,69,159,113,0,0,0,0,113,0,792,0,0,424,1,2
4001,0,1,1,U_Orthodox,878,3954,663,543,485,367,331,275,217,190,145,119,109,103,97,86,77,141,385,0,171,52,39,121,0,793,0,404,926,1,2
4002,0,1,1,U_Orthodox,1869,5465,605,474,516,1060,827,396,204,163,137,151,177,185,185,139,98,142,511,0,211,64,48,186,0,914,0,1816,1327,1,2
4003,0,1,1,U_Orthodox,492,1975,255,200,218,226,248,157,86,68,58,63,75,78,78,58,41,60,196,0,66,36,44,48,0,328,0,211,505,1,2
4004,0,1,1,U_Orthodox,0,0,0,0,0,0,0,0,0,0,0,0,0,0,0,0,0,0,72,0,0,0,0,72,0,504,0,633,0,1,2
4005,0,1,1,U_Orthodox,1363,2614,199,156,170,890,519,155,67,53,45,49,58,60,61,45,32,46,308,0,21,52,13,221,0,1111,0,1416,570,1,2
4006,0,1,1,Jewish,270,1136,112,135,127,97,73,51,62,79,85,84,65,43,33,30,23,27,481,0,5,27,21,427,0,2994,0,0,465,1,2
4007,0,1,1,U_Orthodox,325,1462,245,200,179,135,122,102,80,70,53,44,40,38,36,31,28,52,143,0,48,24,24,45,0,297,0,208,342,1,2
4008,0,1,1,Jewish,0,0,0,0,0,0,0,0,0,0,0,0,0,0,0,0,0,0,0,0,0,0,0,0,0,0,0,0,0,1,2
4009,0,1,1,Jewish,0,0,0,0,0,0,0,0,0,0,0,0,0,0,0,0,0,0,0,0,0,0,0,0,0,0,0,0,0,1,2
4010,0,1,1,U_Orthodox,1001,4505,756,618,553,418,378,314,247,216,166,136,124,117,111,98,87,160,418,0,180,60,60,118,0,828,0,396,1055,1,2
4011,0,1,1,U_Orthodox,1740,3334,276,216,235,1042,632,207,93,74,62,69,81,84,84,63,44,65,508,0,105,32,24,346,0,1790,0,2688,743,1,2
4101,0,1,1,Jewish,3841,9361,717,866,814,2025,1111,398,400,507,543,541,420,280,213,194,150,175,747,0,172,68,103,402,0,2054,0,2181,2966,1,2
4102,0,1,1,Jewish,0,0,0,0,0,0,0,0,0,0,0,0,0,0,0,0,0,0,0,0,0,0,0,0,0,0,0,0,0,1,2
4103,0,1,1,Jewish,804,1099,0,0,0,143,596,360,0,0,0,0,0,0,0,0,0,0,882,0,0,0,0,882,0,893,6539,1043,382,1,2
4104,0,1,1,U_Orthodox,657,2842,367,288,313,326,357,226,124,99,83,91,107,112,112,84,59,86,280,0,39,59,98,83,0,583,0,305,727,1,2
4105,0,1,1,Jewish,0,0,0,0,0,0,0,0,0,0,0,0,0,0,0,0,0,0,4500,0,450,1350,2700,0,0,0,0,0,0,1,2
4201,0,1,1,Jewish,1445,4004,403,348,301,254,280,294,273,254,213,203,188,189,196,190,164,248,383,0,115,86,86,93,0,646,0,46,1674,1,2
4202,0,1,1,Jewish,1327,3354,337,291,252,213,234,246,229,213,178,170,158,158,164,159,137,208,380,0,106,79,79,114,0,804,0,0,1402,1,2
4301,0,1,1,Jewish,0,0,0,0,0,0,0,0,0,0,0,0,0,0,0,0,0,0,0,0,0,0,0,0,0,0,0,0,0,1,2
4302,0,1,1,Jewish,0,0,0,0,0,0,0,0,0,0,0,0,0,0,0,0,0,0,2095,0,523,1466,104,0,0,0,0,0,0,1,2
4303,0,1,1,Jewish,0,0,0,0,0,0,0,0,0,0,0,0,0,0,0,0,0,0,2773,0,798,1065,798,110,0,0,973,0,0,1,2
4304,0,1,1,Jewish,0,0,0,0,0,0,0,0,0,0,0,0,0,0,0,0,0,0,0,0,0,0,0,0,0,0,0,0,0,1,2
4305,0,1,1,Jewish,0,0,0,0,0,0,0,0,0,0,0,0,0,0,0,0,0,0,516,0,460,0,0,56,0,393,0,0,0,1,2
4306,0,1,1,Jewish,0,0,0,0,0,0,0,0,0,0,0,0,0,0,0,0,0,0,1561,0,390,1093,78,0,0,0,0,0,0,1,2
4307,0,1,1,Jewish,0,0,0,0,0,0,0,0,0,0,0,0,0,0,0,0,0,0,1735,0,520,694,520,0,0,0,0,0,0,1,2
4401,0,1,1,Jewish,688,2406,242,209,180,152,168,176,164,153,127,122,113,113,117,114,98,149,177,0,41,41,55,40,0,281,0,0,1006,1,2
4402,0,1,1,Jewish,2317,4983,188,222,284,1223,790,317,166,138,167,227,270,275,254,186,115,155,426,0,95,47,47,235,0,1154,0,1490,1651,1,2
4403,0,1,1,Jewish,906,3633,365,315,273,230,254,267,248,231,193,184,171,172,178,172,148,225,244,0,90,63,27,62,0,427,0,207,1519,1,2
4404,0,1,1,Jewish,552,1806,181,157,135,114,126,132,123,114,96,91,85,85,88,85,74,112,139,0,55,38,16,29,0,205,0,0,755,1,2
4405,0,1,1,Jewish,363,1189,119,103,89,75,83,87,81,75,63,60,56,56,58,56,48,73,92,0,21,36,14,19,0,137,0,0,497,1,2
4406,0,1,1,Jewish,1287,4891,254,300,384,430,508,367,224,186,226,307,365,372,344,251,156,209,397,0,102,102,51,140,0,982,0,157,2232,1,2
4407,0,1,1,Jewish,303,1151,60,70,90,101,119,86,52,43,53,72,86,87,81,59,36,49,20,0,0,0,0,20,0,142,0,0,525,1,2
4501,0,1,1,Jewish,1287,3543,293,354,332,641,368,152,163,207,221,221,171,114,87,79,61,71,242,0,70,28,42,101,0,501,0,602,1212,1,2
4502,0,1,1,Jewish,1576,6138,618,533,461,390,429,451,419,390,326,311,289,290,300,291,251,381,425,0,157,63,94,110,0,770,0,0,2566,1,2
4503,0,1,1,Jewish,1873,6556,660,569,492,416,458,482,448,417,348,333,309,310,321,311,268,407,497,0,262,56,56,122,0,859,0,0,2741,1,2
4504,0,1,1,Jewish,2767,7903,703,607,524,443,1040,881,477,444,371,354,329,330,342,331,286,434,550,0,258,86,86,120,0,817,0,62,3317,1,2
4505,0,1,1,Jewish,978,3990,401,346,299,253,279,293,272,253,212,202,188,189,195,189,163,248,262,0,78,39,78,66,0,466,0,0,1668,1,2
4506,0,1,1,Jewish,1092,3395,341,295,255,215,237,249,232,215,180,172,160,160,166,161,139,210,277,0,109,43,65,58,0,409,0,0,1419,1,2
4507,0,1,1,Jewish,693,2099,211,182,157,133,146,154,143,133,111,106,99,99,102,99,86,130,173,0,83,27,27,35,0,246,0,0,877,1,2
4508,0,1,1,Jewish,1528,6597,664,573,495,419,461,485,451,419,350,335,311,312,323,313,270,409,772,0,127,127,381,137,0,959,0,0,2758,1,2
4601,0,1,1,Jewish,1089,3255,327,283,244,206,227,239,222,207,173,165,153,154,159,154,133,202,278,0,130,32,54,60,0,426,0,0,1361,1,2
4602,0,1,1,Jewish,0,0,0,0,0,0,0,0,0,0,0,0,0,0,0,0,0,0,0,0,0,0,0,0,0,0,0,0,0,1,2
4603,0,1,1,Jewish,772,2935,152,180,230,258,305,220,134,112,135,184,219,223,206,151,93,125,205,0,108,15,30,51,0,358,0,0,1339,1,2
4604,0,1,1,Jewish,780,2255,227,196,169,143,157,165,154,143,119,114,106,106,110,107,92,140,193,0,78,31,46,37,0,263,0,0,943,1,2
4605,0,1,1,Jewish,1867,5739,571,493,426,405,416,418,388,360,301,288,267,268,277,269,232,352,538,0,180,72,108,178,0,1169,0,378,2371,1,2
4606,0,1,1,Jewish,0,0,0,0,0,0,0,0,0,0,0,0,0,0,0,0,0,0,121,0,0,22,88,11,0,77,0,0,0,1,2
4607,0,1,1,Jewish,542,2062,107,126,162,181,214,155,94,78,95,129,154,156,145,106,65,88,146,0,54,21,32,37,0,262,0,0,941,1,2
4608,0,1,1,Jewish,873,2656,267,230,199,168,185,195,181,168,141,134,125,125,130,126,108,165,232,0,122,17,34,57,0,404,0,0,1110,1,2
4611,0,1,1,Jewish,0,0,0,0,0,0,0,0,0,0,0,0,0,0,0,0,0,0,0,0,0,0,0,0,0,0,0,0,0,1,2
4612,0,1,1,Jewish,461,1752,91,107,137,154,182,131,80,66,81,110,131,133,123,90,55,75,152,0,46,23,23,60,0,423,0,0,799,1,2
4701,0,1,1,Jewish,360,1262,127,109,94,80,88,92,86,80,67,64,59,59,61,59,51,78,102,0,39,14,10,30,7,216,0,0,527,1,2
4702,0,1,1,Jewish,417,1462,147,127,109,92,102,107,100,93,77,74,69,69,71,69,59,90,119,0,45,16,12,35,8,249,0,0,611,1,2
4703,0,1,1,Jewish,0,0,0,0,0,0,0,0,0,0,0,0,0,0,0,0,0,0,0,0,0,0,0,0,0,0,0,0,0,1,2
4704,0,1,1,Jewish,0,0,0,0,0,0,0,0,0,0,0,0,0,0,0,0,0,0,69,0,34,17,17,0,0,0,0,0,0,1,2
4705,0,1,1,Jewish,0,0,0,0,0,0,0,0,0,0,0,0,0,0,0,0,0,0,0,0,0,0,0,0,0,0,0,0,0,1,2
4706,0,1,1,Jewish,0,0,0,0,0,0,0,0,0,0,0,0,0,0,0,0,0,0,0,0,0,0,0,0,0,0,0,0,0,1,2
4707,0,1,0,Jewish,0,0,0,0,0,0,0,0,0,0,0,0,0,0,0,0,0,0,0,0,0,0,0,0,0,0,0,0,0,1,2
4708,0,1,0,Jewish,0,0,0,0,0,0,0,0,0,0,0,0,0,0,0,0,0,0,0,0,0,0,0,0,0,0,0,0,0,1,2
4709,0,1,1,Jewish,237,831,83,72,62,52,58,61,56,52,44,42,39,39,40,39,34,51,67,0,26,9,7,20,4,141,0,0,347,1,2
4712,0,1,1,Jewish,0,0,0,0,0,0,0,0,0,0,0,0,0,0,0,0,0,0,0,0,0,0,0,0,0,0,0,0,0,1,2
4713,0,1,1,Jewish,0,0,0,0,0,0,0,0,0,0,0,0,0,0,0,0,0,0,0,0,0,0,0,0,0,0,0,0,0,1,2
4714,0,1,1,Jewish,0,0,0,0,0,0,0,0,0,0,0,0,0,0,0,0,0,0,1020,0,816,102,102,0,0,0,0,0,0,1,2
4715,0,1,1,Jewish,0,0,0,0,0,0,0,0,0,0,0,0,0,0,0,0,0,0,2615,0,261,2353,0,0,0,0,0,0,0,1,2
4716,0,1,1,Jewish,0,0,0,0,0,0,0,0,0,0,0,0,0,0,0,0,0,0,2267,0,66,332,929,938,0,0,5680,0,0,1,2
4717,0,1,1,Jewish,0,0,0,0,0,0,0,0,0,0,0,0,0,0,0,0,0,0,2262,0,226,452,1583,0,0,0,0,0,0,1,2
4718,0,1,1,Jewish,0,0,0,0,0,0,0,0,0,0,0,0,0,0,0,0,0,0,973,0,48,243,681,0,0,0,0,0,0,1,2
4801,0,1,0,Jewish,0,0,0,0,0,0,0,0,0,0,0,0,0,0,0,0,0,0,0,0,0,0,0,0,0,0,0,0,0,1,1
4802,0,1,1,Jewish,0,0,0,0,0,0,0,0,0,0,0,0,0,0,0,0,0,0,164,0,0,0,0,164,0,1153,0,0,0,1,2
4803,0,1,0,Jewish,0,0,0,0,0,0,0,0,0,0,0,0,0,0,0,0,0,0,0,0,0,0,0,0,0,0,0,0,0,1,2
4804,0,1,0,Jewish,0,0,0,0,0,0,0,0,0,0,0,0,0,0,0,0,0,0,0,0,0,0,0,0,0,0,0,0,0,1,1
4805,0,1,0,Jewish,0,0,0,0,0,0,0,0,0,0,0,0,0,0,0,0,0,0,0,0,0,0,0,0,0,0,0,0,0,1,2
4901,0,1,1,Jewish,759,2345,236,203,176,149,164,172,160,149,124,119,110,111,114,111,96,145,312,0,98,30,22,160,0,1124,0,0,980,1,2
4902,0,1,1,Jewish,1062,3262,328,283,245,207,228,239,223,207,173,165,153,154,159,154,133,202,270,0,85,63,63,58,0,406,0,0,1363,1,2
4903,0,1,1,Jewish,1657,3610,237,219,195,166,414,356,190,189,169,167,145,136,154,179,207,479,763,0,112,84,84,482,0,311,2278,0,1438,1,2
4904,0,1,1,Jewish,781,1797,132,122,108,92,104,113,106,105,94,92,81,76,86,99,115,266,181,0,109,15,31,24,0,173,0,0,708,1,2
4905,0,1,1,Jewish,1905,4383,321,298,265,226,253,277,258,256,229,226,197,185,209,243,281,649,482,0,190,76,114,101,0,711,0,0,1728,1,2
4906,0,1,1,Jewish,1455,4140,404,349,301,339,321,295,274,255,213,204,189,190,196,190,164,249,1316,0,172,53,39,1049,0,929,6049,375,1678,1,2
4907,0,1,1,Jewish,367,1541,152,184,173,132,99,69,85,108,115,115,89,59,45,41,32,37,109,0,29,29,14,36,0,254,0,0,631,1,2
5001,0,1,1,Jewish,0,0,0,0,0,0,0,0,0,0,0,0,0,0,0,0,0,0,12584,0,1255,10672,627,28,0,0,178,0,0,1,2
5002,0,1,1,Jewish,368,368,0,0,0,245,111,11,0,0,0,0,0,0,0,0,0,0,5067,0,504,4287,252,23,0,0,0,585,0,1,2
5003,0,1,1,Jewish,0,0,0,0,0,0,0,0,0,0,0,0,0,0,0,0,0,0,0,0,0,0,0,0,0,0,0,0,0,1,2
5004,0,1,1,Jewish,0,0,0,0,0,0,0,0,0,0,0,0,0,0,0,0,0,0,0,0,0,0,0,0,0,0,0,0,0,1,2
5101,0,1,1,U_Orthodox,771,5229,1029,1005,910,508,319,219,243,327,301,158,69,40,26,22,20,26,400,0,89,66,66,177,0,1106,0,891,1011,1,2
5102,0,1,1,U_Orthodox,516,2284,381,312,278,219,194,158,124,109,83,68,62,59,56,49,44,81,302,0,75,37,37,150,0,1022,0,255,534,1,2
5103,0,1,1,U_Orthodox,885,3985,669,547,489,370,334,278,218,191,147,120,109,104,98,86,77,142,399,0,159,53,53,133,0,877,0,351,934,1,2
5104,0,1,1,U_Orthodox,1325,5411,881,721,644,595,487,371,288,252,193,158,144,137,129,114,102,187,522,0,227,70,52,171,0,950,0,1485,1257,1,2
5105,0,1,1,U_Orthodox,1670,6261,729,571,622,1062,898,466,246,196,165,182,214,223,223,167,118,171,833,0,204,62,47,519,0,3258,0,1648,1545,1,2
5106,0,1,1,U_Orthodox,769,4794,929,907,821,507,310,201,219,295,272,143,63,36,23,20,18,24,354,0,130,40,30,153,0,1015,0,321,926,1,2
5107,0,1,1,U_Orthodox,431,1934,324,265,237,181,162,134,106,93,71,58,53,50,47,42,37,68,299,0,110,17,42,129,0,861,0,375,453,1,2
5108,0,1,1,Jewish,1075,2720,261,225,194,250,220,193,177,164,137,131,122,122,127,123,106,161,244,0,56,75,56,54,0,301,0,363,1083,1,2
5109,0,1,1,Jewish,0,0,0,0,0,0,0,0,0,0,0,0,0,0,0,0,0,0,0,0,0,0,0,0,0,0,0,0,0,1,2
5110,0,1,1,Jewish,0,0,0,0,0,0,0,0,0,0,0,0,0,0,0,0,0,0,0,0,0,0,0,0,0,0,0,0,0,1,2
5111,0,1,1,U_Orthodox,616,2774,465,381,340,257,232,193,152,133,102,83,76,72,68,60,54,99,254,0,92,46,46,69,0,474,0,244,650,1,2
5112,0,1,1,Jewish,0,0,0,0,0,0,0,0,0,0,0,0,0,0,0,0,0,0,0,0,0,0,0,0,0,0,0,0,0,1,2
5201,0,1,1,U_Orthodox,1308,5050,618,484,528,727,683,388,208,166,140,154,181,189,189,142,100,145,523,0,155,62,93,212,0,1163,0,1933,1268,1,2
5202,0,1,1,U_Orthodox,1351,5134,695,613,631,981,729,301,164,138,172,231,159,109,81,52,38,35,480,0,134,41,30,274,0,1641,0,969,1128,1,2
5203,0,1,1,U_Orthodox,681,3065,514,420,376,284,257,213,168,147,113,92,84,80,75,66,59,109,200,0,0,0,0,200,0,530,707,640,718,1,2
5204,0,1,1,U_Orthodox,439,2416,312,245,266,277,303,192,105,84,71,78,91,95,95,72,50,73,100,0,13,4,3,80,0,538,0,259,618,1,2
5205,0,1,1,U_Orthodox,596,3281,424,332,362,376,412,261,143,114,96,106,124,129,129,97,68,99,128,0,0,0,0,128,0,897,0,352,840,1,2
5206,0,1,1,U_Orthodox,177,799,134,109,98,74,67,55,43,38,29,24,22,20,19,17,15,28,1345,0,198,1059,66,21,0,147,0,70,187,1,2
5207,0,1,1,U_Orthodox,1157,4094,539,476,490,832,599,238,127,107,133,179,123,84,62,40,29,27,205,0,0,0,0,205,0,733,435,738,894,1,2
5208,0,1,1,U_Orthodox,1175,5285,886,725,648,492,443,368,290,254,194,159,145,137,130,114,103,188,681,0,228,70,52,329,0,2224,0,465,1238,1,2
5209,0,1,1,U_Orthodox,1178,4320,677,554,495,562,424,289,221,194,148,121,111,105,99,87,78,144,568,0,134,67,67,299,0,1575,238,1349,992,1,2
5210,0,1,1,U_Orthodox,1371,4904,574,450,490,818,699,367,193,154,130,143,168,175,175,132,93,135,728,0,176,54,40,456,0,1309,1304,2185,1213,1,2
5211,0,1,1,U_Orthodox,1680,3771,369,289,315,938,635,255,124,99,84,92,108,113,113,85,59,86,607,0,126,45,57,377,0,1883,0,4090,881,1,2
5212,0,1,1,U_Orthodox,1721,5196,582,456,497,979,777,378,196,157,132,145,171,178,178,134,94,137,854,0,216,46,46,546,0,3004,186,3720,1266,1,2
5213,0,1,1,U_Orthodox,1580,5090,572,448,488,952,757,371,193,154,130,143,168,175,175,131,92,134,491,0,192,41,41,217,0,1162,0,1323,1241,1,2
5214,0,1,1,U_Orthodox,882,2910,335,262,286,509,423,216,113,90,76,83,98,102,102,77,54,78,577,0,118,25,25,408,0,554,1863,1216,715,1,2
5301,0,1,1,U_Orthodox,555,1712,249,204,182,287,193,110,81,71,54,44,41,38,36,32,29,53,179,0,44,29,24,80,0,391,0,770,385,1,2
5302,0,1,1,U_Orthodox,1652,4835,686,561,502,867,588,296,224,196,150,123,112,106,101,88,79,146,172,0,0,0,0,172,0,895,0,1220,1075,1,2
5303,0,1,1,Jewish,2176,7289,713,616,532,583,563,522,484,450,376,360,334,335,347,336,290,440,175,0,0,0,0,175,0,1076,0,519,2962,1,2
5304,0,1,1,U_Orthodox,611,1930,275,225,201,261,262,169,90,78,60,49,45,42,40,35,32,58,217,0,0,0,0,217,0,707,540,1138,454,1,2
5305,0,1,1,U_Orthodox,1779,7253,1172,959,857,744,704,542,383,336,257,210,192,182,172,151,136,249,300,0,0,0,0,300,0,1921,0,789,1703,1,2
5306,0,1,1,U_Orthodox,867,3902,655,535,479,362,327,272,214,187,143,117,107,101,96,84,76,139,166,0,0,0,0,166,0,1155,0,343,914,1,2
5307,0,1,1,Jewish,0,0,0,0,0,0,0,0,0,0,0,0,0,0,0,0,0,0,0,0,0,0,0,0,0,0,0,0,0,1,2
5401,0,1,1,Jewish,0,0,0,0,0,0,0,0,0,0,0,0,0,0,0,0,0,0,4146,0,778,2723,389,255,0,121,1490,0,0,1,2
5402,0,1,1,Jewish,0,0,0,0,0,0,0,0,0,0,0,0,0,0,0,0,0,0,3344,117,707,1415,117,985,0,0,2419,115,0,1,2
5403,0,1,1,Jewish,0,0,0,0,0,0,0,0,0,0,0,0,0,0,0,0,0,0,3496,174,697,2266,348,9,0,68,0,0,0,1,2
5404,0,1,1,Jewish,54,226,22,27,25,19,14,10,12,15,17,16,13,8,6,6,4,5,3434,0,678,2376,339,40,0,199,74,0,92,1,2
5405,0,1,1,Jewish,0,0,0,0,0,0,0,0,0,0,0,0,0,0,0,0,0,0,2834,0,566,1983,283,1,0,0,0,121,0,1,2
5406,0,1,1,Jewish,0,0,0,0,0,0,0,0,0,0,0,0,0,0,0,0,0,0,0,0,0,0,0,0,0,0,0,0,0,1,2
5407,0,1,1,Jewish,0,0,0,0,0,0,0,0,0,0,0,0,0,0,0,0,0,0,2845,569,426,711,1138,0,0,0,0,0,0,1,2
5408,0,1,1,Jewish,447,447,0,0,0,296,136,14,0,0,0,0,0,0,0,0,0,0,3018,448,1495,747,299,27,0,0,0,712,0,1,2
5409,0,1,1,Jewish,0,0,0,0,0,0,0,0,0,0,0,0,0,0,0,0,0,0,0,0,0,0,0,0,0,0,0,0,0,1,2
5501,0,1,1,Jewish,291,291,0,0,0,194,87,9,0,0,0,0,0,0,0,0,0,0,304,0,54,36,90,124,0,698,0,561,0,1,2
5502,0,1,1,U_Orthodox,1849,5790,629,493,537,1175,893,413,212,169,143,157,184,192,192,144,101,148,468,0,180,55,41,191,0,922,0,1191,1396,1,2
5503,0,1,1,U_Orthodox,0,0,0,0,0,0,0,0,0,0,0,0,0,0,0,0,0,0,0,0,0,0,0,0,0,0,0,0,0,1,2
5504,0,1,1,U_Orthodox,779,2660,321,252,274,401,365,202,108,86,73,80,94,98,98,74,52,75,374,0,90,36,54,193,0,1202,0,645,664,1,2
5505,0,1,1,U_Orthodox,872,3281,416,326,355,410,423,257,140,112,94,104,122,127,127,95,67,98,333,0,158,48,36,89,0,549,0,421,834,1,2
5506,0,1,1,U_Orthodox,2070,7717,902,707,770,1295,1102,577,304,243,205,225,264,275,276,207,146,212,713,0,258,79,59,315,0,1792,0,2478,1907,1,2
5601,0,1,1,Jewish,0,0,0,0,0,0,0,0,0,0,0,0,0,0,0,0,0,0,0,0,0,0,0,0,0,0,0,0,0,1,2
5602,0,1,1,Jewish,0,0,0,0,0,0,0,0,0,0,0,0,0,0,0,0,0,0,0,0,0,0,0,0,0,0,0,0,0,1,2
5603,0,1,1,Jewish,0,0,0,0,0,0,0,0,0,0,0,0,0,0,0,0,0,0,0,0,0,0,0,0,0,0,0,0,0,1,2
5604,0,1,1,Jewish,0,0,0,0,0,0,0,0,0,0,0,0,0,0,0,0,0,0,0,0,0,0,0,0,0,0,0,0,0,1,2
5605,0,1,1,Jewish,364,1530,151,182,172,131,99,68,84,107,114,114,88,59,45,41,31,37,109,0,36,21,14,36,0,255,0,0,626,1,2
5606,0,1,1,Jewish,537,1880,189,163,141,119,131,138,128,119,100,95,88,89,92,89,77,116,154,0,64,21,21,46,0,326,0,0,786,1,0
5701,0,1,1,U_Orthodox,228,1072,138,108,118,123,134,85,46,37,31,34,40,42,42,31,22,32,37,0,0,0,0,37,0,195,0,258,274,1,2
5702,0,1,1,U_Orthodox,187,843,141,115,103,78,70,58,46,40,31,25,23,22,20,18,16,30,1234,0,960,120,120,34,0,238,0,74,197,1,2
5703,0,1,1,U_Orthodox,773,3480,584,477,427,323,292,242,191,167,128,105,96,90,85,75,67,124,346,0,150,46,34,114,0,787,0,306,815,1,2
5704,0,1,1,Jewish,349,1315,132,114,98,83,92,96,89,83,69,66,62,62,64,62,53,81,93,0,34,27,6,23,0,152,0,49,550,1,2
5705,0,1,1,Jewish,286,1077,108,93,80,68,75,79,73,68,57,54,50,51,52,51,44,66,78,0,28,22,5,21,0,124,0,65,450,1,2
5706,0,1,1,U_Orthodox,723,3253,546,446,399,302,273,226,178,156,120,98,89,84,80,70,63,116,95,0,0,0,0,95,0,643,0,286,762,1,2
5707,0,1,1,U_Orthodox,1107,4684,588,460,501,613,619,363,198,158,133,146,172,179,179,135,95,138,418,0,144,57,86,128,0,828,0,487,1185,1,2
5708,0,1,1,U_Orthodox,789,3536,592,484,433,331,298,246,193,169,130,106,97,92,87,76,68,126,518,0,153,47,35,283,0,1961,0,311,828,1,2
5801,0,1,1,U_Orthodox,1732,8354,1529,1493,1351,1142,652,347,361,486,447,235,103,60,39,33,30,39,637,0,165,99,66,306,0,1878,0,850,1600,1,2
5802,0,1,1,U_Orthodox,845,3804,638,522,467,353,319,265,208,183,140,114,104,99,93,82,74,135,357,0,126,76,50,103,0,724,0,335,891,1,2
5803,0,1,1,Jewish,648,2724,269,325,306,234,176,122,150,190,204,203,158,105,80,73,56,66,195,0,64,38,25,66,0,439,0,60,1115,1,2
5804,0,1,1,U_Orthodox,1178,5301,889,728,650,492,444,369,290,255,195,160,146,138,130,115,103,189,602,0,176,106,70,248,0,1741,0,466,1242,1,2
5805,0,1,1,U_Orthodox,664,2991,502,410,367,278,251,208,164,143,110,90,82,78,73,65,58,106,480,0,0,0,0,480,0,3364,0,263,701,1,2
5806,0,1,1,U_Orthodox,2239,7607,812,636,693,1607,1191,539,274,218,184,203,238,248,248,187,131,191,434,0,0,0,0,434,0,1823,0,6498,1824,1,2
5807,0,1,1,U_Orthodox,1366,6883,828,649,707,1055,951,524,279,223,188,207,243,253,253,190,134,194,804,0,132,79,53,539,0,2394,1006,1094,1718,1,2
5901,0,1,1,U_Orthodox,1312,5235,615,482,525,866,744,391,207,165,139,153,180,188,188,141,99,144,550,0,124,49,74,301,0,1866,0,985,1295,1,2
5902,0,1,1,U_Orthodox,570,2613,338,265,288,299,328,207,114,91,76,84,99,103,103,77,54,79,306,0,119,17,34,135,0,865,0,358,669,1,2
5903,0,1,1,U_Orthodox,499,2552,315,246,268,358,342,196,106,84,71,78,92,96,96,72,51,74,224,0,74,22,17,109,0,596,0,946,642,1,2
5904,0,1,1,U_Orthodox,0,0,0,0,0,0,0,0,0,0,0,0,0,0,0,0,0,0,0,0,0,0,0,0,0,0,0,0,0,1,2
5905,0,1,1,U_Orthodox,757,4920,764,675,695,592,581,309,180,152,189,254,175,120,89,57,41,38,288,0,147,45,34,61,0,431,0,475,1122,1,2
5906,0,1,1,U_Orthodox,591,2347,269,211,230,415,342,173,90,72,61,67,79,82,82,62,43,63,175,0,48,24,24,77,0,379,0,653,576,1,2
5907,0,1,1,U_Orthodox,325,2112,328,290,298,254,249,133,77,65,81,109,75,51,38,24,17,16,123,0,43,19,34,26,0,185,0,204,481,1,2
5908,0,1,1,U_Orthodox,1823,9112,1338,1182,1216,1370,1169,557,316,267,331,445,307,210,156,101,73,67,707,0,198,99,99,310,0,1953,0,832,2046,1,2
6001,0,1,1,U_Orthodox,106,583,75,59,64,66,73,46,25,20,17,18,22,23,23,17,12,17,157,0,7,7,15,125,0,796,0,682,149,1,2
6002,0,1,1,U_Orthodox,710,3197,536,439,392,297,268,223,175,153,117,96,88,83,78,69,62,114,401,0,85,63,63,188,0,1297,0,281,749,1,2
6003,0,1,1,U_Orthodox,575,2588,434,355,317,240,217,180,142,124,95,78,71,67,63,56,50,92,269,0,86,51,34,96,0,655,0,227,606,1,2
6004,0,1,1,U_Orthodox,0,0,0,0,0,0,0,0,0,0,0,0,0,0,0,0,0,0,585,0,0,0,585,0,0,0,0,0,0,1,2
6005,0,1,1,U_Orthodox,568,2557,429,351,313,237,214,178,140,123,94,77,70,66,63,55,49,91,413,0,172,86,86,67,0,474,0,225,599,1,2
6006,0,1,1,U_Orthodox,845,5807,1146,1118,1012,557,350,244,271,364,335,176,77,45,29,25,23,29,492,0,161,49,37,244,0,1633,0,585,1124,1,2
6007,0,1,1,U_Orthodox,1120,6161,797,624,680,706,775,490,269,214,181,199,233,243,243,183,129,187,517,0,201,67,67,181,0,1232,0,661,1577,1,2
6008,0,1,1,U_Orthodox,447,2013,338,276,247,187,169,140,110,96,74,60,55,52,49,43,39,71,304,0,80,26,26,170,0,1182,0,177,471,1,2
6101,0,1,1,U_Orthodox,494,3211,499,440,453,386,379,202,117,99,123,166,114,78,58,37,27,25,291,0,81,37,29,142,0,954,0,310,732,1,2
6102,0,1,1,U_Orthodox,703,3110,372,291,317,487,432,235,125,100,84,93,109,113,113,85,60,87,385,0,77,35,28,244,0,1587,0,444,774,1,2
6200,0,1,1,Jewish,514,2067,208,179,155,131,144,152,141,131,109,105,97,97,101,98,84,128,139,0,66,25,10,36,0,243,0,31,864,1,2
6201,0,1,1,Jewish,359,1444,145,125,108,91,101,106,98,91,76,73,68,68,70,68,59,89,119,0,46,17,7,48,0,336,0,0,603,1,2
6202,0,1,1,Jewish,0,0,0,0,0,0,0,0,0,0,0,0,0,0,0,0,0,0,0,0,0,0,0,0,0,0,0,0,0,1,2
6203,0,1,1,Jewish,296,1192,120,103,89,75,83,87,81,75,63,60,56,56,58,56,48,74,79,0,29,17,11,20,0,140,0,0,498,1,2
6204,0,1,1,Jewish,0,0,0,0,0,0,0,0,0,0,0,0,0,0,0,0,0,0,0,0,0,0,0,0,0,0,0,0,0,1,2
6205,0,1,1,Jewish,617,2513,253,218,188,159,175,184,171,159,133,127,118,119,123,119,102,156,116,0,0,0,0,116,0,816,0,0,1050,1,2
6206,0,1,1,Jewish,684,2697,271,234,202,171,188,198,184,171,143,137,127,127,132,128,110,167,42,0,0,0,0,42,0,294,0,0,1127,1,2
6207,0,1,1,Jewish,830,3272,329,284,245,208,228,240,223,208,174,166,154,155,160,155,134,203,234,0,99,33,33,68,0,482,0,0,1368,1,2
6208,0,1,1,U_Orthodox,271,1221,205,167,149,113,102,85,67,58,45,36,33,31,30,26,23,43,115,0,40,24,16,34,0,241,0,107,286,1,2
6209,0,1,1,Jewish,677,2543,256,221,191,161,177,187,173,161,135,129,120,120,124,120,104,158,194,0,74,33,27,59,0,416,0,0,1063,1,2
6210,0,1,1,Jewish,260,979,98,85,73,62,68,72,67,62,52,49,46,46,48,46,40,60,68,0,28,13,10,16,0,115,0,0,409,1,2
6211,0,1,1,Jewish,1026,3574,359,310,268,227,249,262,244,227,190,181,168,169,175,169,146,222,270,0,102,41,61,65,0,460,0,0,1494,1,2
6212,0,1,1,Jewish,515,1796,180,156,135,114,125,132,122,114,95,91,84,85,88,85,73,111,158,0,72,10,20,55,0,386,0,0,751,1,2
6301,0,1,1,Jewish,724,2303,231,200,173,146,161,169,157,146,122,117,108,109,112,109,94,143,192,0,86,28,28,47,0,335,0,0,963,1,2
6302,0,1,1,Jewish,317,1205,62,74,94,105,125,90,55,46,55,75,90,91,84,62,38,51,84,0,31,15,15,21,0,149,0,0,549,1,2
6303,0,1,1,Jewish,1360,5168,269,317,406,454,537,388,237,197,239,324,386,393,363,266,165,221,384,0,149,54,68,112,0,764,0,72,2359,1,2
6304,0,1,1,Jewish,973,3266,328,283,245,207,228,240,223,207,173,165,154,154,160,155,133,202,260,0,107,48,38,65,0,459,0,0,1365,1,2
6305,0,1,1,Jewish,498,1975,198,171,148,125,138,145,135,125,105,100,93,93,96,93,80,122,132,0,49,19,29,33,0,232,0,0,825,1,2
6306,0,1,1,Jewish,891,3089,311,268,232,196,216,227,211,196,164,157,145,146,151,146,126,192,62,0,0,0,0,62,0,438,0,0,1291,1,2
6307,0,1,1,Jewish,425,1474,148,128,110,93,103,108,100,93,78,74,69,69,72,70,60,91,544,0,416,52,52,24,0,172,0,0,616,1,2
6308,0,1,1,Jewish,804,2894,281,243,210,243,225,208,191,177,148,142,131,132,136,132,114,173,215,0,56,28,56,74,0,473,0,148,1168,1,2
6309,0,1,1,Jewish,845,2685,270,233,201,170,187,197,183,170,142,136,126,127,131,127,110,166,257,0,92,42,33,88,0,610,0,49,1122,1,2
6310,0,1,1,Jewish,341,1299,67,79,102,114,135,97,59,49,60,81,97,98,91,66,41,55,91,0,41,13,13,22,0,160,0,0,592,1,2
6401,0,1,1,arabs_behined_seperation_wall,7504,39041,5465,5075,4294,3904,3513,3513,3123,2342,1561,1561,1171,1171,780,780,390,390,3241,0,1350,450,450,989,0,6929,0,0,8751,1,2
6402,0,1,1,arabs_behined_seperation_wall,4141,21443,2815,2815,2382,2166,1949,1949,1516,1299,866,866,866,649,433,433,216,216,1719,0,745,248,248,477,0,3340,0,0,4855,1,2
6403,0,1,1,arabs_behined_seperation_wall,1656,7454,828,828,753,677,602,602,602,527,376,301,301,301,225,225,150,150,658,0,298,99,99,161,0,1130,0,0,1815,1,2
6501,0,1,1,Arab,0,0,0,0,0,0,0,0,0,0,0,0,0,0,0,0,0,0,0,0,0,0,0,0,0,0,0,0,0,1,2
6502,0,1,1,Arab,2243,10096,1121,1121,1019,917,815,815,815,713,509,407,407,407,305,305,203,203,1210,0,403,100,168,537,0,3762,0,0,2459,1,2
6503,0,1,1,Arab,1021,4598,510,510,464,418,371,371,371,325,232,185,185,185,139,139,92,92,1023,0,168,76,61,716,0,5018,0,0,1120,1,2
6504,0,1,1,Arab,0,0,0,0,0,0,0,0,0,0,0,0,0,0,0,0,0,0,0,0,0,0,0,0,0,0,0,0,0,1,2
6505,0,1,1,Arab,1546,6958,773,773,702,632,562,562,562,492,351,281,281,281,210,210,140,140,597,0,255,115,92,133,0,935,0,0,1694,1,2
6506,0,1,1,Arab,1302,5859,651,651,591,532,473,473,473,414,295,236,236,236,177,177,118,118,558,0,175,78,136,168,0,1178,0,0,1427,1,2
6507,0,1,1,Arab,1043,4375,471,471,428,386,343,343,343,300,214,214,214,171,128,128,85,128,397,0,172,78,62,84,0,590,0,0,1077,1,2
6508,0,1,1,Arab,1478,6200,668,668,607,547,486,486,486,425,303,303,303,243,182,182,121,182,595,0,244,110,88,151,0,1061,0,0,1526,1,2
6509,0,1,1,Arab,1121,4701,507,507,460,414,368,368,368,322,230,230,230,184,138,138,92,138,483,0,185,84,67,147,0,1030,0,0,1157,1,2
6510,0,1,1,Arab,445,1868,201,201,183,164,146,146,146,128,91,91,91,73,54,54,36,54,322,0,73,33,26,188,0,1318,0,0,460,1,2
6511,0,1,1,Arab,414,1866,207,207,188,169,150,150,150,132,94,75,75,75,56,56,37,37,412,93,74,149,56,38,0,267,0,0,454,1,2
6601,0,1,1,Arab,1095,4569,492,492,447,403,358,358,358,313,223,223,223,179,134,134,89,134,557,0,213,32,82,228,0,1598,0,0,1125,1,2
6602,0,1,1,Arab,770,3228,348,348,316,284,253,253,253,221,158,158,158,126,94,94,63,94,328,0,150,46,34,97,0,672,0,31,794,1,2
6603,0,1,1,Arab,884,3699,398,398,362,326,290,290,290,253,181,181,181,145,108,108,72,108,338,0,172,53,39,72,0,509,0,0,910,1,2
6604,0,1,1,Arab,352,1465,158,158,143,129,114,114,114,100,71,71,71,57,43,43,28,43,753,0,63,21,21,648,0,258,3919,0,360,1,2
6605,0,1,1,Arab,252,1058,114,114,103,93,83,83,83,72,51,51,51,41,31,31,20,31,885,0,45,15,15,810,0,5670,0,0,260,1,2
6606,0,1,1,Arab,1442,6045,652,652,592,533,474,474,474,414,296,296,296,237,177,177,118,177,549,108,216,21,64,116,21,818,0,0,1488,1,2
6607,0,1,1,Arab,1088,4563,492,492,447,402,357,357,357,313,223,223,223,178,134,134,89,134,462,81,163,16,49,136,16,953,0,0,1123,1,2
6608,0,1,1,Arab,0,0,0,0,0,0,0,0,0,0,0,0,0,0,0,0,0,0,0,0,0,0,0,0,0,0,0,0,0,1,2
6609,0,1,1,Arab,1506,6313,680,680,618,557,495,495,495,433,309,309,309,247,185,185,123,185,788,112,225,22,67,336,22,2355,0,0,1554,1,2
6610,0,1,1,Arab,241,996,107,107,97,87,78,78,78,68,48,48,48,39,29,29,19,29,289,18,36,3,10,216,3,1516,0,0,245,1,2
6611,0,1,1,Arab,0,0,0,0,0,0,0,0,0,0,0,0,0,0,0,0,0,0,0,0,0,0,0,0,0,0,0,0,0,1,2
6701,0,1,1,Arab,0,0,0,0,0,0,0,0,0,0,0,0,0,0,0,0,0,0,879,439,263,87,87,0,0,0,0,0,0,1,2
6702,0,1,1,Arab,0,0,0,0,0,0,0,0,0,0,0,0,0,0,0,0,0,0,960,466,279,93,93,27,0,194,0,0,0,1,2
6703,0,1,1,Arab,0,0,0,0,0,0,0,0,0,0,0,0,0,0,0,0,0,0,3217,1593,956,318,318,30,0,211,0,0,0,1,2
6704,0,1,1,Arab,103,567,68,68,68,62,56,45,39,28,28,28,22,17,11,11,5,5,45,7,15,1,4,14,1,98,0,0,129,1,2
6705,0,1,1,Arab,0,0,0,0,0,0,0,0,0,0,0,0,0,0,0,0,0,0,0,0,0,0,0,0,0,0,0,0,0,1,2
6801,0,1,1,arabs_behined_seperation_wall,7141,37441,4492,4118,3744,3744,3744,3369,2620,2246,1872,1497,1497,1123,1123,748,748,748,3248,535,1071,107,321,1105,107,7740,0,0,8830,1,2
6802,0,1,1,arabs_behined_seperation_wall,6014,31540,3784,3469,3154,3154,3154,2838,2207,1892,1577,1261,1261,946,946,630,630,630,2699,451,902,90,270,895,90,6265,0,0,7439,1,2
6803,0,1,1,Arab,0,0,0,0,0,0,0,0,0,0,0,0,0,0,0,0,0,0,0,0,0,0,0,0,0,0,0,0,0,1,2
6901,0,1,1,U_Orthodox,0,0,0,0,0,0,0,0,0,0,0,0,0,0,0,0,0,0,0,0,0,0,0,0,0,0,0,0,0,1,2
6902,0,1,1,U_Orthodox,0,0,0,0,0,0,0,0,0,0,0,0,0,0,0,0,0,0,0,0,0,0,0,0,0,0,0,0,0,1,2
6903,0,1,1,U_Orthodox,0,0,0,0,0,0,0,0,0,0,0,0,0,0,0,0,0,0,0,0,0,0,0,0,0,0,0,0,0,1,2
6904,0,1,1,U_Orthodox,0,0,0,0,0,0,0,0,0,0,0,0,0,0,0,0,0,0,0,0,0,0,0,0,0,0,0,0,0,1,2
6905,0,1,1,U_Orthodox,0,0,0,0,0,0,0,0,0,0,0,0,0,0,0,0,0,0,0,0,0,0,0,0,0,0,0,0,0,1,2
6906,0,1,1,U_Orthodox,0,0,0,0,0,0,0,0,0,0,0,0,0,0,0,0,0,0,0,0,0,0,0,0,0,0,0,0,0,1,2
6907,0,1,1,U_Orthodox,0,0,0,0,0,0,0,0,0,0,0,0,0,0,0,0,0,0,0,0,0,0,0,0,0,0,0,0,0,1,2
6908,0,1,1,U_Orthodox,0,0,0,0,0,0,0,0,0,0,0,0,0,0,0,0,0,0,0,0,0,0,0,0,0,0,0,0,0,1,2
6909,0,1,1,U_Orthodox,116,756,117,103,106,91,89,47,27,23,29,39,26,18,13,8,6,5,58,0,22,6,5,23,0,161,0,73,172,1,2
6910,0,1,1,U_Orthodox,0,0,0,0,0,0,0,0,0,0,0,0,0,0,0,0,0,0,0,0,0,0,0,0,0,0,0,0,0,1,2
7001,1,1,0,Jewish,916,3365,338,292,252,213,235,247,230,214,179,171,158,159,164,159,137,209,228,0,110,55,18,45,0,317,0,0,1407,1,2
7002,1,1,0,Jewish,755,3174,314,379,356,273,205,142,175,222,237,237,184,122,93,85,65,77,335,0,90,45,15,184,0,1290,0,0,1299,1,2
7003,1,1,0,Jewish,62,236,12,14,18,20,24,17,10,9,10,14,17,18,16,12,7,10,36,0,0,0,0,36,0,256,0,0,108,1,2
7004,1,1,0,Jewish,239,908,47,55,71,79,94,68,41,34,42,57,67,69,63,46,29,39,454,0,150,120,30,154,0,1082,0,0,414,1,2
7011,1,1,0,Jewish,454,1587,80,94,120,168,174,117,70,58,71,96,114,116,108,79,49,65,163,0,32,24,24,82,0,315,0,431,701,1,2
7012,1,1,0,Jewish,969,3779,380,328,284,240,264,277,258,240,201,192,178,179,185,179,154,234,276,0,96,58,38,82,0,564,0,85,1579,1,2
7013,1,1,0,Jewish,256,974,50,59,76,85,101,73,44,37,45,61,72,74,68,50,31,41,63,0,25,15,10,12,0,89,0,0,444,1,2
7014,1,1,0,Jewish,875,3678,364,439,413,316,238,165,203,257,275,274,213,142,108,98,76,89,232,0,87,52,35,57,0,400,0,0,1505,1,2
7021,1,1,0,Jewish,820,3444,341,411,387,296,223,154,190,241,258,257,199,133,101,92,71,83,253,0,82,49,32,89,0,625,0,0,1410,1,2
7022,1,1,0,Jewish,637,2677,265,320,300,230,173,120,147,187,200,200,155,103,78,71,55,65,200,0,63,38,25,73,0,502,0,21,1096,1,2
7023,1,1,0,Jewish,406,1708,169,204,192,147,110,76,94,119,128,127,99,66,50,45,35,41,125,0,40,24,16,44,0,312,0,0,699,1,2
7024,1,1,0,Jewish,1174,4934,488,589,554,424,320,221,272,345,369,368,286,190,145,132,102,119,592,0,117,70,46,357,0,2504,0,0,2020,1,2
7025,1,1,0,Jewish,0,0,0,0,0,0,0,0,0,0,0,0,0,0,0,0,0,0,0,0,0,0,0,0,0,0,0,0,0,1,2
7026,1,1,0,Jewish,0,0,0,0,0,0,0,0,0,0,0,0,0,0,0,0,0,0,0,0,0,0,0,0,0,0,0,0,0,1,2
7027,1,1,0,Jewish,0,0,0,0,0,0,0,0,0,0,0,0,0,0,0,0,0,0,0,0,0,0,0,0,0,0,0,0,0,1,2
7028,1,1,0,Jewish,0,0,0,0,0,0,0,0,0,0,0,0,0,0,0,0,0,0,0,0,0,0,0,0,0,0,0,0,0,1,2
7031,1,1,0,Jewish,487,1853,96,113,145,163,192,139,85,70,85,116,138,140,130,95,59,79,121,0,53,24,19,24,0,169,0,0,845,1,2
7032,1,1,0,Jewish,236,898,46,55,70,79,93,67,41,34,41,56,67,68,63,46,28,38,48,0,0,0,0,48,0,339,0,0,410,1,2
7033,1,1,0,Jewish,964,3664,190,225,288,322,380,275,168,139,169,230,274,278,257,188,117,157,239,0,96,38,57,46,0,328,0,0,1672,1,2
7034,1,1,0,Jewish,229,870,45,53,68,76,90,65,39,33,40,54,65,66,61,44,27,37,11,0,0,0,0,11,0,79,0,0,397,1,2
7035,1,1,0,Jewish,0,0,0,0,0,0,0,0,0,0,0,0,0,0,0,0,0,0,36,0,0,0,0,36,0,258,0,0,0,1,2
7036,1,1,0,Jewish,1158,5150,518,447,387,327,360,378,352,327,273,261,243,244,252,244,211,320,318,0,115,69,46,86,0,607,0,0,2153,1,2
7041,1,1,0,Jewish,553,2379,247,278,273,202,185,133,135,148,153,142,113,94,86,75,57,50,183,0,44,44,22,73,0,513,0,0,934,1,0
7042,1,1,0,Jewish,0,0,0,0,0,0,0,0,0,0,0,0,0,0,0,0,0,0,0,0,0,0,0,0,0,0,0,0,0,1,2
7043,0,1,0,Palestinian,0,3800,0,0,0,0,0,0,0,0,0,0,0,0,0,0,0,0,0,0,0,0,0,0,0,0,0,0,0,1,0
7051,1,1,0,Jewish,0,0,0,0,0,0,0,0,0,0,0,0,0,0,0,0,0,0,325,244,48,32,0,0,0,0,0,0,0,1,2
7052,1,1,0,Jewish,58,246,24,29,27,21,15,11,13,17,18,18,14,9,7,6,5,5,324,0,175,111,31,4,0,33,0,0,100,1,2
7053,1,1,0,Jewish,0,0,0,0,0,0,0,0,0,0,0,0,0,0,0,0,0,0,1616,888,565,161,0,0,0,0,0,0,0,1,2
7060,1,1,0,Jewish,0,0,0,0,0,0,0,0,0,0,0,0,0,0,0,0,0,0,0,0,0,0,0,0,0,0,0,0,0,1,0
7061,1,1,0,Jewish,0,0,0,0,0,0,0,0,0,0,0,0,0,0,0,0,0,0,0,0,0,0,0,0,0,0,0,0,0,1,0
7062,1,1,0,Jewish,0,0,0,0,0,0,0,0,0,0,0,0,0,0,0,0,0,0,0,0,0,0,0,0,0,0,0,0,0,1,2
7063,1,1,0,Jewish,0,0,0,0,0,0,0,0,0,0,0,0,0,0,0,0,0,0,0,0,0,0,0,0,0,0,0,0,0,1,2
7064,1,1,0,Jewish,0,0,0,0,0,0,0,0,0,0,0,0,0,0,0,0,0,0,0,0,0,0,0,0,0,0,0,0,0,1,2
7065,1,1,0,Jewish,0,0,0,0,0,0,0,0,0,0,0,0,0,0,0,0,0,0,0,0,0,0,0,0,0,0,0,0,0,1,2
7101,0,1,0,Palestinian,0,3360,0,0,0,0,0,0,0,0,0,0,0,0,0,0,0,0,0,0,0,0,0,0,0,0,0,0,0,1,0
7102,0,1,0,Palestinian,0,15489,0,0,0,0,0,0,0,0,0,0,0,0,0,0,0,0,0,0,0,0,0,0,0,0,0,0,0,1,0
7103,0,1,0,Palestinian,0,19781,0,0,0,0,0,0,0,0,0,0,0,0,0,0,0,0,0,0,0,0,0,0,0,0,0,0,0,1,0
7104,0,1,0,Palestinian,0,8785,0,0,0,0,0,0,0,0,0,0,0,0,0,0,0,0,0,0,0,0,0,0,0,0,0,0,0,1,0
7211,0,1,0,Palestinian,0,30545,0,0,0,0,0,0,0,0,0,0,0,0,0,0,0,0,0,0,0,0,0,0,0,0,0,0,0,1,0
7221,0,1,0,Palestinian,0,2401,0,0,0,0,0,0,0,0,0,0,0,0,0,0,0,0,0,0,0,0,0,0,0,0,0,0,0,1,0
7222,0,1,0,Palestinian,0,15100,0,0,0,0,0,0,0,0,0,0,0,0,0,0,0,0,0,0,0,0,0,0,0,0,0,0,0,1,0
7223,0,1,0,Palestinian,0,9742,0,0,0,0,0,0,0,0,0,0,0,0,0,0,0,0,0,0,0,0,0,0,0,0,0,0,0,1,0
7231,0,1,0,Palestinian,0,38153,0,0,0,0,0,0,0,0,0,0,0,0,0,0,0,0,0,0,0,0,0,0,0,0,0,0,0,1,0
7232,0,1,0,Palestinian,0,20793,0,0,0,0,0,0,0,0,0,0,0,0,0,0,0,0,0,0,0,0,0,0,0,0,0,0,0,1,0
7233,0,1,0,Palestinian,0,28205,0,0,0,0,0,0,0,0,0,0,0,0,0,0,0,0,0,0,0,0,0,0,0,0,0,0,0,1,0
7240,0,1,0,Palestinian,0,10379,0,0,0,0,0,0,0,0,0,0,0,0,0,0,0,0,0,0,0,0,0,0,0,0,0,0,0,1,0
7241,0,1,0,Palestinian,0,1524,0,0,0,0,0,0,0,0,0,0,0,0,0,0,0,0,0,0,0,0,0,0,0,0,0,0,0,1,0
7242,0,1,0,Palestinian,0,7468,0,0,0,0,0,0,0,0,0,0,0,0,0,0,0,0,0,0,0,0,0,0,0,0,0,0,0,1,0
7243,0,1,0,Palestinian,0,2598,0,0,0,0,0,0,0,0,0,0,0,0,0,0,0,0,0,0,0,0,0,0,0,0,0,0,0,1,0
7244,0,1,0,Palestinian,0,2356,0,0,0,0,0,0,0,0,0,0,0,0,0,0,0,0,0,0,0,0,0,0,0,0,0,0,0,1,0
7245,0,1,0,Palestinian,0,13464,0,0,0,0,0,0,0,0,0,0,0,0,0,0,0,0,0,0,0,0,0,0,0,0,0,0,0,1,0
7246,0,1,0,Palestinian,0,7279,0,0,0,0,0,0,0,0,0,0,0,0,0,0,0,0,0,0,0,0,0,0,0,0,0,0,0,1,0
7247,0,1,0,Palestinian,0,10403,0,0,0,0,0,0,0,0,0,0,0,0,0,0,0,0,0,0,0,0,0,0,0,0,0,0,0,1,0
7248,0,1,0,Palestinian,0,7568,0,0,0,0,0,0,0,0,0,0,0,0,0,0,0,0,0,0,0,0,0,0,0,0,0,0,0,1,0
7249,0,1,0,Palestinian,0,22507,0,0,0,0,0,0,0,0,0,0,0,0,0,0,0,0,0,0,0,0,0,0,0,0,0,0,0,1,0
7250,0,1,0,Palestinian,0,3175,0,0,0,0,0,0,0,0,0,0,0,0,0,0,0,0,0,0,0,0,0,0,0,0,0,0,0,1,0
7251,0,1,0,Palestinian,0,7885,0,0,0,0,0,0,0,0,0,0,0,0,0,0,0,0,0,0,0,0,0,0,0,0,0,0,0,1,0
7252,0,1,0,Palestinian,0,13941,0,0,0,0,0,0,0,0,0,0,0,0,0,0,0,0,0,0,0,0,0,0,0,0,0,0,0,1,0
7253,0,1,0,Palestinian,0,7274,0,0,0,0,0,0,0,0,0,0,0,0,0,0,0,0,0,0,0,0,0,0,0,0,0,0,0,1,0
7254,0,1,0,Palestinian,0,850,0,0,0,0,0,0,0,0,0,0,0,0,0,0,0,0,0,0,0,0,0,0,0,0,0,0,0,1,0
7255,0,1,0,Palestinian,0,6052,0,0,0,0,0,0,0,0,0,0,0,0,0,0,0,0,0,0,0,0,0,0,0,0,0,0,0,1,0
7256,0,1,0,Palestinian,0,5242,0,0,0,0,0,0,0,0,0,0,0,0,0,0,0,0,0,0,0,0,0,0,0,0,0,0,0,1,0
7301,1,1,0,Jewish,2346,8521,836,941,923,1005,770,464,458,503,517,480,384,321,293,256,193,170,2480,68,755,206,343,1107,0,3086,1391,1657,3158,1,0
7302,1,1,0,Jewish,1431,7155,1291,1199,961,453,559,532,511,474,312,212,156,147,158,95,54,34,563,0,157,71,57,277,0,1944,0,0,2309,1,0
7310,1,1,0,Jewish,0,0,0,0,0,0,0,0,0,0,0,0,0,0,0,0,0,0,0,0,0,0,0,0,0,0,0,0,0,1,1
7311,1,1,0,Jewish,816,3504,355,400,392,348,293,191,194,214,219,204,163,136,124,108,82,72,282,0,80,36,29,135,0,859,0,167,1342,1,1
7312,1,1,0,Jewish,774,3616,376,423,415,307,282,202,205,226,232,216,173,144,131,115,86,76,292,0,85,38,30,137,0,962,0,0,1420,1,1
7313,1,1,0,Jewish,1346,6274,652,733,719,537,489,351,357,392,403,374,300,250,228,199,150,133,543,0,147,67,53,275,0,1857,0,121,2462,1,1
7321,1,1,0,Jewish,1694,7569,1116,1314,1182,591,462,368,447,595,467,354,228,153,114,86,54,29,707,0,167,83,83,372,0,2525,0,207,2505,1,0
7331,1,1,0,U_Orthodox,530,3021,575,561,508,350,208,125,136,182,168,88,39,22,14,12,11,14,300,0,62,31,31,176,0,1176,0,233,581,1,0
7341,1,1,0,Jewish,405,1742,181,203,200,148,135,97,99,109,112,104,83,69,63,55,41,37,137,0,40,20,20,56,0,393,0,0,684,1,0
7401,1,1,0,U_Orthodox,0,0,0,0,0,0,0,0,0,0,0,0,0,0,0,0,0,0,0,0,0,0,0,0,0,0,0,0,0,1,2
7402,1,1,0,U_Orthodox,595,3867,601,530,546,466,457,243,142,120,149,199,137,94,70,45,32,30,469,0,116,35,26,290,0,1884,0,589,882,1,2
7403,1,1,0,U_Orthodox,1169,5965,881,778,800,880,760,366,208,176,218,293,202,138,102,66,48,44,650,0,117,91,52,388,0,2479,0,1252,1342,1,2
7404,1,1,0,U_Orthodox,1292,8326,1292,1141,1174,1011,985,523,305,258,320,429,296,203,150,97,70,65,767,0,211,76,95,383,0,2537,0,1140,1898,1,2
7405,1,1,0,U_Orthodox,729,3820,567,501,516,552,482,234,134,113,140,188,130,89,66,42,31,28,387,0,92,42,33,218,0,1323,0,704,860,1,2
7406,1,1,0,U_Orthodox,1926,9604,1773,1731,1567,1272,731,397,419,563,519,273,120,69,45,38,35,45,867,0,211,95,76,483,0,3024,0,1508,1841,1,2
7412,1,1,0,U_Orthodox,724,5073,1004,980,887,476,303,213,237,319,294,154,68,39,25,21,20,26,613,0,119,54,43,396,0,2716,0,347,982,1,2
7413,1,1,0,U_Orthodox,964,6150,1197,1169,1058,636,391,258,283,380,350,184,81,47,30,26,24,31,598,0,142,64,51,339,0,2212,0,939,1188,1,2
7414,1,1,0,U_Orthodox,1002,6602,1293,1262,1143,660,411,277,306,411,378,199,87,50,33,28,26,33,850,0,182,56,42,570,0,3798,0,993,1276,1,2
7415,1,1,0,U_Orthodox,1106,7249,1418,1385,1253,729,452,303,335,450,415,218,96,55,36,30,28,36,808,0,199,61,46,501,0,3246,0,2002,1401,1,2
7416,1,1,0,U_Orthodox,1352,9464,1873,1829,1656,889,565,399,443,595,548,288,127,73,47,40,37,48,939,0,263,81,60,533,0,3737,0,647,1833,1,2
7417,1,1,0,U_Orthodox,1463,10241,2027,1979,1791,962,611,431,479,644,593,312,137,79,51,44,40,52,1053,0,285,87,65,614,0,3526,670,700,1984,1,2
7418,1,1,0,U_Orthodox,1331,9323,1845,1801,1631,876,557,393,436,586,540,284,125,72,47,40,37,47,743,0,259,59,79,343,0,2407,0,638,1806,1,2
7419,1,1,0,U_Orthodox,0,0,0,0,0,0,0,0,0,0,0,0,0,0,0,0,0,0,0,0,0,0,0,0,0,0,0,0,0,1,2
7421,1,1,0,U_Orthodox,0,0,0,0,0,0,0,0,0,0,0,0,0,0,0,0,0,0,0,0,0,0,0,0,0,0,0,0,0,1,2
7501,0,1,0,Jewish,1943,8164,808,976,917,703,529,367,451,572,611,610,473,315,240,219,169,198,738,0,252,77,58,349,0,2449,0,0,3342,1,1
7502,0,1,0,Jewish,750,3151,312,376,354,271,204,141,174,220,236,235,182,121,92,84,65,76,262,0,97,30,22,112,0,787,0,0,1290,1,1
7503,0,1,0,Jewish,1157,4861,481,581,546,418,315,218,268,340,364,363,282,187,143,130,100,118,390,0,150,46,34,159,0,1116,0,0,1990,1,1
7504,0,1,0,Jewish,0,0,0,0,0,0,0,0,0,0,0,0,0,0,0,0,0,0,0,0,0,0,0,0,0,0,0,0,0,1,1
7511,0,1,0,Jewish,700,2941,291,351,330,253,190,132,162,206,220,219,170,113,86,78,61,71,246,0,91,35,14,106,0,746,0,0,1204,1,0
7512,0,1,0,Jewish,292,1226,121,146,137,105,79,55,67,85,91,91,71,47,36,32,25,29,100,0,37,14,5,42,0,297,0,0,502,1,0
7513,0,1,0,Jewish,0,0,0,0,0,0,0,0,0,0,0,0,0,0,0,0,0,0,0,0,0,0,0,0,0,0,0,0,0,1,0
7514,0,1,0,Jewish,296,1246,123,149,140,107,80,56,68,87,93,93,72,48,36,33,25,30,103,0,38,14,5,43,0,305,0,0,510,1,0
7521,0,1,0,Jewish,1205,4165,412,356,307,306,307,302,280,260,217,208,193,194,200,194,167,254,329,0,159,45,22,102,0,692,0,88,1712,1,0
7531,0,1,0,Jewish,1183,2510,172,159,142,229,185,153,138,137,122,121,106,99,112,130,151,348,259,0,142,40,20,55,0,331,0,167,925,1,0
7601,0,1,0,Jewish,749,3010,303,261,226,191,210,221,205,191,160,153,142,142,147,143,123,187,190,0,89,37,22,40,0,282,0,0,1258,1,1
7602,0,1,0,Jewish,401,1610,162,140,121,102,112,118,110,102,85,81,75,76,78,76,65,100,167,0,48,20,12,87,0,612,0,0,673,1,1
7603,0,1,0,Jewish,836,2635,241,208,180,311,239,184,163,152,127,121,112,113,117,113,98,148,205,0,71,29,17,86,0,498,0,299,1001,1,1
7604,0,1,0,Jewish,164,377,27,25,22,19,21,23,22,22,19,19,17,15,18,20,24,55,554,0,440,82,27,4,0,29,0,0,148,1,1
7605,0,1,0,Jewish,318,731,53,49,44,37,42,46,43,42,38,37,33,30,35,40,47,108,8,0,0,0,0,8,0,56,0,0,288,1,1
7606,0,1,0,Jewish,415,956,70,65,57,49,55,60,56,56,50,49,43,40,45,53,61,141,279,0,41,29,12,195,0,1371,0,0,377,1,1
7611,0,1,0,Jewish,671,2451,246,213,184,155,171,180,167,155,130,124,115,116,120,116,100,152,167,0,80,40,13,33,0,233,0,0,1024,1,1
7612,0,1,0,Jewish,297,1084,109,94,81,68,75,79,74,68,57,55,51,51,53,51,44,67,74,0,32,14,11,14,0,103,0,0,453,1,1
7613,0,1,0,Jewish,799,3057,307,265,229,194,213,224,209,194,162,155,144,144,149,145,125,189,201,0,87,47,23,41,0,291,0,0,1278,1,1
7614,0,1,0,Jewish,423,1618,162,140,121,102,113,119,110,102,86,82,76,76,79,76,66,100,176,0,42,25,16,92,0,645,0,0,676,1,1
7615,0,1,0,Jewish,0,0,0,0,0,0,0,0,0,0,0,0,0,0,0,0,0,0,0,0,0,0,0,0,0,0,0,0,0,1,1
7621,0,1,0,Jewish,0,0,0,0,0,0,0,0,0,0,0,0,0,0,0,0,0,0,0,0,0,0,0,0,0,0,0,0,0,1,1
7622,0,1,0,Jewish,0,0,0,0,0,0,0,0,0,0,0,0,0,0,0,0,0,0,550,0,412,110,27,0,0,0,0,0,0,1,1
7623,0,1,0,Jewish,547,1258,92,85,76,64,72,79,74,73,65,65,56,53,60,70,80,186,134,0,49,32,27,25,0,177,0,0,496,1,0
7624,0,1,0,Jewish,1169,4183,421,363,314,265,292,307,286,266,222,212,197,198,204,198,171,260,408,0,116,70,46,174,0,1219,0,0,1749,1,1
7625,0,1,0,Jewish,91,328,33,28,24,20,22,24,22,20,17,16,15,15,16,15,13,20,4,0,0,0,0,4,0,29,0,0,137,1,1
7626,0,1,0,Jewish,1181,4961,491,593,557,427,321,223,274,347,371,370,287,191,146,133,103,120,1707,0,487,893,243,82,0,579,0,0,2031,1,1
7627,0,1,0,Jewish,899,3866,389,336,290,245,270,284,264,245,205,196,182,183,189,183,158,240,51,0,0,0,0,51,0,360,0,0,1616,1,1
7628,0,1,0,Jewish,401,1726,173,150,129,109,120,126,118,109,91,87,81,81,84,81,70,107,123,0,40,32,8,42,0,300,0,0,721,1,1
7629,0,1,0,Jewish,0,0,0,0,0,0,0,0,0,0,0,0,0,0,0,0,0,0,0,0,0,0,0,0,0,0,0,0,0,1,1
7631,1,1,0,Jewish,1236,4698,244,288,369,413,488,353,215,179,217,295,351,357,330,242,150,201,380,0,111,86,49,133,0,931,0,0,2144,1,0
7641,0,1,0,Jewish,771,3240,320,387,364,279,210,145,179,227,242,242,188,125,95,87,67,78,289,0,108,30,15,134,0,942,0,0,1326,1,0
7642,0,1,0,Jewish,522,2193,217,262,246,188,142,98,121,153,164,163,127,84,64,58,45,53,183,0,73,20,10,78,0,551,0,0,898,1,0
7651,0,1,0,Arab,2463,10016,982,982,883,785,785,785,785,687,589,491,491,392,392,392,294,294,1067,0,480,147,110,328,0,2297,0,0,2550,1,1
7652,0,1,0,Arab,1508,6271,815,752,627,564,564,564,501,439,250,250,250,188,188,125,62,125,692,0,248,113,90,240,0,1680,0,0,1489,1,0
7661,0,1,0,U_Orthodox,2391,9491,1304,1151,1185,1744,1325,561,308,260,323,433,299,205,152,98,71,65,877,0,212,77,96,490,0,2915,0,1852,2094,1,1
7701,1,1,0,Jewish,1848,8457,851,735,635,537,591,621,578,537,449,429,399,400,414,401,346,525,605,0,203,73,92,236,0,1653,0,0,3535,1,1
7702,1,1,0,Jewish,637,2284,230,198,171,145,159,168,156,145,121,116,107,108,111,108,93,141,191,0,70,25,31,63,0,446,0,0,955,1,1
7703,1,1,0,Jewish,500,3039,306,264,228,193,212,223,207,193,161,154,143,143,148,144,124,188,186,0,55,20,25,86,0,594,0,37,1270,1,1
7704,1,1,0,Jewish,500,2100,207,251,236,180,136,94,116,147,157,156,121,81,61,56,43,50,183,0,55,20,25,83,0,581,0,0,859,1,1
7711,1,1,0,Jewish,569,2716,273,236,204,172,189,199,185,172,144,138,128,128,133,129,111,168,189,0,62,22,28,75,0,531,0,0,1135,1,1
7712,1,1,0,Jewish,441,2679,269,232,201,170,187,197,183,170,142,136,126,126,131,127,109,166,163,0,48,17,22,74,0,523,0,0,1120,1,1
7721,1,1,0,U_Orthodox,1504,6316,625,755,710,543,409,284,348,442,473,471,366,244,186,169,131,153,702,0,248,90,112,251,0,1749,0,572,1968,1,1
7731,1,1,0,Jewish,394,1692,175,197,194,144,131,94,96,105,108,101,80,67,61,53,40,35,143,0,43,15,19,64,0,450,0,0,664,1,0
7801,1,1,0,U_Orthodox,910,4098,687,562,503,380,344,285,224,197,151,123,113,106,101,89,79,146,602,0,150,54,68,329,0,2308,0,361,960,1,0
7802,1,1,0,Jewish,1757,7894,1384,1285,1030,632,675,572,548,508,335,227,168,158,170,102,58,37,687,0,138,107,61,380,0,2292,0,1005,2475,1,0
7803,1,1,0,Jewish,0,0,0,0,0,0,0,0,0,0,0,0,0,0,0,0,0,0,1100,0,660,330,110,0,0,0,0,0,0,1,0
7811,1,1,0,Jewish,1585,6820,709,797,782,580,532,382,388,427,438,407,326,272,248,217,163,144,571,0,190,63,63,254,0,1782,0,0,2677,1,0
7821,1,1,0,Jewish,415,1787,185,209,205,152,139,100,101,111,114,106,85,71,65,56,42,37,146,0,41,24,16,63,0,446,0,0,701,1,0
7822,1,1,0,Jewish,1582,7912,1428,1326,1062,501,618,588,565,524,345,234,173,162,175,105,60,38,639,0,174,94,47,322,0,2259,0,0,2553,1,0
7823,1,1,0,Jewish,440,2200,397,368,295,139,171,163,157,145,96,65,48,45,48,29,16,10,201,0,48,26,13,113,0,797,0,0,710,1,0
7824,1,1,0,Jewish,809,3021,499,463,371,344,301,207,197,183,120,82,60,56,61,36,21,13,266,0,60,27,22,155,0,986,0,338,892,1,0
7825,1,1,0,Jewish,0,0,0,0,0,0,0,0,0,0,0,0,0,0,0,0,0,0,0,0,0,0,0,0,0,0,0,0,0,1,2
7826,1,1,0,Jewish,307,1289,127,154,144,111,83,57,71,90,96,96,74,49,38,34,26,31,112,0,30,12,6,51,12,357,0,0,527,1,0
7827,1,0,0,Jewish,156,655,64,78,73,56,42,29,36,45,49,48,38,25,19,17,13,15,51,0,18,6,6,20,0,142,0,0,268,1,0
7831,1,1,0,Jewish,2596,10124,1698,1576,1263,1063,972,709,672,623,411,279,206,193,208,125,72,45,861,37,112,150,75,484,0,3002,0,960,3037,1,0
7841,1,1,0,Jewish,1134,5674,1024,950,762,359,443,421,405,376,247,168,124,116,125,75,43,27,488,0,90,90,45,261,0,1833,0,195,1831,1,0
7851,1,1,0,Jewish,654,3270,590,547,439,207,255,243,233,216,142,97,71,67,72,43,25,15,278,0,71,39,19,148,0,1013,0,57,1055,1,0
7911,0,1,0,Palestinian,0,36330,0,0,0,0,0,0,0,0,0,0,0,0,0,0,0,0,0,0,0,0,0,0,0,0,0,0,0,1,0
7912,0,1,0,Palestinian,0,9707,0,0,0,0,0,0,0,0,0,0,0,0,0,0,0,0,0,0,0,0,0,0,0,0,0,0,0,1,0
7913,0,1,0,Palestinian,0,12267,0,0,0,0,0,0,0,0,0,0,0,0,0,0,0,0,0,0,0,0,0,0,0,0,0,0,0,1,0
7921,0,1,0,Palestinian,0,26348,0,0,0,0,0,0,0,0,0,0,0,0,0,0,0,0,0,0,0,0,0,0,0,0,0,0,0,1,0
7922,0,1,0,Palestinian,0,34007,0,0,0,0,0,0,0,0,0,0,0,0,0,0,0,0,0,0,0,0,0,0,0,0,0,0,0,1,0
7930,0,1,0,Palestinian,0,1471,0,0,0,0,0,0,0,0,0,0,0,0,0,0,0,0,0,0,0,0,0,0,0,0,0,0,0,1,0
7931,0,1,0,Palestinian,0,6242,0,0,0,0,0,0,0,0,0,0,0,0,0,0,0,0,0,0,0,0,0,0,0,0,0,0,0,1,0
7932,0,1,0,Palestinian,0,5260,0,0,0,0,0,0,0,0,0,0,0,0,0,0,0,0,0,0,0,0,0,0,0,0,0,0,0,1,0
7933,0,1,0,Palestinian,0,3337,0,0,0,0,0,0,0,0,0,0,0,0,0,0,0,0,0,0,0,0,0,0,0,0,0,0,0,1,0
7934,0,1,0,Palestinian,0,2162,0,0,0,0,0,0,0,0,0,0,0,0,0,0,0,0,0,0,0,0,0,0,0,0,0,0,0,1,0
7935,0,1,0,Palestinian,0,4128,0,0,0,0,0,0,0,0,0,0,0,0,0,0,0,0,0,0,0,0,0,0,0,0,0,0,0,1,0
7936,0,1,0,Palestinian,0,652,0,0,0,0,0,0,0,0,0,0,0,0,0,0,0,0,0,0,0,0,0,0,0,0,0,0,0,1,0
7937,0,1,0,Palestinian,0,4357,0,0,0,0,0,0,0,0,0,0,0,0,0,0,0,0,0,0,0,0,0,0,0,0,0,0,0,1,0
7938,0,1,0,Palestinian,0,4319,0,0,0,0,0,0,0,0,0,0,0,0,0,0,0,0,0,0,0,0,0,0,0,0,0,0,0,1,0
7939,0,1,0,Palestinian,0,2096,0,0,0,0,0,0,0,0,0,0,0,0,0,0,0,0,0,0,0,0,0,0,0,0,0,0,0,1,0
7940,0,1,0,Palestinian,0,3395,0,0,0,0,0,0,0,0,0,0,0,0,0,0,0,0,0,0,0,0,0,0,0,0,0,0,0,1,0
7941,0,1,0,Palestinian,0,3722,0,0,0,0,0,0,0,0,0,0,0,0,0,0,0,0,0,0,0,0,0,0,0,0,0,0,0,1,0
7942,0,1,0,Palestinian,0,2986,0,0,0,0,0,0,0,0,0,0,0,0,0,0,0,0,0,0,0,0,0,0,0,0,0,0,0,1,0
7943,0,1,0,Palestinian,0,1545,0,0,0,0,0,0,0,0,0,0,0,0,0,0,0,0,0,0,0,0,0,0,0,0,0,0,0,1,0
7944,0,1,0,Palestinian,0,2449,0,0,0,0,0,0,0,0,0,0,0,0,0,0,0,0,0,0,0,0,0,0,0,0,0,0,0,1,0
7945,0,1,0,Palestinian,0,2091,0,0,0,0,0,0,0,0,0,0,0,0,0,0,0,0,0,0,0,0,0,0,0,0,0,0,0,1,0
7946,0,1,0,Palestinian,0,2131,0,0,0,0,0,0,0,0,0,0,0,0,0,0,0,0,0,0,0,0,0,0,0,0,0,0,0,1,0
7947,0,1,0,Palestinian,0,1939,0,0,0,0,0,0,0,0,0,0,0,0,0,0,0,0,0,0,0,0,0,0,0,0,0,0,0,1,0
7948,0,1,0,Palestinian,0,3665,0,0,0,0,0,0,0,0,0,0,0,0,0,0,0,0,0,0,0,0,0,0,0,0,0,0,0,1,0
7949,0,1,0,Palestinian,0,4219,0,0,0,0,0,0,0,0,0,0,0,0,0,0,0,0,0,0,0,0,0,0,0,0,0,0,0,1,0
7950,0,1,0,Palestinian,0,1462,0,0,0,0,0,0,0,0,0,0,0,0,0,0,0,0,0,0,0,0,0,0,0,0,0,0,0,1,0
7951,0,1,0,Palestinian,0,1395,0,0,0,0,0,0,0,0,0,0,0,0,0,0,0,0,0,0,0,0,0,0,0,0,0,0,0,1,0
7952,0,1,0,Palestinian,0,2048,0,0,0,0,0,0,0,0,0,0,0,0,0,0,0,0,0,0,0,0,0,0,0,0,0,0,0,1,0
7953,0,1,0,Palestinian,0,4157,0,0,0,0,0,0,0,0,0,0,0,0,0,0,0,0,0,0,0,0,0,0,0,0,0,0,0,1,0
7954,0,1,0,Palestinian,0,7041,0,0,0,0,0,0,0,0,0,0,0,0,0,0,0,0,0,0,0,0,0,0,0,0,0,0,0,1,0
7955,0,1,0,Palestinian,0,3487,0,0,0,0,0,0,0,0,0,0,0,0,0,0,0,0,0,0,0,0,0,0,0,0,0,0,0,1,0
7956,0,1,0,Palestinian,0,2931,0,0,0,0,0,0,0,0,0,0,0,0,0,0,0,0,0,0,0,0,0,0,0,0,0,0,0,1,0
7957,0,1,0,Palestinian,0,2616,0,0,0,0,0,0,0,0,0,0,0,0,0,0,0,0,0,0,0,0,0,0,0,0,0,0,0,1,0
7958,0,1,0,Palestinian,0,3283,0,0,0,0,0,0,0,0,0,0,0,0,0,0,0,0,0,0,0,0,0,0,0,0,0,0,0,1,0
7961,0,1,0,Palestinian,0,2790,0,0,0,0,0,0,0,0,0,0,0,0,0,0,0,0,0,0,0,0,0,0,0,0,0,0,0,1,0
7962,0,1,0,Palestinian,0,4323,0,0,0,0,0,0,0,0,0,0,0,0,0,0,0,0,0,0,0,0,0,0,0,0,0,0,0,1,0
7963,0,1,0,Palestinian,0,4231,0,0,0,0,0,0,0,0,0,0,0,0,0,0,0,0,0,0,0,0,0,0,0,0,0,0,0,1,0
7964,0,1,0,Palestinian,0,4834,0,0,0,0,0,0,0,0,0,0,0,0,0,0,0,0,0,0,0,0,0,0,0,0,0,0,0,1,0
7965,0,1,0,Palestinian,0,5548,0,0,0,0,0,0,0,0,0,0,0,0,0,0,0,0,0,0,0,0,0,0,0,0,0,0,0,1,0
7966,0,1,0,Palestinian,0,4393,0,0,0,0,0,0,0,0,0,0,0,0,0,0,0,0,0,0,0,0,0,0,0,0,0,0,0,1,0
7967,0,1,0,Palestinian,0,8219,0,0,0,0,0,0,0,0,0,0,0,0,0,0,0,0,0,0,0,0,0,0,0,0,0,0,0,1,0
7968,0,1,0,Palestinian,0,5756,0,0,0,0,0,0,0,0,0,0,0,0,0,0,0,0,0,0,0,0,0,0,0,0,0,0,0,1,0
7969,0,1,0,Palestinian,0,7199,0,0,0,0,0,0,0,0,0,0,0,0,0,0,0,0,0,0,0,0,0,0,0,0,0,0,0,1,0
8101,1,1,0,Jewish,2265,9098,945,1063,1043,778,710,509,517,569,584,543,435,362,331,289,218,193,828,0,248,112,90,377,0,2513,0,297,3569,1,0
8111,1,1,0,Jewish,344,1720,310,288,231,109,134,127,122,114,75,51,37,35,38,22,13,8,130,0,34,17,17,61,0,430,0,0,555,1,0
8121,1,1,0,Jewish,294,1470,265,246,197,93,114,109,105,97,64,43,32,30,32,19,11,7,113,0,23,14,11,54,8,347,0,92,474,1,0
8131,1,0,0,Jewish,165,825,148,138,110,52,64,61,58,54,36,24,18,16,18,10,6,4,60,0,13,8,6,27,4,195,0,0,266,1,0
8141,1,0,0,Jewish,650,3250,586,544,436,206,254,241,232,215,141,96,71,66,72,43,24,15,254,0,52,32,26,124,19,872,0,0,1048,1,0
8142,1,0,0,Jewish,795,3943,710,659,528,256,309,292,281,260,171,116,86,81,87,52,30,19,382,0,62,39,31,225,23,1520,0,246,1270,1,0
8143,1,0,0,Jewish,541,2537,450,418,335,187,208,185,178,165,108,74,54,51,55,33,19,12,298,0,39,24,19,198,14,943,0,649,805,1,0
8144,1,0,0,Jewish,145,725,130,121,97,45,56,53,51,48,31,21,15,14,16,9,5,3,55,0,11,7,5,26,4,172,0,23,233,1,0
8211,0,1,0,Palestinian,0,47938,0,0,0,0,0,0,0,0,0,0,0,0,0,0,0,0,0,0,0,0,0,0,0,0,0,0,0,1,0
8212,0,1,0,Palestinian,0,41553,0,0,0,0,0,0,0,0,0,0,0,0,0,0,0,0,0,0,0,0,0,0,0,0,0,0,0,1,0
8221,0,1,0,Palestinian,0,46032,0,0,0,0,0,0,0,0,0,0,0,0,0,0,0,0,0,0,0,0,0,0,0,0,0,0,0,1,0
8222,0,1,0,Palestinian,0,49219,0,0,0,0,0,0,0,0,0,0,0,0,0,0,0,0,0,0,0,0,0,0,0,0,0,0,0,1,0
8223,0,1,0,Palestinian,0,59839,0,0,0,0,0,0,0,0,0,0,0,0,0,0,0,0,0,0,0,0,0,0,0,0,0,0,0,1,0
8224,0,0,0,Palestinian,0,74795,0,0,0,0,0,0,0,0,0,0,0,0,0,0,0,0,0,0,0,0,0,0,0,0,0,0,0,1,0
8225,0,1,0,Palestinian,0,1685,0,0,0,0,0,0,0,0,0,0,0,0,0,0,0,0,0,0,0,0,0,0,0,0,0,0,0,1,0
8230,0,1,0,Palestinian,0,13315,0,0,0,0,0,0,0,0,0,0,0,0,0,0,0,0,0,0,0,0,0,0,0,0,0,0,0,1,0
8231,0,1,0,Palestinian,0,8783,0,0,0,0,0,0,0,0,0,0,0,0,0,0,0,0,0,0,0,0,0,0,0,0,0,0,0,1,0
8232,0,1,0,Palestinian,0,14610,0,0,0,0,0,0,0,0,0,0,0,0,0,0,0,0,0,0,0,0,0,0,0,0,0,0,0,1,0
8233,0,1,0,Palestinian,0,14829,0,0,0,0,0,0,0,0,0,0,0,0,0,0,0,0,0,0,0,0,0,0,0,0,0,0,0,1,0
8234,0,1,0,Palestinian,0,12311,0,0,0,0,0,0,0,0,0,0,0,0,0,0,0,0,0,0,0,0,0,0,0,0,0,0,0,1,0
8235,1,1,0,Jewish,0,0,0,0,0,0,0,0,0,0,0,0,0,0,0,0,0,0,0,0,0,0,0,0,0,0,0,0,0,1,0
8236,0,1,0,Palestinian,526,8402,0,0,0,343,176,6,0,0,0,0,0,0,0,0,0,0,27,0,0,0,0,27,0,0,0,625,0,1,0
8237,0,1,0,Palestinian,0,19930,0,0,0,0,0,0,0,0,0,0,0,0,0,0,0,0,0,0,0,0,0,0,0,0,0,0,0,1,0
8240,0,1,0,Palestinian,0,5597,0,0,0,0,0,0,0,0,0,0,0,0,0,0,0,0,0,0,0,0,0,0,0,0,0,0,0,1,0
8241,0,1,0,Palestinian,0,7680,0,0,0,0,0,0,0,0,0,0,0,0,0,0,0,0,0,0,0,0,0,0,0,0,0,0,0,1,0
8242,0,1,0,Palestinian,0,5922,0,0,0,0,0,0,0,0,0,0,0,0,0,0,0,0,0,0,0,0,0,0,0,0,0,0,0,1,0
8243,0,1,0,Palestinian,0,2886,0,0,0,0,0,0,0,0,0,0,0,0,0,0,0,0,0,0,0,0,0,0,0,0,0,0,0,1,0
8244,0,1,0,Palestinian,0,3819,0,0,0,0,0,0,0,0,0,0,0,0,0,0,0,0,0,0,0,0,0,0,0,0,0,0,0,1,0
8245,0,1,0,Palestinian,0,1417,0,0,0,0,0,0,0,0,0,0,0,0,0,0,0,0,1,0,0,0,0,1,0,0,0,21,0,1,0
8246,0,1,0,Palestinian,0,18723,0,0,0,0,0,0,0,0,0,0,0,0,0,0,0,0,0,0,0,0,0,0,0,0,0,0,0,1,0
8247,0,1,0,Palestinian,0,9721,0,0,0,0,0,0,0,0,0,0,0,0,0,0,0,0,0,0,0,0,0,0,0,0,0,0,0,1,0
8248,0,1,0,Palestinian,0,12559,0,0,0,0,0,0,0,0,0,0,0,0,0,0,0,0,0,0,0,0,0,0,0,0,0,0,0,1,0
8249,0,1,0,Palestinian,0,17449,0,0,0,0,0,0,0,0,0,0,0,0,0,0,0,0,0,0,0,0,0,0,0,0,0,0,0,1,0
8250,0,1,0,Palestinian,0,22301,0,0,0,0,0,0,0,0,0,0,0,0,0,0,0,0,0,0,0,0,0,0,0,0,0,0,0,1,0
8251,0,1,0,Palestinian,0,4529,0,0,0,0,0,0,0,0,0,0,0,0,0,0,0,0,0,0,0,0,0,0,0,0,0,0,0,1,0
8252,0,1,0,Palestinian,0,27013,0,0,0,0,0,0,0,0,0,0,0,0,0,0,0,0,0,0,0,0,0,0,0,0,0,0,0,1,0
8253,0,1,0,Palestinian,0,24575,0,0,0,0,0,0,0,0,0,0,0,0,0,0,0,0,0,0,0,0,0,0,0,0,0,0,0,1,0
8254,0,1,0,Palestinian,0,18950,0,0,0,0,0,0,0,0,0,0,0,0,0,0,0,0,0,0,0,0,0,0,0,0,0,0,0,1,0
8255,0,1,0,Palestinian,0,13286,0,0,0,0,0,0,0,0,0,0,0,0,0,0,0,0,0,0,0,0,0,0,0,0,0,0,0,1,0
8256,0,1,0,Palestinian,0,15138,0,0,0,0,0,0,0,0,0,0,0,0,0,0,0,0,0,0,0,0,0,0,0,0,0,0,0,1,0
8261,0,0,0,Palestinian,0,62623,0,0,0,0,0,0,0,0,0,0,0,0,0,0,0,0,0,0,0,0,0,0,0,0,0,0,0,1,0
8262,0,0,0,Palestinian,0,62677,0,0,0,0,0,0,0,0,0,0,0,0,0,0,0,0,0,0,0,0,0,0,0,0,0,0,0,1,0
8271,0,0,0,Palestinian,0,191412,0,0,0,0,0,0,0,0,0,0,0,0,0,0,0,0,0,0,0,0,0,0,0,0,0,0,0,1,0
8311,0,1,0,Jewish,1376,5782,572,691,649,497,375,260,319,405,433,432,335,223,170,155,120,140,464,0,137,55,41,188,41,1320,0,64,2367,1,0
8312,0,1,0,Jewish,1589,6675,661,798,750,574,432,300,368,467,500,498,387,258,196,179,138,162,558,0,158,63,47,240,47,1675,0,31,2732,1,0
8313,0,1,0,Jewish,824,3006,302,261,226,191,210,221,205,191,159,152,141,142,147,142,123,186,236,0,65,41,32,71,24,503,0,29,1257,1,0
8314,0,1,0,Jewish,0,0,0,0,0,0,0,0,0,0,0,0,0,0,0,0,0,0,0,0,0,0,0,0,0,0,0,0,0,1,0
8401,0,1,0,Jewish,749,3130,315,272,235,198,218,230,214,199,166,159,147,148,153,148,128,194,352,0,82,52,14,202,0,1419,0,0,1308,1,2
8402,0,1,0,Jewish,438,1833,184,159,137,116,128,134,125,116,97,93,86,86,89,87,75,113,159,0,43,30,13,71,0,475,0,52,766,1,2
8403,0,1,0,Jewish,1224,4959,499,431,372,315,346,364,339,315,263,252,234,234,243,235,203,308,372,0,73,73,97,128,0,896,0,0,2073,1,2
8404,0,1,0,Jewish,340,1428,141,170,160,122,92,64,78,100,107,106,82,55,42,38,29,34,44,0,0,0,0,44,0,311,0,0,584,1,2
8405,0,1,0,Jewish,574,2369,238,206,178,150,165,174,162,150,126,120,111,112,116,112,97,147,61,0,0,0,0,61,0,427,0,0,990,1,2
8406,0,1,0,Jewish,813,3000,290,250,217,259,236,215,197,183,153,146,136,136,141,137,118,179,303,0,42,56,42,163,0,1084,0,243,1206,1,2
8407,0,1,0,Jewish,511,2614,263,227,196,166,182,192,178,166,139,132,123,123,128,124,107,162,159,0,30,40,30,57,0,400,0,0,1093,1,2
8408,0,1,0,Jewish,520,2658,267,231,199,168,185,195,181,169,141,135,125,125,130,126,108,165,1348,0,348,464,348,188,0,1320,0,0,1111,1,2
8409,0,1,0,Jewish,108,378,38,32,28,24,26,27,25,24,20,19,17,17,18,17,15,23,27,0,10,4,6,6,0,44,0,0,158,1,2
8410,0,1,0,U_Orthodox,1838,12867,2547,2486,2251,1209,768,542,602,809,746,392,172,100,65,55,51,66,1245,0,193,165,193,694,0,4709,0,1094,2493,1,2
8411,0,1,0,U_Orthodox,567,3969,785,767,694,373,237,167,185,249,230,120,53,30,20,17,15,20,503,0,59,51,59,333,0,2198,0,1025,769,1,2
8412,0,1,0,U_Orthodox,2282,10775,1560,1377,1417,1701,1409,654,368,311,386,518,357,245,181,117,85,78,1262,0,162,138,162,798,0,4774,0,3662,2411,1,2
8413,0,1,0,Jewish,220,771,77,67,57,49,53,56,52,49,41,39,36,36,37,36,31,47,63,0,13,13,4,19,13,125,0,36,322,1,0
8414,0,1,0,Jewish,965,4581,461,398,344,291,320,336,313,291,243,232,216,217,224,217,187,284,295,0,57,77,57,102,0,714,0,0,1915,1,2
8415,0,1,0,Jewish,1329,5290,513,443,383,449,412,380,349,324,271,259,240,241,250,242,209,317,435,0,68,91,68,206,0,1377,0,192,2133,1,2
8416,0,1,0,Jewish,1127,5226,526,454,392,332,365,384,357,332,277,265,246,247,256,248,214,324,347,0,67,78,78,122,0,845,0,46,2184,1,2
8417,0,1,0,Jewish,540,2892,291,251,217,183,202,212,197,183,153,146,136,137,141,137,118,179,171,0,32,37,37,63,0,442,0,0,1209,1,2
8421,0,1,0,Jewish,0,0,0,0,0,0,0,0,0,0,0,0,0,0,0,0,0,0,1817,726,545,545,0,0,0,0,0,0,0,1,2
8422,0,1,0,Jewish,0,0,0,0,0,0,0,0,0,0,0,0,0,0,0,0,0,0,0,0,0,0,0,0,0,0,0,0,0,1,2
8423,0,1,0,Jewish,0,0,0,0,0,0,0,0,0,0,0,0,0,0,0,0,0,0,5400,3779,0,1080,540,0,0,0,0,0,0,1,2
8431,0,1,0,Jewish,400,1680,166,200,188,144,108,75,92,117,125,125,97,64,49,45,34,40,765,0,507,144,72,41,0,277,0,103,687,1,2
8432,0,1,0,Jewish,0,0,0,0,0,0,0,0,0,0,0,0,0,0,0,0,0,0,1775,0,355,1242,177,0,0,0,0,0,0,1,2
8433,0,1,0,Jewish,0,0,0,0,0,0,0,0,0,0,0,0,0,0,0,0,0,0,0,0,0,0,0,0,0,0,0,0,0,1,2
8434,0,1,0,Jewish,0,0,0,0,0,0,0,0,0,0,0,0,0,0,0,0,0,0,198,0,19,118,59,0,0,0,0,0,0,1,2
8435,0,1,0,Jewish,500,2100,207,251,236,180,136,94,116,147,157,156,121,81,61,56,43,50,607,557,0,0,0,49,0,347,0,0,859,1,2
8436,0,1,0,Jewish,0,0,0,0,0,0,0,0,0,0,0,0,0,0,0,0,0,0,244,0,48,183,12,0,0,0,0,0,0,1,2
8437,0,1,0,Jewish,0,0,0,0,0,0,0,0,0,0,0,0,0,0,0,0,0,0,0,0,0,0,0,0,0,0,0,0,0,1,2
8438,0,1,0,Jewish,203,713,71,62,53,45,49,52,48,45,37,36,33,33,34,33,29,44,61,0,12,12,4,20,12,145,0,0,298,1,0
8441,0,1,0,U_Orthodox,1020,7134,1412,1378,1248,672,426,300,334,448,413,217,95,55,36,30,28,36,727,0,152,61,91,422,0,2792,0,941,1382,1,2
8442,0,1,0,U_Orthodox,1968,13781,2728,2663,2411,1295,823,581,645,867,799,420,185,107,69,59,55,70,1305,0,295,118,177,715,0,4925,0,943,2670,1,2
8443,0,1,0,U_Orthodox,1124,7872,1558,1521,1377,739,470,331,368,495,456,239,105,61,39,34,31,40,785,0,168,67,101,448,0,2989,0,982,1525,1,2
8444,0,1,0,U_Orthodox,0,0,0,0,0,0,0,0,0,0,0,0,0,0,0,0,0,0,0,0,0,0,0,0,0,0,0,0,0,1,2
8445,0,1,0,U_Orthodox,0,0,0,0,0,0,0,0,0,0,0,0,0,0,0,0,0,0,0,0,0,0,0,0,0,0,0,0,0,1,2
8446,0,1,0,U_Orthodox,0,0,0,0,0,0,0,0,0,0,0,0,0,0,0,0,0,0,0,0,0,0,0,0,0,0,0,0,0,1,2
8447,0,1,0,U_Orthodox,500,2750,355,278,303,315,345,218,120,95,80,88,104,108,108,81,57,83,220,0,75,30,45,70,0,492,0,295,704,1,2
8448,0,1,0,U_Orthodox,600,3300,427,334,364,378,415,262,144,115,97,106,125,130,130,98,69,100,264,0,90,36,54,84,0,590,0,354,844,1,2
8449,0,1,0,U_Orthodox,604,4229,837,817,740,397,252,178,198,266,245,128,56,32,21,18,16,21,383,0,90,36,54,202,0,1403,0,289,819,1,2
8451,0,1,0,U_Orthodox,1056,6805,1055,932,959,826,806,427,249,211,261,351,242,166,123,79,57,53,624,0,156,62,94,311,0,2133,0,656,1551,1,2
8452,0,1,0,U_Orthodox,1767,7608,1260,1031,921,763,659,527,412,361,277,226,207,196,185,163,146,268,1257,0,250,100,150,757,0,5163,0,661,1776,1,2
8453,0,1,0,U_Orthodox,1420,7063,1036,915,942,1066,908,431,244,207,256,344,237,163,120,78,56,52,840,0,153,61,92,532,0,3339,0,1783,1585,1,2
8454,0,1,0,U_Orthodox,505,3283,510,450,463,395,388,206,120,102,126,169,117,80,59,38,27,25,340,0,75,30,45,188,0,1320,0,317,749,1,2
8455,0,1,0,U_Orthodox,1807,7729,1087,960,988,1330,1047,463,257,217,269,361,249,171,126,82,59,54,586,0,0,0,0,586,0,3726,0,1321,1716,1,2
8456,0,1,0,U_Orthodox,900,4950,640,502,546,567,622,393,216,172,145,160,187,195,195,147,103,150,1147,0,500,200,300,147,0,1032,0,531,1267,1,2
8457,0,1,0,U_Orthodox,969,6785,1343,1311,1187,637,405,286,317,426,393,206,91,52,34,29,27,34,619,0,145,58,87,328,0,2277,0,464,1314,1,2
8458,0,1,0,U_Orthodox,1075,7529,1490,1455,1317,707,449,317,352,473,436,229,101,58,38,32,30,38,755,0,161,64,96,432,0,2946,0,515,1458,1,2
8459,0,1,0,U_Orthodox,1272,4319,657,538,480,630,450,286,215,188,144,118,108,102,96,85,76,139,549,0,130,52,78,288,0,1785,0,967,984,1,2
8460,0,1,0,U_Orthodox,0,0,0,0,0,0,0,0,0,0,0,0,0,0,0,0,0,0,0,0,0,0,0,0,0,0,0,0,0,1,2
8461,0,1,0,U_Orthodox,1343,6855,871,683,744,851,883,539,294,234,198,217,255,266,266,200,141,205,589,0,147,147,73,222,0,1486,0,723,1744,1,2
8462,0,1,0,U_Orthodox,1770,9735,1259,987,1075,1116,1224,774,425,339,286,314,369,385,385,290,204,296,831,0,212,212,106,300,0,2101,0,1044,2492,1,2
8463,0,1,0,U_Orthodox,2200,12100,1566,1227,1336,1387,1521,962,528,421,355,391,459,478,479,360,253,368,1020,0,330,132,198,360,0,2497,0,1298,3098,1,2
8464,0,1,0,U_Orthodox,830,4565,590,463,504,523,574,363,199,159,134,147,173,180,180,136,95,139,365,0,124,49,74,116,0,816,0,489,1168,1,2
8465,0,1,0,U_Orthodox,528,2905,376,294,320,333,365,231,126,101,85,93,110,114,115,86,60,88,232,0,79,31,47,74,0,519,0,311,744,1,2
8466,0,1,0,U_Orthodox,0,0,0,0,0,0,0,0,0,0,0,0,0,0,0,0,0,0,0,0,0,0,0,0,0,0,0,0,0,1,2
8467,0,1,0,Jewish,0,0,0,0,0,0,0,0,0,0,0,0,0,0,0,0,0,0,0,0,0,0,0,0,0,0,0,0,0,1,2
8471,0,1,0,Jewish,483,2032,201,242,228,175,131,91,112,142,152,151,117,78,59,54,42,49,160,0,38,38,19,63,0,442,0,0,832,1,2
8472,0,1,0,U_Orthodox,2520,13862,1794,1406,1531,1590,1743,1102,605,483,407,448,526,548,548,413,290,422,1260,0,302,302,151,504,0,3482,0,1487,3549,1,2
8473,0,1,0,Jewish,2248,9444,935,1129,1061,813,612,424,521,661,707,705,548,365,278,253,196,229,708,0,224,89,134,258,0,1810,0,0,3866,1,2
8474,0,1,0,Jewish,1093,4591,454,548,516,395,297,206,253,321,344,343,266,177,135,123,95,111,334,0,109,43,65,115,0,809,0,0,1879,1,2
8475,0,1,0,U_Orthodox,1100,6050,783,613,668,693,760,481,264,210,177,195,229,239,239,180,126,184,484,0,165,66,99,154,0,1082,0,649,1549,1,2
8476,0,1,0,U_Orthodox,687,3779,489,383,417,433,475,300,165,131,111,122,143,149,149,112,79,115,302,0,103,41,61,96,0,676,0,405,967,1,2
8477,0,1,0,U_Orthodox,0,0,0,0,0,0,0,0,0,0,0,0,0,0,0,0,0,0,0,0,0,0,0,0,0,0,0,0,0,1,2
8481,0,1,0,U_Orthodox,0,0,0,0,0,0,0,0,0,0,0,0,0,0,0,0,0,0,0,0,0,0,0,0,0,0,0,0,0,1,2
8482,0,1,0,U_Orthodox,0,0,0,0,0,0,0,0,0,0,0,0,0,0,0,0,0,0,0,0,0,0,0,0,0,0,0,0,0,1,2
8483,0,1,0,U_Orthodox,0,0,0,0,0,0,0,0,0,0,0,0,0,0,0,0,0,0,0,0,0,0,0,0,0,0,0,0,0,1,2
8484,0,1,0,U_Orthodox,0,0,0,0,0,0,0,0,0,0,0,0,0,0,0,0,0,0,0,0,0,0,0,0,0,0,0,0,0,1,2
8485,0,1,0,U_Orthodox,0,0,0,0,0,0,0,0,0,0,0,0,0,0,0,0,0,0,0,0,0,0,0,0,0,0,0,0,0,1,2
8501,0,1,0,Jewish,1114,4681,463,559,526,403,303,210,258,328,350,349,271,180,138,125,97,113,414,0,100,44,33,191,44,1340,0,0,1916,1,0
8502,0,1,0,Jewish,789,3316,328,396,372,285,215,149,183,232,248,247,192,128,97,89,68,80,273,0,78,39,23,116,15,812,0,0,1357,1,0
8503,0,1,0,Jewish,0,0,0,0,0,0,0,0,0,0,0,0,0,0,0,0,0,0,2068,1241,620,206,0,0,0,0,0,0,0,1,1
8504,0,1,0,Jewish,0,0,0,0,0,0,0,0,0,0,0,0,0,0,0,0,0,0,2438,1462,731,243,0,0,0,0,0,0,0,1,1
8505,0,1,0,Jewish,216,760,76,66,57,48,53,55,52,48,40,38,35,36,37,36,31,47,123,0,21,13,8,80,0,552,0,41,318,1,0
8506,0,1,0,Jewish,127,294,21,19,17,15,17,18,17,17,15,15,13,12,14,16,18,43,2647,528,1056,792,264,5,0,41,0,0,115,1,1
8507,0,1,0,Jewish,795,2620,263,227,197,166,183,192,179,166,139,133,123,124,128,124,107,162,383,23,47,15,31,224,39,1535,0,271,1095,1,0
8508,0,1,0,Jewish,1283,5391,533,644,606,464,349,242,297,377,404,402,312,208,158,144,111,130,450,0,128,64,25,194,38,1346,0,21,2207,1,0
8511,0,1,0,Jewish,640,2688,266,321,302,231,174,120,148,188,201,200,156,103,79,72,55,65,254,51,38,25,12,126,0,874,0,42,1100,1,0
8512,1,1,0,Jewish,0,0,0,0,0,0,0,0,0,0,0,0,0,0,0,0,0,0,0,0,0,0,0,0,0,0,0,0,0,1,0
8513,0,1,0,Jewish,387,1625,160,194,182,139,105,73,89,113,121,121,94,62,47,43,33,39,123,0,23,19,23,46,11,322,0,0,665,1,0
8514,0,1,0,Jewish,995,4179,413,499,469,359,271,187,230,292,313,312,242,161,123,112,86,101,451,0,59,49,59,252,29,1765,0,0,1710,1,0
8601,0,1,0,Jewish,1250,5250,519,627,590,452,340,236,290,367,393,392,304,202,154,140,109,127,3600,0,2415,690,345,150,0,1051,0,0,2149,1,2
8602,0,1,0,Jewish,1013,3849,200,236,302,338,400,289,176,146,178,241,287,292,270,198,122,165,287,0,101,70,30,84,0,593,0,0,1756,1,2
8603,0,1,0,Jewish,1276,4848,252,297,381,426,504,364,222,185,224,304,362,368,341,249,154,208,511,0,140,76,38,256,0,1796,0,0,2213,1,2
8604,0,1,0,Jewish,967,3674,191,225,288,323,381,276,168,140,169,230,274,279,258,189,117,157,275,0,96,77,19,81,0,571,0,0,1677,1,2
8605,0,1,0,Jewish,1733,6585,343,404,517,579,684,494,302,251,304,413,492,500,463,339,210,282,609,0,173,138,34,262,0,1838,0,0,3005,1,2
8606,0,1,0,Jewish,1235,4693,244,288,369,412,487,352,215,179,217,294,350,356,330,241,149,201,367,0,135,74,37,120,0,846,0,0,2142,1,2
8611,0,1,0,Jewish,3355,14093,1395,1685,1584,1213,914,633,778,987,1056,1053,817,544,415,378,292,342,1188,0,301,268,100,517,0,3622,0,0,5770,1,2
8612,0,1,0,Jewish,2249,9447,935,1129,1061,813,612,424,521,661,708,705,548,365,278,253,196,229,797,0,202,179,67,347,0,2432,0,0,3868,1,2
8613,0,1,0,Jewish,1233,5178,512,619,582,445,335,232,286,362,388,386,300,200,152,139,107,125,607,0,110,98,36,361,0,2528,0,0,2120,1,2
8614,0,1,0,Jewish,3500,14700,1455,1757,1652,1265,953,661,812,1029,1101,1098,853,568,433,394,305,356,1799,0,630,560,210,397,0,2784,0,0,6018,1,2
8615,0,1,0,Jewish,500,2100,207,251,236,180,136,94,116,147,157,156,121,81,61,56,43,50,924,0,437,262,175,48,0,342,0,0,859,1,2
8616,0,1,0,Jewish,1331,5590,553,668,628,481,362,251,308,391,419,417,324,216,164,150,116,135,450,0,119,106,39,184,0,1290,0,0,2288,1,2
8621,0,1,0,Jewish,1227,4662,242,286,366,410,484,350,214,178,215,293,348,354,327,240,148,200,443,0,122,98,24,198,0,1388,0,0,2128,1,2
8622,0,1,0,Jewish,1310,4978,259,305,391,437,517,374,228,190,230,312,372,378,350,256,159,213,485,0,131,104,26,223,0,1567,0,0,2272,1,2
8623,0,1,0,Jewish,1000,4200,415,502,472,361,272,188,232,294,314,313,243,162,123,112,87,101,297,0,90,80,30,97,0,685,0,0,1719,1,2
8624,0,1,0,Jewish,2344,9846,975,1177,1106,847,638,442,543,689,738,735,571,380,290,264,204,239,784,0,211,187,70,316,0,2212,0,0,4031,1,2
8625,0,1,0,Jewish,1376,5781,572,691,649,497,374,260,319,405,433,431,335,223,170,155,120,140,460,0,123,110,41,185,0,1298,0,0,2367,1,2
8626,0,1,0,Jewish,1615,6783,671,811,762,584,439,305,374,475,508,506,393,262,199,182,140,164,581,0,161,129,32,258,0,1812,0,0,2777,1,2
8627,0,1,0,Jewish,1193,5010,496,599,563,431,324,225,276,351,375,374,290,193,147,134,104,121,499,0,119,95,23,261,0,1828,0,0,2051,1,2
8631,0,1,0,Jewish,719,2732,142,167,214,240,284,205,125,104,126,171,204,207,192,140,87,117,204,0,57,71,14,60,0,424,0,0,1247,1,2
8632,0,1,0,Jewish,717,2728,142,167,214,239,283,205,125,104,126,171,203,207,191,140,87,117,423,0,78,50,14,280,0,1962,0,0,1245,1,2
8633,0,1,0,Jewish,811,3083,160,189,242,271,320,231,141,117,142,193,230,234,216,158,98,132,235,0,89,56,16,72,0,509,0,0,1407,1,2
8641,0,1,0,Jewish,2299,9657,956,1154,1085,831,626,434,533,676,723,721,560,373,284,259,200,234,771,0,252,160,45,311,0,2181,0,0,3953,1,2
8642,0,1,0,Jewish,0,0,0,0,0,0,0,0,0,0,0,0,0,0,0,0,0,0,0,0,0,0,0,0,0,0,0,0,0,1,2
8651,1,1,0,Jewish,1685,5897,512,449,449,494,635,483,354,280,235,290,368,351,333,265,165,229,500,0,185,117,33,163,0,1144,0,0,2523,1,0
8652,0,1,0,Jewish,0,0,0,0,0,0,0,0,0,0,0,0,0,0,0,0,0,0,1400,0,1050,140,70,0,140,0,0,0,0,1,0
8653,0,1,0,Jewish,222,932,92,111,104,80,60,41,51,65,69,69,54,36,27,25,19,22,71,0,22,17,4,26,0,187,0,0,381,1,0
8661,1,1,0,U_Orthodox,3323,16296,2383,2104,2165,2490,2104,993,563,476,590,792,546,374,277,179,130,120,2035,0,353,141,212,1327,0,7991,0,7291,3655,1,2
8662,1,1,0,U_Orthodox,3756,18967,3513,3429,3105,2479,1429,789,831,1116,1029,540,238,137,89,76,70,91,1937,0,380,190,190,1176,0,7131,0,6078,3640,1,2
8663,1,1,0,U_Orthodox,2757,16054,3070,2997,2714,1818,1091,670,726,975,899,472,208,120,78,67,61,79,1530,0,332,166,166,865,0,5722,0,1102,3094,1,2
8664,1,1,0,U_Orthodox,3327,22412,4407,4303,3895,2189,1374,943,1042,1400,1291,678,299,173,112,96,88,114,2098,0,477,238,238,1144,0,7882,0,1523,4338,1,2
8665,1,1,0,U_Orthodox,1052,6726,1310,1279,1158,692,428,282,310,416,383,201,88,51,33,28,26,33,568,0,141,70,70,284,0,1925,0,453,1300,1,2
8666,1,1,0,U_Orthodox,4261,21518,3985,3890,3522,2810,1624,894,943,1266,1167,613,270,156,101,86,80,103,2145,0,517,172,172,1282,0,7975,0,4882,4129,1,2
8671,1,1,0,U_Orthodox,176,1147,178,157,162,138,135,72,42,35,44,59,40,28,20,13,9,8,170,0,29,13,10,117,0,810,0,110,261,1,2
8672,1,1,0,U_Orthodox,0,0,0,0,0,0,0,0,0,0,0,0,0,0,0,0,0,0,18,0,0,0,0,18,0,131,0,0,0,1,2
8673,1,1,0,Jewish,882,2925,248,218,217,283,327,236,171,135,114,140,178,170,161,128,80,111,275,0,81,49,32,112,0,727,0,232,1223,1,1
8674,1,1,0,U_Orthodox,631,2839,476,389,348,263,238,198,155,136,104,85,78,74,70,61,55,101,289,0,94,56,37,100,0,702,0,250,665,1,1
8681,0,1,0,Jewish,500,2100,207,251,236,180,136,94,116,147,157,156,121,81,61,56,43,50,148,0,45,40,15,48,0,342,0,0,859,1,2
8682,0,1,0,Jewish,0,0,0,0,0,0,0,0,0,0,0,0,0,0,0,0,0,0,2629,1314,394,920,0,0,0,0,0,0,0,1,2
8683,0,1,0,Jewish,0,0,0,0,0,0,0,0,0,0,0,0,0,0,0,0,0,0,0,0,0,0,0,0,0,0,0,0,0,1,2
8684,0,1,0,Jewish,0,0,0,0,0,0,0,0,0,0,0,0,0,0,0,0,0,0,6000,900,4200,900,0,0,0,0,0,0,0,1,2
8685,0,1,0,Jewish,0,0,0,0,0,0,0,0,0,0,0,0,0,0,0,0,0,0,0,0,0,0,0,0,0,0,0,0,0,1,2
8686,0,1,0,Jewish,0,0,0,0,0,0,0,0,0,0,0,0,0,0,0,0,0,0,0,0,0,0,0,0,0,0,0,0,0,1,2
8687,0,1,0,Jewish,0,0,0,0,0,0,0,0,0,0,0,0,0,0,0,0,0,0,1713,856,256,599,0,0,0,0,0,0,0,1,2
8691,1,1,0,Jewish,1622,7299,1078,1270,1143,560,441,355,432,575,451,342,220,148,110,83,52,28,741,0,162,97,64,417,0,2897,0,57,2421,1,0
8692,1,1,0,Jewish,1414,7070,1276,1184,949,448,552,525,505,468,308,209,154,145,156,94,54,34,577,0,113,113,56,294,0,2064,0,0,2281,1,0
8693,1,1,0,Jewish,695,3103,322,363,356,264,242,174,176,194,199,185,148,123,113,98,74,65,260,0,55,55,27,121,0,852,0,0,1218,1,0
8694,1,0,0,Jewish,2307,9693,959,1158,1089,834,628,435,535,679,726,724,562,374,285,260,201,235,845,0,184,184,92,383,0,2684,0,0,3968,1,0
8711,0,1,0,Palestinian,0,22169,0,0,0,0,0,0,0,0,0,0,0,0,0,0,0,0,0,0,0,0,0,0,0,0,0,0,0,1,0
8712,0,1,0,Palestinian,0,34725,0,0,0,0,0,0,0,0,0,0,0,0,0,0,0,0,0,0,0,0,0,0,0,0,0,0,0,1,0
8721,0,1,0,Palestinian,0,41030,0,0,0,0,0,0,0,0,0,0,0,0,0,0,0,0,0,0,0,0,0,0,0,0,0,0,0,1,0
8722,0,1,0,Palestinian,0,11691,0,0,0,0,0,0,0,0,0,0,0,0,0,0,0,0,0,0,0,0,0,0,0,0,0,0,0,1,0
8723,0,1,0,Palestinian,0,9403,0,0,0,0,0,0,0,0,0,0,0,0,0,0,0,0,0,0,0,0,0,0,0,0,0,0,0,1,0
8724,0,1,0,Palestinian,0,21833,0,0,0,0,0,0,0,0,0,0,0,0,0,0,0,0,0,0,0,0,0,0,0,0,0,0,0,1,0
8731,0,1,0,Palestinian,0,27095,0,0,0,0,0,0,0,0,0,0,0,0,0,0,0,0,0,0,0,0,0,0,0,0,0,0,0,1,0
8732,0,1,0,Palestinian,0,37917,0,0,0,0,0,0,0,0,0,0,0,0,0,0,0,0,0,0,0,0,0,0,0,0,0,0,0,1,0
8741,0,0,0,Palestinian,0,33802,0,0,0,0,0,0,0,0,0,0,0,0,0,0,0,0,0,0,0,0,0,0,0,0,0,0,0,1,0
8742,0,1,0,Palestinian,0,14573,0,0,0,0,0,0,0,0,0,0,0,0,0,0,0,0,0,0,0,0,0,0,0,0,0,0,0,1,0
8743,0,0,0,Palestinian,0,7977,0,0,0,0,0,0,0,0,0,0,0,0,0,0,0,0,0,0,0,0,0,0,0,0,0,0,0,1,0
8744,0,0,0,Palestinian,0,9584,0,0,0,0,0,0,0,0,0,0,0,0,0,0,0,0,0,0,0,0,0,0,0,0,0,0,0,1,0
8745,0,0,0,Palestinian,0,6368,0,0,0,0,0,0,0,0,0,0,0,0,0,0,0,0,0,0,0,0,0,0,0,0,0,0,0,1,0
8810,1,0,0,Jewish,2150,10042,1780,1653,1325,743,830,733,704,653,430,292,216,203,218,131,75,47,906,0,157,157,78,511,0,3353,0,227,3184,1,0
8811,1,0,0,Jewish,0,0,0,0,0,0,0,0,0,0,0,0,0,0,0,0,0,0,6800,5440,0,1360,0,0,0,0,0,0,0,1,0
8812,1,0,0,Jewish,1552,6984,1032,1215,1093,536,422,340,414,551,432,328,211,142,106,79,50,27,651,0,124,124,62,340,0,2386,0,0,2316,1,0
8813,1,0,0,Jewish,1026,5131,926,859,689,325,401,381,366,340,224,152,112,105,113,68,39,24,430,0,82,82,41,225,0,1575,0,0,1656,1,0
8814,1,0,0,Jewish,2771,11667,1171,1010,874,765,824,855,795,739,618,591,548,550,569,552,476,722,922,328,109,54,54,375,0,2274,0,824,4862,1,0
8815,1,0,0,U_Orthodox,2604,18228,3608,3522,3189,1713,1089,768,853,1146,1056,555,244,141,92,78,72,93,1848,390,156,117,117,1067,0,7378,0,1247,3531,1,0
8821,1,0,0,Jewish,0,0,0,0,0,0,0,0,0,0,0,0,0,0,0,0,0,0,0,0,0,0,0,0,0,0,0,0,0,1,0
8822,1,0,0,Jewish,3138,11241,1132,977,845,714,786,826,768,715,597,571,530,532,550,533,460,698,942,0,345,188,94,314,0,2199,0,0,4700,1,0
8823,1,0,0,Jewish,270,1134,112,135,127,97,73,50,62,79,85,84,65,43,33,30,23,27,98,0,29,16,8,44,0,313,0,0,464,1,0
8824,1,0,0,Jewish,2533,9626,501,591,757,846,1000,723,442,367,445,605,719,732,677,495,307,413,779,0,278,152,76,272,0,1907,0,0,4393,1,0
8825,1,0,0,Jewish,2955,4428,0,0,0,6,2654,1768,0,0,0,0,0,0,0,0,0,0,3021,0,0,0,0,3021,0,0,16382,143,1912,1,0
8831,1,0,0,Jewish,3370,14009,1379,1665,1565,1199,952,659,769,975,1043,1040,808,538,410,373,289,338,1362,0,265,265,132,699,0,3486,1814,0,5737,1,0
8832,1,0,0,Jewish,3431,14411,1427,1723,1619,1241,934,648,796,1009,1080,1076,836,557,424,386,299,349,1258,0,343,274,68,571,0,3991,0,23,5900,1,0
8833,1,0,0,Jewish,1068,4806,710,836,752,368,290,234,285,379,297,225,145,97,73,55,34,18,439,0,85,85,42,225,0,1581,0,0,1594,1,0
8834,1,0,0,Jewish,2388,10708,1113,1252,1229,911,835,600,609,670,688,639,512,427,390,340,257,227,900,0,191,191,95,422,0,2960,0,0,4204,1,0
8841,1,0,0,Jewish,1509,7244,1294,1201,962,505,585,533,512,475,313,212,157,147,159,95,54,34,618,129,57,57,43,331,0,2287,0,95,2313,1,0
8842,1,0,0,Jewish,0,0,0,0,0,0,0,0,0,0,0,0,0,0,0,0,0,0,1400,700,140,420,140,0,0,0,0,0,0,1,0
8843,1,0,0,Jewish,1395,6931,1249,1159,929,446,544,514,494,458,302,205,151,142,153,92,52,33,579,0,110,110,55,302,0,2025,0,153,2233,1,0
8851,1,0,0,Jewish,287,1435,259,240,192,90,112,106,102,95,62,42,31,29,31,19,10,6,112,0,22,22,11,55,0,388,0,0,463,1,0
8852,1,0,0,Jewish,806,3627,535,631,568,278,219,176,215,286,224,170,109,73,55,41,26,14,340,96,32,16,16,179,0,1256,0,0,1203,1,0
8861,1,0,0,Jewish,738,3099,306,370,348,266,201,139,171,217,232,231,179,119,91,83,64,75,344,0,22,14,14,197,95,1379,0,0,1269,1,0
8862,1,1,0,Jewish,750,3108,306,370,347,276,204,139,170,216,232,231,179,119,91,83,64,75,281,0,58,44,44,133,0,857,0,75,1267,1,0
8863,1,0,0,Jewish,343,1440,142,172,161,124,93,64,79,100,107,107,83,55,42,38,29,34,107,0,20,13,13,38,20,269,0,0,589,1,0
8864,1,0,0,Jewish,773,3237,320,386,363,281,209,145,178,226,242,241,187,125,95,86,67,78,234,0,23,23,15,80,92,503,0,95,1324,1,0
8871,1,0,0,Jewish,1851,8449,1488,1381,1107,657,710,614,589,546,360,244,180,169,183,109,63,40,843,65,131,65,65,514,0,3022,0,1076,2661,1,0
8881,1,1,0,Jewish,153,765,138,128,102,48,59,56,54,50,33,22,16,15,16,10,5,3,84,0,12,9,9,54,0,380,0,0,246,1,0
8882,1,1,0,Jewish,2626,13068,2356,2187,1753,838,1025,970,932,865,570,387,286,268,289,173,99,63,1141,0,208,156,156,619,0,4119,0,1240,4212,1,0
8911,0,0,0,Palestinian,0,3335,0,0,0,0,0,0,0,0,0,0,0,0,0,0,0,0,0,0,0,0,0,0,0,0,0,0,0,1,0
8912,0,0,0,Palestinian,0,51147,0,0,0,0,0,0,0,0,0,0,0,0,0,0,0,0,0,0,0,0,0,0,0,0,0,0,0,1,0
8913,0,0,0,Palestinian,0,10085,0,0,0,0,0,0,0,0,0,0,0,0,0,0,0,0,0,0,0,0,0,0,0,0,0,0,0,1,0
8914,0,0,0,Palestinian,0,3763,0,0,0,0,0,0,0,0,0,0,0,0,0,0,0,0,0,0,0,0,0,0,0,0,0,0,0,1,0
8921,0,1,0,Palestinian,0,4573,0,0,0,0,0,0,0,0,0,0,0,0,0,0,0,0,0,0,0,0,0,0,0,0,0,0,0,1,0
8922,0,0,0,Palestinian,0,25017,0,0,0,0,0,0,0,0,0,0,0,0,0,0,0,0,0,0,0,0,0,0,0,0,0,0,0,1,0
8923,0,0,0,Palestinian,0,9908,0,0,0,0,0,0,0,0,0,0,0,0,0,0,0,0,0,0,0,0,0,0,0,0,0,0,0,1,0
8924,0,0,0,Palestinian,0,11360,0,0,0,0,0,0,0,0,0,0,0,0,0,0,0,0,0,0,0,0,0,0,0,0,0,0,0,1,0
8931,0,0,0,Palestinian,0,16083,0,0,0,0,0,0,0,0,0,0,0,0,0,0,0,0,0,0,0,0,0,0,0,0,0,0,0,1,0
8932,0,0,0,Palestinian,0,32979,0,0,0,0,0,0,0,0,0,0,0,0,0,0,0,0,0,0,0,0,0,0,0,0,0,0,0,1,0
8941,0,0,0,Palestinian,0,15715,0,0,0,0,0,0,0,0,0,0,0,0,0,0,0,0,0,0,0,0,0,0,0,0,0,0,0,1,0
8942,0,0,0,Palestinian,0,24668,0,0,0,0,0,0,0,0,0,0,0,0,0,0,0,0,0,0,0,0,0,0,0,0,0,0,0,1,0
8943,0,0,0,Palestinian,0,26218,0,0,0,0,0,0,0,0,0,0,0,0,0,0,0,0,0,0,0,0,0,0,0,0,0,0,0,1,0
8944,0,0,0,Palestinian,0,63644,0,0,0,0,0,0,0,0,0,0,0,0,0,0,0,0,0,0,0,0,0,0,0,0,0,0,0,1,0
8951,0,1,0,Palestinian,0,8405,0,0,0,0,0,0,0,0,0,0,0,0,0,0,0,0,0,0,0,0,0,0,0,0,0,0,0,1,0
8952,0,0,0,Palestinian,0,76402,0,0,0,0,0,0,0,0,0,0,0,0,0,0,0,0,0,0,0,0,0,0,0,0,0,0,0,1,0
8953,0,0,0,Palestinian,0,61562,0,0,0,0,0,0,0,0,0,0,0,0,0,0,0,0,0,0,0,0,0,0,0,0,0,0,0,1,0
8954,0,0,0,Palestinian,0,259225,0,0,0,0,0,0,0,0,0,0,0,0,0,0,0,0,0,0,0,0,0,0,0,0,0,0,0,1,0
8955,0,0,0,Palestinian,0,16504,0,0,0,0,0,0,0,0,0,0,0,0,0,0,0,0,0,0,0,0,0,0,0,0,0,0,0,1,0
8956,0,0,0,Palestinian,0,16384,0,0,0,0,0,0,0,0,0,0,0,0,0,0,0,0,0,0,0,0,0,0,0,0,0,0,0,1,0
8957,0,0,0,Palestinian,0,22718,0,0,0,0,0,0,0,0,0,0,0,0,0,0,0,0,0,0,0,0,0,0,0,0,0,0,0,1,0
8961,0,0,0,Palestinian,0,12363,0,0,0,0,0,0,0,0,0,0,0,0,0,0,0,0,0,0,0,0,0,0,0,0,0,0,0,1,0
8962,0,0,0,Palestinian,0,11957,0,0,0,0,0,0,0,0,0,0,0,0,0,0,0,0,0,0,0,0,0,0,0,0,0,0,0,1,0
8963,0,0,0,Palestinian,0,105165,0,0,0,0,0,0,0,0,0,0,0,0,0,0,0,0,0,0,0,0,0,0,0,0,0,0,0,1,0
8964,0,0,0,Palestinian,0,32409,0,0,0,0,0,0,0,0,0,0,0,0,0,0,0,0,0,0,0,0,0,0,0,0,0,0,0,1,0
8965,0,0,0,Palestinian,0,66386,0,0,0,0,0,0,0,0,0,0,0,0,0,0,0,0,0,0,0,0,0,0,0,0,0,0,0,1,0
8966,0,0,0,Palestinian,0,6815,0,0,0,0,0,0,0,0,0,0,0,0,0,0,0,0,0,0,0,0,0,0,0,0,0,0,0,1,0
8970,0,0,0,Palestinian,0,41932,0,0,0,0,0,0,0,0,0,0,0,0,0,0,0,0,0,0,0,0,0,0,0,0,0,0,0,1,0
8971,0,0,0,Palestinian,0,43238,0,0,0,0,0,0,0,0,0,0,0,0,0,0,0,0,0,0,0,0,0,0,0,0,0,0,0,1,0
8972,0,0,0,Palestinian,0,29645,0,0,0,0,0,0,0,0,0,0,0,0,0,0,0,0,0,0,0,0,0,0,0,0,0,0,0,1,0
8973,0,0,0,Palestinian,0,85217,0,0,0,0,0,0,0,0,0,0,0,0,0,0,0,0,0,0,0,0,0,0,0,0,0,0,0,1,0
8974,0,0,0,Palestinian,0,41000,0,0,0,0,0,0,0,0,0,0,0,0,0,0,0,0,0,0,0,0,0,0,0,0,0,0,0,1,0
8975,0,0,0,Palestinian,0,9566,0,0,0,0,0,0,0,0,0,0,0,0,0,0,0,0,0,0,0,0,0,0,0,0,0,0,0,1,0
8976,0,0,0,Palestinian,0,28149,0,0,0,0,0,0,0,0,0,0,0,0,0,0,0,0,0,0,0,0,0,0,0,0,0,0,0,1,0
8977,0,0,0,Palestinian,0,82167,0,0,0,0,0,0,0,0,0,0,0,0,0,0,0,0,0,0,0,0,0,0,0,0,0,0,0,1,0
8978,0,0,0,Palestinian,0,75367,0,0,0,0,0,0,0,0,0,0,0,0,0,0,0,0,0,0,0,0,0,0,0,0,0,0,0,1,0
8979,0,0,0,Palestinian,0,30137,0,0,0,0,0,0,0,0,0,0,0,0,0,0,0,0,0,0,0,0,0,0,0,0,0,0,0,1,0
