TAZ,yosh,in_jerusalem_metropolin,jerusalem_city,sector,hh_total,pop,age0_4,age5_9,age10_14,age15_19,age20_24,age25_29,age30_34,age35_39,age40_44,age45_49,age50_54,age55_59,age60_64,age65_69,age70_74,age75up,emp_tot,indus,com_hotel,business,public,education,agri,student,univ,UO_Hi_Ed,pop_emp_employed,slope,urban
1,0,1,1,Jewish,1227,5032,506,437,378,319,351,370,344,320,267,255,237,238,246,238,206,312,3774,0,1446,1446,723,158,0,793,273,0,2120,1,2
2,0,1,1,Jewish,811,2004,84,99,127,397,285,134,74,61,74,101,121,123,113,83,51,69,1762,0,679,679,339,64,0,290,0,525,744,1,2
3,0,1,1,Jewish,589,1309,36,43,55,61,436,295,32,26,32,44,52,53,49,36,22,30,4814,0,1918,1438,1438,18,0,129,0,0,587,1,2
4,0,1,1,Jewish,513,1180,86,80,71,60,68,74,69,69,61,61,53,49,56,65,75,175,5225,0,3121,1560,520,22,0,156,0,0,469,1,2
5,0,1,1,Jewish,732,3077,304,367,345,265,199,138,170,215,230,229,178,118,90,82,63,74,3464,0,1340,1340,670,113,0,794,0,0,1269,1,2
6,0,1,1,Jewish,317,730,53,49,44,37,42,46,43,42,38,37,32,30,34,40,46,108,1456,0,576,576,288,14,0,98,0,0,290,1,2
7,0,1,1,Jewish,767,2918,152,179,229,256,303,219,133,111,134,183,218,221,205,150,93,125,3048,0,883,1471,588,105,0,736,0,0,1342,1,2
8,0,1,1,Jewish,403,1655,166,143,124,105,115,121,113,105,88,84,78,78,81,78,67,102,1932,0,568,947,378,37,0,247,0,57,697,1,2
9,0,1,1,Jewish,686,2881,285,344,323,248,186,129,159,201,215,215,167,111,84,77,59,69,2006,0,580,967,386,71,0,500,0,0,1188,1,2
10,0,1,1,Jewish,345,1451,143,173,163,125,94,65,80,101,108,108,84,56,42,38,30,35,2112,0,1031,412,618,50,0,352,0,0,599,1,2
11,0,1,1,Jewish,410,1201,121,104,90,76,84,88,82,76,63,61,56,56,58,57,49,74,3857,0,883,662,662,1648,0,179,9457,0,506,1,2
12,0,1,1,U_Orthodox,146,805,104,81,88,92,101,64,35,28,23,26,30,31,31,23,16,24,44,0,9,5,3,25,0,180,0,86,215,1,2
13,0,1,1,U_Orthodox,804,4036,511,400,436,510,522,316,172,137,116,127,149,156,156,117,82,120,360,0,0,0,0,360,0,844,517,423,1069,1,2
14,0,1,1,Jewish,67,256,13,15,20,22,26,19,11,9,11,16,19,19,18,13,8,11,5132,0,1024,1024,3074,7,0,55,0,0,117,1,2
15,0,1,1,Jewish,487,1998,201,173,150,127,139,146,136,127,106,101,94,94,97,94,81,124,2180,0,639,426,1066,48,0,337,0,0,842,1,2
101,0,1,1,U_Orthodox,1518,5331,603,472,514,984,788,388,203,162,137,150,176,184,184,138,97,141,607,0,148,59,88,310,0,1539,0,3507,1353,1,2
102,0,1,1,U_Orthodox,8820,17226,1294,1014,1104,5931,3450,1042,437,348,294,323,379,395,396,298,209,304,1646,85,227,113,142,1078,0,2614,0,24430,3874,1,2
103,0,1,1,U_Orthodox,2152,7963,919,720,784,1386,1153,593,310,247,208,229,269,281,281,211,148,216,883,0,225,90,135,433,0,2616,0,1843,2039,1,2
104,0,1,1,U_Orthodox,445,2193,276,216,235,284,286,169,93,74,62,69,81,84,84,63,44,65,98,0,0,0,0,98,0,637,0,369,579,1,2
105,0,1,1,Jewish,437,1823,170,147,127,196,157,127,115,107,90,86,79,80,82,80,69,105,516,0,22,9,13,471,0,749,2625,652,713,1,2
106,0,1,1,U_Orthodox,698,3840,497,389,424,440,483,305,167,133,112,124,145,151,152,114,80,116,547,0,21,8,12,504,0,967,2076,824,1025,1,2
107,0,1,1,U_Orthodox,950,1548,117,92,100,530,309,90,39,31,26,29,34,35,35,27,19,27,348,0,13,5,8,321,0,738,977,1952,347,1,2
108,0,1,1,U_Orthodox,534,2937,380,297,324,336,369,233,128,102,86,94,111,116,116,87,61,89,3257,0,1840,613,613,189,0,1238,0,704,784,1,2
109,0,1,1,U_Orthodox,2039,5374,534,418,456,1305,896,364,180,143,121,133,156,163,163,123,86,125,296,0,24,9,14,247,0,1080,0,2295,1306,1,2
110,0,1,1,U_Orthodox,1308,4646,528,413,450,845,684,342,178,142,119,131,154,161,161,121,85,124,264,0,21,8,13,221,0,966,0,3140,1183,1,2
111,0,1,1,U_Orthodox,1700,4460,436,342,372,1107,754,304,147,117,99,109,128,133,133,100,70,102,492,0,111,44,66,269,0,1250,0,2912,1081,1,2
112,0,1,1,U_Orthodox,3300,8567,833,653,711,2158,1454,577,281,224,189,208,244,254,254,191,134,196,887,0,172,86,172,455,0,2168,0,3853,2070,1,2
113,0,1,1,U_Orthodox,2150,6468,700,548,597,1328,997,461,236,188,159,175,205,214,214,161,113,164,985,0,164,65,98,656,0,1212,2626,2860,1618,1,2
201,0,1,1,Arab,0,0,0,0,0,0,0,0,0,0,0,0,0,0,0,0,0,0,1046,0,209,627,209,0,0,0,0,0,0,1,2
202,0,1,1,Arab,252,1170,93,93,93,93,81,81,70,58,58,70,58,58,70,46,46,93,1555,0,550,275,550,179,0,1255,0,0,302,1,2
203,0,1,1,Arab,566,2639,211,211,211,211,184,184,158,131,131,158,131,131,158,105,105,211,2961,433,1301,578,578,68,0,482,0,0,683,1,2
204,0,1,1,Arab,613,2868,229,229,229,229,200,200,172,143,143,172,143,143,172,114,114,229,2773,402,1206,536,536,92,0,647,0,0,742,1,2
205,0,1,1,Arab,422,2001,160,160,160,160,140,140,120,100,100,120,100,100,120,80,80,160,3098,0,1754,584,584,173,0,1215,0,0,517,1,2
206,0,1,1,Arab,200,947,75,75,75,75,66,66,56,47,47,56,47,47,56,37,37,75,2472,0,1425,475,475,96,0,675,0,0,245,1,2
207,0,1,1,Arab,247,1146,91,91,91,91,80,80,68,57,57,68,57,57,68,45,45,91,15,0,0,0,0,15,0,105,0,0,296,1,2
208,0,1,1,Arab,144,676,54,54,54,54,47,47,40,33,33,40,33,33,40,27,27,54,41,0,0,0,0,41,0,293,0,0,174,1,2
209,0,1,1,Arab,243,1123,89,89,89,89,78,78,67,56,56,67,56,56,67,44,44,89,1904,0,1134,189,567,13,0,95,0,0,290,1,2
301,0,1,1,Arab,5438,23872,2154,2154,1915,2029,1967,1681,1675,1436,1436,1436,1197,1197,957,718,718,1197,4232,0,2263,696,522,749,0,5117,0,650,6346,1,2
302,0,1,1,Jewish,2066,3805,122,145,185,1169,684,221,108,90,109,148,176,179,166,121,75,101,981,0,394,121,91,373,0,1323,0,4459,1085,1,2
303,0,1,1,Arab,658,2770,215,215,215,227,203,188,161,161,161,161,161,134,134,107,107,215,563,0,328,101,75,58,0,371,0,956,719,1,2
304,0,1,1,Arab,1207,5152,401,401,401,413,367,354,301,301,251,301,301,251,251,251,200,401,1139,0,587,180,135,235,0,1519,0,790,1318,1,2
401,0,1,1,Jewish,317,317,0,0,0,210,96,10,0,0,0,0,0,0,0,0,0,0,18,0,0,0,0,18,0,0,0,481,0,1,2
402,0,1,1,Jewish,0,0,0,0,0,0,0,0,0,0,0,0,0,0,0,0,0,0,0,0,0,0,0,0,0,0,0,0,0,1,2
403,0,1,1,Jewish,0,0,0,0,0,0,0,0,0,0,0,0,0,0,0,0,0,0,0,0,0,0,0,0,0,0,0,0,0,1,2
404,0,1,1,Jewish,360,829,60,56,50,42,47,52,48,48,43,42,37,35,39,46,53,122,17,0,0,0,0,17,0,122,0,0,329,1,2
405,0,1,1,Jewish,233,537,39,36,32,27,31,34,31,31,28,27,24,22,25,29,34,79,1732,0,860,344,516,11,0,79,0,0,213,1,2
406,0,1,1,Jewish,375,863,63,58,52,44,49,54,50,50,45,44,38,36,41,47,55,127,100,0,56,11,7,25,0,125,0,221,342,1,2
407,0,1,1,Jewish,170,392,28,26,23,20,22,24,23,22,20,20,17,16,18,21,25,58,7,0,0,0,0,7,0,55,0,0,155,1,2
408,0,1,1,Jewish,260,598,43,40,36,30,34,37,35,35,31,30,27,25,28,33,38,88,768,0,461,106,142,57,0,87,80,0,237,1,2
409,0,1,1,U_Orthodox,266,1197,200,164,146,111,100,83,65,57,44,36,33,31,29,26,23,42,6168,0,4903,612,612,39,0,275,0,105,292,1,2
501,0,1,1,Jewish,844,1943,142,132,117,100,112,123,114,113,101,100,87,82,92,108,125,288,418,0,113,189,75,39,0,277,0,0,772,1,2
502,0,1,1,Jewish,570,1311,96,89,79,67,75,83,77,76,68,67,59,55,62,72,84,194,431,0,161,161,80,26,0,186,0,0,521,1,2
503,0,1,1,Jewish,940,2162,158,147,131,111,125,137,127,126,113,111,97,91,103,120,139,320,698,0,291,175,116,114,0,801,0,0,859,1,2
504,0,1,1,Jewish,234,538,39,36,32,27,31,34,31,31,28,27,24,22,25,29,34,79,210,0,19,79,99,11,0,79,0,0,213,1,2
505,0,1,1,Jewish,1170,2692,197,183,163,138,155,170,158,157,140,139,121,113,128,149,173,399,288,0,93,93,46,54,0,378,0,0,1069,1,2
506,0,1,1,Jewish,597,1374,100,93,83,70,79,87,81,80,71,71,62,58,65,76,88,203,493,0,139,139,69,143,0,1006,0,0,546,1,2
507,0,1,1,Jewish,581,1336,98,90,80,68,77,84,78,78,69,69,60,56,63,74,85,198,266,0,71,95,71,28,0,196,0,0,531,1,2
508,0,1,1,Jewish,921,5066,510,440,380,322,354,372,346,322,269,257,239,240,248,240,207,314,366,0,96,72,72,125,0,860,0,288,2134,1,2
509,0,1,1,Jewish,535,903,47,44,39,202,113,49,38,38,34,33,29,27,31,36,41,96,365,0,39,52,39,234,0,1495,0,626,258,1,2
510,0,1,1,Jewish,117,270,19,18,16,13,15,17,15,15,14,13,12,11,12,15,17,40,2098,0,889,711,177,320,0,38,1413,0,107,1,2
511,0,1,1,Jewish,1460,3358,246,228,203,173,194,212,198,196,175,173,151,142,160,186,216,498,699,0,252,252,126,68,0,480,0,0,1334,1,2
601,0,1,1,Jewish,0,0,0,0,0,0,0,0,0,0,0,0,0,0,0,0,0,0,0,0,0,0,0,0,0,0,0,0,0,1,2
602,0,1,1,Jewish,0,0,0,0,0,0,0,0,0,0,0,0,0,0,0,0,0,0,6882,0,0,4818,2064,0,0,0,0,0,0,1,2
603,0,1,1,Jewish,0,0,0,0,0,0,0,0,0,0,0,0,0,0,0,0,0,0,959,0,0,479,479,0,0,0,0,0,0,1,2
604,0,1,1,Jewish,0,0,0,0,0,0,0,0,0,0,0,0,0,0,0,0,0,0,483,0,48,72,362,0,0,0,0,0,0,1,2
605,0,1,1,Jewish,974,2241,164,152,135,115,129,142,132,131,117,115,101,94,107,124,144,332,1374,0,77,38,77,1179,0,295,807,0,890,1,2
606,0,1,1,Jewish,645,967,0,0,0,0,580,387,0,0,0,0,0,0,0,0,0,0,0,0,0,0,0,0,0,0,0,0,421,1,2
607,0,1,1,Jewish,0,0,0,0,0,0,0,0,0,0,0,0,0,0,0,0,0,0,4816,0,240,3371,1204,0,0,0,0,0,0,1,2
608,0,1,1,Jewish,34,125,12,10,9,7,8,9,8,8,6,6,5,5,6,5,5,7,6206,0,148,2083,743,3230,0,2631,11521,0,53,1,2
609,0,1,1,Jewish,0,0,0,0,0,0,0,0,0,0,0,0,0,0,0,0,0,0,11239,0,561,7867,2809,0,0,0,0,0,0,1,2
610,0,1,1,Jewish,160,672,66,80,75,57,43,30,37,47,50,50,39,25,19,18,13,16,7816,0,779,5457,1559,20,0,141,0,0,277,1,2
611,0,1,1,Jewish,0,0,0,0,0,0,0,0,0,0,0,0,0,0,0,0,0,0,3217,0,965,1930,321,0,0,0,0,0,0,1,2
701,0,1,1,Jewish,1000,4200,415,502,472,361,272,188,232,294,314,313,243,162,123,112,87,101,6735,0,658,5270,658,147,0,1029,0,0,1732,1,2
702,0,1,1,Jewish,1185,4860,489,422,365,308,339,357,332,309,258,247,229,230,238,230,199,302,22745,0,4525,11314,6788,116,0,815,0,0,2047,1,2
703,0,1,1,Jewish,200,840,83,100,94,72,54,37,46,58,62,62,48,32,24,22,17,20,10994,0,4386,4934,1644,28,0,199,0,0,346,1,2
704,0,1,1,Jewish,253,1065,105,127,119,91,69,47,58,74,79,79,61,41,31,28,22,25,5437,0,810,3783,810,31,0,223,0,0,439,1,2
705,0,1,1,Jewish,75,315,31,37,35,27,20,14,17,22,23,23,18,12,9,8,6,7,1204,0,956,239,0,8,0,61,0,0,129,1,2
706,0,1,1,Jewish,129,543,53,65,61,46,35,24,30,38,40,40,31,21,16,14,11,13,6942,0,4848,2077,0,16,0,114,0,0,224,1,2
707,0,1,1,U_Orthodox,101,556,72,56,61,63,70,44,24,19,16,18,21,22,22,16,11,16,2874,0,1139,1139,569,26,0,188,0,59,148,1,2
708,0,1,1,Jewish,370,1554,153,185,174,133,100,69,85,108,116,116,90,60,45,41,32,37,4709,0,2331,2331,0,46,0,326,0,0,641,1,2
801,0,1,1,Jewish,1155,4682,469,405,350,309,331,342,318,296,248,237,220,220,228,221,191,289,138,0,0,0,0,138,0,789,0,1445,1965,1,2
802,0,1,1,Jewish,829,2698,248,214,185,307,240,189,169,157,131,125,116,117,121,117,101,153,86,0,0,0,0,86,0,422,0,845,1041,1,2
803,0,1,1,U_Orthodox,317,1427,239,196,175,132,119,99,78,68,52,43,39,37,35,31,27,50,45,0,0,0,0,45,0,321,0,125,349,1,2
804,0,1,1,Jewish,211,486,35,33,29,25,28,30,28,28,25,25,21,20,23,27,31,72,263,0,0,0,0,263,0,68,1314,0,193,1,2
805,0,1,1,U_Orthodox,376,2068,267,209,228,237,260,164,90,72,60,66,78,81,81,61,43,62,343,0,106,106,53,77,0,448,0,278,552,1,2
806,0,1,1,Jewish,820,2353,236,204,176,149,164,173,160,149,125,119,111,111,115,111,96,146,440,0,0,0,0,440,0,525,424,0,991,1,2
807,0,1,1,Jewish,624,1831,184,159,137,116,128,134,125,116,97,93,86,86,89,86,75,113,44,0,0,0,0,44,0,310,0,0,771,1,2
808,0,1,1,Jewish,1098,3055,307,265,229,194,213,224,208,194,162,155,144,144,149,145,125,189,71,0,0,0,0,71,0,501,0,0,1287,1,2
809,0,1,1,Jewish,756,3102,312,269,233,197,216,228,212,197,164,157,146,146,151,147,127,192,2052,0,987,592,395,77,0,520,0,57,1307,1,2
810,0,1,1,Jewish,1213,4974,500,432,373,316,347,365,340,316,264,252,234,235,243,236,203,309,2915,0,2234,279,279,122,0,855,0,0,2095,1,2
901,0,1,1,U_Orthodox,1336,7350,951,745,811,843,924,584,321,256,216,237,279,290,291,219,154,223,833,0,33,20,13,765,0,2615,2259,788,1963,1,2
902,0,1,1,U_Orthodox,471,2595,335,263,286,297,326,206,113,90,76,83,98,102,102,77,54,79,3494,0,2040,680,680,93,0,548,0,364,693,1,2
903,0,1,1,U_Orthodox,2269,8200,938,735,800,1463,1200,607,316,252,213,234,275,286,286,215,151,220,7340,0,4552,1400,1050,336,0,1903,0,1671,2093,1,2
904,0,1,1,U_Orthodox,539,3504,544,481,495,422,414,220,128,108,135,181,124,85,63,41,29,27,3095,0,890,1633,445,125,0,858,0,338,833,1,2
905,0,1,1,U_Orthodox,780,2444,266,208,227,491,376,176,89,71,60,66,78,81,81,61,43,62,473,0,23,31,23,395,0,2339,225,460,613,1,2
906,0,1,1,U_Orthodox,872,4717,608,476,519,552,596,373,205,163,138,152,178,185,186,140,98,143,470,0,145,58,87,178,0,1124,0,1497,1257,1,2
907,0,1,1,U_Orthodox,1159,5969,760,596,649,736,767,467,256,204,172,190,223,232,232,175,123,179,706,0,231,77,77,320,0,1864,0,2353,1583,1,2
908,0,1,1,U_Orthodox,999,5496,711,557,607,630,691,437,240,191,161,177,208,217,217,163,115,167,538,0,210,70,70,187,0,1277,0,589,1467,1,2
1001,0,1,1,Jewish,346,1212,122,105,91,77,84,89,82,77,64,61,57,57,59,57,49,75,4822,0,239,719,3837,25,0,179,0,0,510,1,2
1002,0,1,1,Jewish,0,0,0,0,0,0,0,0,0,0,0,0,0,0,0,0,0,0,5104,0,0,0,0,5104,0,0,26321,0,0,1,2
1003,0,1,1,Jewish,831,2909,292,252,218,184,203,213,198,185,154,147,137,137,142,138,119,180,216,0,83,41,41,50,0,350,0,0,1225,1,2
1004,0,1,1,Jewish,4779,8547,242,209,181,153,3849,2631,165,153,128,122,113,114,118,114,98,149,186,0,13,96,27,48,0,337,0,0,3688,1,2
1101,0,1,1,Arab,2293,9471,861,861,861,861,861,765,669,574,574,574,478,382,287,287,191,382,1100,137,275,137,137,412,0,2885,0,0,2515,1,2
1102,0,1,1,Arab,1104,4641,421,421,421,421,421,375,328,281,281,281,234,187,140,140,93,187,2977,564,846,1128,282,156,0,1093,0,0,1232,1,2
1103,0,1,1,Arab,1278,5303,482,482,482,482,482,428,374,321,321,321,267,214,160,160,107,214,587,76,153,76,76,204,0,1429,0,0,1408,1,2
1104,0,1,1,Arab,1518,6221,565,565,565,565,565,502,439,377,377,377,314,251,188,188,125,251,687,91,182,91,91,232,0,1624,0,0,1651,1,2
1201,0,1,1,Arab,3879,16066,1445,1445,1445,1445,1285,1285,1124,963,963,963,803,642,481,481,481,803,1901,116,581,232,232,737,0,5162,0,0,4201,1,2
1202,0,1,1,Arab,1085,4583,412,412,412,412,366,366,320,275,275,275,229,183,137,137,137,229,430,32,195,48,48,105,0,735,0,0,1198,1,2
1203,0,1,1,Arab,828,3493,314,314,314,314,279,279,244,209,209,209,174,139,104,104,104,174,370,24,149,37,37,122,0,855,0,0,913,1,2
1204,0,1,1,Arab,1862,7826,704,704,704,704,626,626,547,469,469,469,391,313,234,234,234,391,876,55,335,83,83,318,0,2226,0,0,2046,1,2
1205,0,1,1,Arab,0,0,0,0,0,0,0,0,0,0,0,0,0,0,0,0,0,0,0,0,0,0,0,0,0,0,0,0,0,1,2
1206,0,1,1,Arab,1902,7928,713,713,713,713,634,634,554,475,475,475,396,317,237,237,237,396,2380,210,841,420,630,277,0,1940,0,0,2073,1,2
1207,0,1,1,Arab,0,0,0,0,0,0,0,0,0,0,0,0,0,0,0,0,0,0,0,0,0,0,0,0,0,0,0,0,0,1,2
1301,0,1,1,Arab,1043,4695,422,422,375,375,375,328,328,281,281,281,234,234,187,140,140,281,120,0,0,0,0,120,0,844,0,0,1245,1,2
1302,0,1,1,Arab,929,4183,376,376,334,334,334,292,292,250,250,250,209,209,167,125,125,250,168,0,0,0,0,168,0,1160,0,44,1109,1,2
1303,0,1,1,Arab,912,4106,369,369,328,328,328,287,287,246,246,246,205,205,164,123,123,246,2542,366,732,488,854,100,0,705,0,0,1089,1,2
1304,0,1,1,Arab,917,4129,371,371,330,330,330,289,289,247,247,247,206,206,165,123,123,247,650,0,271,90,90,197,0,1365,0,148,1095,1,2
1305,0,1,1,Arab,0,0,0,0,0,0,0,0,0,0,0,0,0,0,0,0,0,0,766,0,76,153,536,0,0,0,0,0,0,1,2
1306,0,1,1,Arab,854,3847,346,346,307,307,307,269,269,230,230,230,192,192,153,115,115,230,1041,96,578,192,96,78,0,547,0,0,1020,1,2
1401,0,1,1,Jewish,1616,5656,569,491,425,359,395,415,386,359,300,287,266,267,277,268,231,351,437,0,226,64,32,114,0,800,0,0,2383,1,2
1402,0,1,1,Jewish,1808,6331,637,550,475,402,442,465,433,402,336,321,298,299,310,300,259,393,500,0,217,72,72,138,0,971,0,0,2667,1,2
1403,0,1,1,Jewish,779,2729,274,237,205,173,190,200,186,173,145,138,128,129,133,129,111,169,224,0,93,31,31,68,0,479,0,0,1150,1,2
1404,0,1,1,Jewish,282,990,99,86,74,62,69,72,67,62,52,50,46,46,48,47,40,61,260,0,186,23,23,27,0,189,0,0,417,1,2
1405,0,1,1,Jewish,600,2100,211,182,157,133,146,154,143,133,111,106,99,99,102,99,86,130,14065,0,0,11232,2808,24,0,169,0,0,884,1,2
2001,0,1,1,Jewish,235,825,83,71,62,52,57,60,56,52,43,41,38,39,40,39,33,51,68,0,23,23,0,20,0,146,0,0,347,1,2
2101,0,1,1,Arab,2644,12861,1169,1169,1169,1169,1169,1039,909,779,779,779,649,519,389,389,259,519,1204,0,436,198,158,411,0,2878,0,0,3415,1,2
2102,0,1,1,Arab,2029,9133,830,830,830,830,738,738,645,553,553,553,461,369,276,276,276,369,999,0,334,152,121,390,0,2733,0,0,2411,1,2
2103,0,1,1,Arab,1629,7282,662,662,662,662,588,588,514,441,441,441,367,294,220,220,220,294,672,0,268,122,97,184,0,1288,0,0,1922,1,2
2201,0,1,1,Arab,1857,7546,686,686,686,686,609,609,533,457,457,457,381,304,228,228,228,304,968,0,306,139,111,411,0,2878,0,0,1992,1,2
2202,0,1,1,Arab,2201,9157,832,832,832,832,740,740,647,555,555,555,462,370,277,277,277,370,944,0,363,165,132,283,0,1984,0,0,2418,1,2
2203,0,1,1,Arab,1740,7190,653,653,653,653,581,581,508,435,435,435,363,290,217,217,217,290,711,0,287,130,104,189,0,1326,0,0,1898,1,2
2301,0,1,1,Arab,1893,7945,701,701,701,701,701,623,545,467,467,467,389,389,233,233,233,389,819,0,312,142,113,251,0,1761,0,0,2089,1,2
2302,0,1,1,Arab,2284,9965,879,879,879,879,879,781,683,586,586,586,488,488,293,293,293,488,858,34,376,137,137,173,0,1215,0,0,2621,1,2
2303,0,1,1,Arab,3619,15333,1352,1352,1352,1352,1352,1202,1052,901,901,901,751,751,450,450,450,751,1475,54,597,217,217,389,0,2724,0,0,4032,1,2
2401,0,1,1,Arab,2324,11641,1058,1058,1058,1058,1058,940,823,705,705,705,587,470,352,352,235,470,1024,34,383,139,139,326,0,2288,0,0,3091,1,2
2402,0,1,1,Arab,5942,27629,2511,2511,2511,2511,2511,2232,1953,1674,1674,1674,1395,1116,837,837,558,1116,2178,89,980,356,356,395,0,2771,0,0,7336,1,2
2403,0,1,1,Arab,2043,10411,946,946,946,946,946,841,736,631,631,631,525,420,315,315,210,420,951,30,337,122,122,338,0,2368,0,0,2764,1,2
2404,0,1,1,Arab,2459,10995,989,989,989,989,989,879,769,769,659,659,549,439,329,329,219,439,1080,36,405,147,147,342,0,2400,0,0,2947,1,2
2501,0,1,1,Arab,3843,17115,1540,1540,1540,1540,1540,1369,1198,1198,1026,1026,855,684,513,513,342,684,1802,69,764,277,277,412,0,2888,0,0,4588,1,2
2502,0,1,1,Arab,0,0,0,0,0,0,0,0,0,0,0,0,0,0,0,0,0,0,0,0,0,0,0,0,0,0,0,0,0,1,2
2504,0,1,1,Arab,2138,9074,816,816,816,725,725,725,635,544,544,544,544,362,272,272,272,453,3883,171,1891,687,687,444,0,3108,0,0,2405,1,2
2505,0,1,1,Arab,1470,6514,586,586,586,586,586,521,456,456,390,390,325,260,195,195,130,260,1099,22,242,88,88,658,0,4611,0,0,1746,1,2
3001,0,1,1,Jewish,1467,5136,517,446,386,326,359,377,351,326,273,261,242,243,251,243,210,319,4251,208,1250,2292,416,83,0,584,0,0,2164,1,2
3002,0,1,1,Jewish,859,3008,302,261,226,191,210,221,205,191,160,152,141,142,147,142,123,186,3764,370,1110,1850,370,62,0,438,0,0,1267,1,2
3003,0,1,1,Jewish,2176,8818,863,1042,979,818,599,392,481,610,653,651,505,336,256,234,181,211,7000,671,2685,2685,671,286,0,1929,0,345,3596,1,2
3004,0,1,1,Jewish,1620,4318,380,328,283,598,428,296,258,240,200,192,178,178,185,179,154,234,7337,1811,1811,2898,724,90,0,432,0,670,1591,1,2
3005,0,1,1,Jewish,519,1818,183,158,136,115,127,133,124,115,96,92,85,86,89,86,74,113,4116,155,933,1867,155,1004,0,191,8727,0,766,1,2
3006,0,1,1,Jewish,1076,3766,379,327,283,239,263,276,257,239,200,191,177,178,184,178,154,234,4108,0,1207,2414,402,84,0,418,146,0,1587,1,2
3101,0,1,1,Jewish,3289,10533,1021,881,762,904,828,758,693,645,539,515,478,480,496,481,415,630,220,0,0,0,0,220,0,1396,0,400,4272,1,2
3102,0,1,1,Jewish,1830,7686,761,918,863,661,498,345,424,538,576,574,446,297,226,206,159,186,632,0,183,91,91,266,0,1863,0,0,3171,1,2
3103,0,1,1,Jewish,817,3433,339,410,385,295,222,154,189,240,257,256,199,132,101,92,71,83,543,0,220,154,66,103,0,721,0,0,1416,1,2
3104,0,1,1,Jewish,1382,4787,482,416,359,304,334,352,327,304,254,243,225,226,234,227,196,297,390,0,138,96,41,113,0,794,0,930,2017,1,2
3105,0,1,1,Jewish,393,1362,137,118,102,86,95,100,93,86,72,69,64,64,66,64,55,84,38,0,0,0,0,38,0,266,0,0,573,1,2
3106,0,1,1,Jewish,757,2539,255,220,190,161,177,186,173,161,135,129,119,120,124,120,104,157,1538,0,741,518,222,55,0,390,0,0,1070,1,2
3107,0,1,1,Jewish,827,2776,279,241,208,176,194,204,189,176,147,141,130,131,136,131,113,172,58,0,0,0,0,58,0,406,0,0,1169,1,2
3108,0,1,1,Jewish,981,3292,331,286,247,209,230,242,225,209,175,167,155,155,161,156,134,204,2274,0,1074,752,322,124,0,869,0,0,1387,1,2
3109,0,1,1,Jewish,586,1347,99,91,81,69,78,85,79,78,70,69,60,57,64,74,86,199,78,0,0,0,0,78,0,550,0,0,535,1,2
3110,0,1,1,Jewish,322,740,54,50,44,38,42,46,43,43,38,38,33,31,35,41,47,109,79,0,12,25,25,15,0,105,0,0,294,1,2
3111,0,1,1,Jewish,494,1137,83,77,68,58,65,72,67,66,59,58,51,48,54,63,73,168,122,0,69,9,19,24,0,168,0,0,452,1,2
3112,0,1,1,Jewish,1724,3966,291,269,240,204,229,251,233,232,207,205,179,167,189,220,255,588,631,0,137,137,274,83,0,583,0,0,1576,1,2
3113,0,1,1,Jewish,984,4132,409,494,464,355,268,185,228,289,309,308,239,159,121,110,85,100,590,0,240,120,120,108,0,758,0,0,1705,1,2
3201,0,1,1,Jewish,1742,7809,786,678,587,496,546,574,534,496,415,396,368,369,382,370,319,485,513,0,174,104,69,165,0,1157,0,0,3290,1,2
3202,0,1,1,Jewish,2477,8672,873,753,651,551,606,637,593,551,461,440,409,410,424,411,355,538,659,0,247,123,123,163,0,1144,0,0,3654,1,2
3203,0,1,1,Jewish,1607,6494,654,564,488,412,454,477,444,413,345,330,306,307,318,308,266,403,458,0,160,80,80,136,0,957,0,0,2736,1,2
3204,0,1,1,Jewish,1402,5878,591,511,441,373,411,432,402,373,312,298,277,278,288,279,240,365,431,0,140,70,70,151,0,1057,0,0,2476,1,2
3205,0,1,1,Jewish,822,3653,367,317,274,232,255,268,249,232,194,185,172,173,179,173,149,227,244,0,106,32,24,80,0,560,0,0,1539,1,2
3206,0,1,1,Jewish,353,812,59,55,49,41,47,51,47,47,42,42,36,34,38,45,52,120,143,0,49,7,14,72,0,116,343,0,323,1,2
3207,0,1,1,Jewish,647,2877,289,250,216,182,201,211,196,183,153,146,135,136,140,136,117,178,204,0,64,25,38,74,0,505,0,130,1212,1,2
3301,0,1,1,Jewish,2229,5558,235,277,355,1078,812,355,207,172,209,283,337,343,317,232,144,193,494,0,118,59,59,256,0,1288,0,2007,2078,1,2
3302,0,1,1,Jewish,1346,5115,266,314,402,450,531,384,234,195,236,321,382,389,359,263,163,219,481,0,134,67,67,212,0,1484,0,0,2352,1,2
3303,0,1,1,Jewish,1466,5572,290,342,438,490,579,418,255,212,257,350,416,423,391,286,178,239,513,0,146,73,73,220,0,1540,0,0,2562,1,2
3304,0,1,1,Jewish,1410,5358,279,329,421,471,556,402,246,204,247,336,400,407,376,275,171,229,549,0,141,56,84,267,0,1854,0,59,2464,1,2
3305,0,1,1,Jewish,1110,4221,219,259,331,371,438,317,193,161,195,265,315,321,296,217,134,181,364,0,155,22,44,141,0,992,0,0,1941,1,2
3306,0,1,1,Jewish,0,0,0,0,0,0,0,0,0,0,0,0,0,0,0,0,0,0,0,0,0,0,0,0,0,0,0,0,0,1,2
3307,0,1,1,Arab,0,0,0,0,0,0,0,0,0,0,0,0,0,0,0,0,0,0,0,0,0,0,0,0,0,0,0,0,0,1,2
3308,0,1,1,Jewish,2053,8625,854,1031,969,742,559,387,476,604,646,644,500,333,254,231,179,209,691,0,287,41,82,280,0,1966,0,0,3559,1,2
3309,0,1,1,Jewish,1039,4366,432,522,490,376,283,196,241,305,327,326,253,168,128,117,90,106,331,0,103,51,51,123,0,865,0,0,1801,1,2
3310,0,1,1,Jewish,585,2459,243,294,276,211,159,110,135,172,184,183,142,95,72,66,51,59,176,0,58,29,29,59,0,418,0,0,1014,1,2
3401,0,1,1,Jewish,2144,8532,859,741,641,542,596,627,583,542,453,433,402,404,418,405,349,530,629,0,214,128,85,200,0,1388,0,195,3595,1,2
3402,0,1,1,Jewish,1331,5704,574,495,428,362,398,419,390,362,303,289,269,270,279,270,233,354,947,0,245,409,163,128,0,897,0,0,2403,1,2
3403,0,1,1,Jewish,1439,6166,620,536,463,391,431,453,421,392,328,313,290,292,302,292,252,383,432,0,143,71,71,144,0,1011,0,148,2598,1,2
3404,0,1,1,Jewish,291,1382,139,120,103,87,96,101,94,87,73,70,65,65,67,65,56,85,90,0,29,11,17,32,0,226,0,0,582,1,2
3405,0,1,1,Jewish,2359,11211,1128,974,842,712,784,824,766,713,596,569,528,531,549,532,459,696,732,0,235,94,141,260,0,1821,0,0,4723,1,2
3501,0,1,1,Jewish,939,4170,419,362,313,265,291,306,285,265,221,211,196,197,204,198,170,259,288,0,103,46,37,101,0,707,0,0,1757,1,2
3502,0,1,1,Jewish,1167,4509,454,391,338,286,315,331,308,286,239,229,212,213,220,214,184,280,335,0,128,35,70,102,0,717,0,0,1899,1,2
3503,0,1,1,Jewish,803,3104,312,269,233,197,217,228,212,197,165,157,146,147,152,147,127,192,238,0,88,40,32,77,0,505,0,104,1307,1,2
3504,0,1,1,Jewish,455,1911,189,228,214,164,123,85,105,133,143,142,110,73,56,51,39,46,150,0,45,22,22,59,0,414,0,0,788,1,2
3505,0,1,1,Jewish,574,2102,211,182,158,133,147,154,143,133,111,106,99,99,103,99,86,130,166,0,80,11,22,51,0,362,0,0,885,1,2
3506,0,1,1,Jewish,1631,6181,622,537,464,392,432,454,422,393,328,314,291,292,302,293,253,384,471,0,130,130,65,145,0,1015,0,0,2604,1,2
3507,0,1,1,Jewish,705,2833,285,246,212,180,198,208,193,180,150,143,133,134,138,134,116,176,210,0,56,56,28,69,0,486,0,0,1193,1,2
3508,0,1,1,Jewish,1077,4108,406,350,303,305,303,299,275,256,214,205,190,191,197,191,165,250,312,0,110,50,40,111,0,708,0,317,1700,1,2
3509,0,1,1,Jewish,800,3041,158,186,239,267,316,228,139,116,140,191,227,231,213,156,97,130,283,0,112,16,32,123,0,862,0,0,1398,1,2
3601,0,1,1,Arab,206,824,74,74,65,65,65,57,57,49,49,49,49,41,24,24,24,49,18,0,0,0,0,18,0,131,0,0,218,1,2
3602,0,1,1,Arab,1337,5432,488,488,434,434,434,380,380,325,325,325,325,271,162,162,162,325,247,0,0,0,0,247,0,1732,0,0,1440,1,2
3603,0,1,1,Arab,1093,4616,415,415,369,369,369,323,323,276,276,276,276,230,138,138,138,276,495,0,196,65,65,167,0,1169,0,0,1224,1,2
3604,0,1,1,Arab,1272,5287,475,475,423,423,423,370,370,317,317,317,317,264,158,158,158,317,475,38,229,38,76,93,0,653,0,0,1402,1,2
3605,0,1,1,Arab,655,2668,240,240,213,213,213,186,186,160,160,160,160,133,80,80,80,160,267,0,127,29,39,70,0,494,0,0,707,1,2
3606,0,1,1,Arab,1235,5148,463,463,411,411,411,360,360,308,308,308,308,257,154,154,154,308,495,0,222,74,74,124,0,872,0,0,1365,1,2
3607,0,1,1,Arab,0,0,0,0,0,0,0,0,0,0,0,0,0,0,0,0,0,0,0,0,0,0,0,0,0,0,0,0,0,1,2
3608,0,1,0,Palestinian,0,1518,0,0,0,0,0,0,0,0,0,0,0,0,0,0,0,0,0,0,0,0,0,0,0,0,0,0,0,1,0
3609,0,1,1,Arab,727,3085,277,277,246,246,246,216,216,185,185,185,185,154,92,92,92,185,264,10,130,21,54,46,0,324,0,0,818,1,2
3610,0,1,1,Arab,1110,4678,421,421,374,374,374,327,327,280,280,280,280,233,140,140,140,280,407,33,199,33,66,74,0,521,0,0,1240,1,2
3701,0,1,1,Jewish,2384,7841,746,644,557,757,648,558,506,471,394,376,349,351,363,352,303,460,604,0,215,97,78,213,0,1203,0,1105,3123,1,2
3702,0,1,1,Jewish,1113,4833,486,420,363,307,338,355,330,307,257,245,228,228,236,229,198,300,339,0,111,44,66,117,0,820,0,0,2036,1,2
3703,0,1,1,Jewish,1313,5703,574,495,428,362,398,419,390,362,303,289,269,270,279,270,233,354,131,0,0,0,0,131,0,921,0,0,2403,1,2
3704,0,1,1,Jewish,924,3136,315,272,235,199,219,230,214,199,166,159,147,148,153,148,128,194,280,0,0,0,0,280,0,1962,0,0,1321,1,2
3705,0,1,1,Jewish,1306,6022,606,523,452,382,421,442,411,383,320,306,284,285,295,286,246,374,405,0,169,52,39,144,0,1008,0,262,2537,1,2
3706,0,1,1,Jewish,1337,4540,457,394,341,288,317,333,310,288,241,230,214,215,222,215,186,282,365,0,173,53,40,98,0,686,0,0,1912,1,2
3707,0,1,1,Jewish,1035,3633,363,314,271,242,257,265,247,229,192,183,170,171,177,171,148,224,286,0,122,30,50,83,0,562,0,143,1523,1,2
3708,0,1,1,Jewish,827,2940,296,255,221,186,205,216,201,187,156,149,138,139,144,139,120,182,286,0,91,41,33,120,0,843,0,0,1238,1,2
3709,0,1,1,Jewish,1029,4469,450,388,335,284,312,328,305,284,237,227,210,211,218,212,183,277,88,0,0,0,0,88,0,619,0,0,1883,1,2
3801,0,1,1,Jewish,969,3393,341,295,255,215,237,249,232,215,180,172,160,160,166,161,139,210,264,0,126,29,38,70,0,494,0,0,1429,1,2
3802,0,1,1,Jewish,1174,4109,413,357,308,261,287,302,281,261,218,208,193,194,201,195,168,255,334,0,93,70,70,99,0,697,0,0,1731,1,2
3803,0,1,1,Jewish,588,2059,207,179,154,130,144,151,140,130,109,104,97,97,100,97,84,127,233,0,35,35,47,115,0,808,0,0,867,1,2
3804,0,1,1,Jewish,1496,5237,527,455,393,332,366,385,358,333,278,266,247,248,256,248,214,325,416,0,164,74,59,117,0,823,0,0,2206,1,2
3805,0,1,1,Jewish,1084,3794,382,329,285,241,265,279,259,241,201,192,179,179,185,180,155,235,305,0,65,65,86,88,0,619,0,0,1598,1,2
3806,0,1,1,Jewish,676,2405,242,209,180,152,168,176,164,152,127,122,113,113,117,114,98,149,184,0,74,33,27,49,0,343,0,0,1013,1,2
3807,0,1,1,Jewish,1247,4364,439,379,328,277,305,320,298,277,232,221,205,206,213,207,178,271,374,0,112,49,87,124,0,873,0,0,1839,1,2
3808,0,1,1,Jewish,1110,3887,391,337,292,247,271,285,265,247,206,197,183,184,190,184,159,241,297,0,111,44,66,74,0,524,0,0,1638,1,2
3809,0,1,1,Jewish,1012,3543,356,308,266,225,247,260,242,225,188,180,167,167,173,168,145,220,276,0,111,50,40,73,0,514,0,0,1493,1,2
3901,0,1,1,Jewish,439,1010,74,68,61,52,58,64,59,59,52,52,45,42,48,56,64,149,2783,0,1934,552,276,20,0,143,0,0,401,1,2
3902,0,1,1,Jewish,58,243,24,29,27,20,15,10,13,17,18,18,14,9,7,6,5,5,2008,0,1000,800,200,8,0,60,0,0,100,1,2
3903,0,1,1,Jewish,736,2519,253,219,189,160,176,185,172,160,134,128,118,119,123,119,103,156,61,0,0,0,0,61,0,432,0,0,1061,1,2
3904,0,1,1,Jewish,453,1902,188,227,213,163,123,85,105,133,142,142,110,73,56,51,39,46,64,0,0,0,0,64,0,454,0,0,785,1,2
3905,0,1,1,Jewish,648,1491,109,101,90,76,86,94,87,87,77,77,67,63,71,82,95,221,159,0,77,25,25,29,0,208,0,275,592,1,2
3906,0,1,1,Jewish,1072,3064,287,248,214,181,323,292,195,181,152,145,134,135,140,135,117,177,349,0,0,0,0,349,0,540,1650,0,1293,1,2
3907,0,1,1,Jewish,830,2536,255,220,190,161,177,186,173,161,134,128,119,120,124,120,103,157,151,0,0,0,0,151,0,1057,0,0,1068,1,2
3908,0,1,1,Jewish,1324,4788,482,416,359,304,334,352,327,304,254,243,225,226,234,227,196,297,5324,0,2863,1301,1041,118,0,826,0,0,2017,1,2
3909,0,1,1,Jewish,884,2033,149,138,123,104,117,128,119,119,106,105,91,86,97,113,130,301,219,0,106,35,35,42,0,297,0,0,808,1,2
3910,0,1,1,Jewish,1388,3193,234,217,193,164,184,202,188,187,166,165,144,135,152,177,205,473,343,0,138,55,83,65,0,460,0,0,1269,1,2
3911,0,1,1,Jewish,1424,4529,437,377,326,398,358,324,297,276,231,220,205,205,212,206,178,270,409,0,0,0,0,409,0,633,2019,855,1831,1,2
3912,0,1,1,Jewish,620,1427,104,97,86,73,82,90,84,83,74,73,64,60,68,79,91,211,2941,0,1658,552,552,177,0,1245,0,0,567,1,2
3913,0,1,1,Jewish,588,1352,99,91,81,69,78,85,79,79,70,69,61,57,64,75,87,200,113,0,0,0,0,113,0,792,0,0,537,1,2
4001,0,1,1,U_Orthodox,1027,4623,776,634,567,429,388,322,253,222,170,139,127,120,114,100,90,165,475,0,200,61,46,167,0,1080,0,639,1131,1,2
4002,0,1,1,U_Orthodox,2436,7117,760,595,648,1500,1115,506,256,204,172,190,223,232,232,175,123,178,634,0,232,71,53,276,0,1313,0,2870,1774,1,2
4003,0,1,1,U_Orthodox,544,2507,324,254,276,287,315,199,109,87,73,81,95,99,99,74,52,76,240,0,73,40,48,77,0,520,0,269,669,1,2
4004,0,1,1,U_Orthodox,0,0,0,0,0,0,0,0,0,0,0,0,0,0,0,0,0,0,72,0,0,0,0,72,0,504,0,1001,0,1,2
4005,0,1,1,U_Orthodox,2060,3851,279,218,238,1375,786,223,94,75,63,69,81,85,85,64,45,65,372,0,27,65,16,262,0,1145,0,2238,855,1,2
4006,0,1,1,Jewish,305,1159,60,71,91,101,120,87,53,44,53,72,86,88,81,59,37,49,488,0,6,30,24,427,0,2994,0,0,533,1,2
4007,0,1,1,U_Orthodox,348,1566,262,215,192,145,131,109,85,75,57,47,43,40,38,34,30,55,163,0,52,26,26,59,0,378,0,330,383,1,2
4008,0,1,1,Jewish,0,0,0,0,0,0,0,0,0,0,0,0,0,0,0,0,0,0,0,0,0,0,0,0,0,0,0,0,0,1,2
4009,0,1,1,Jewish,0,0,0,0,0,0,0,0,0,0,0,0,0,0,0,0,0,0,0,0,0,0,0,0,0,0,0,0,0,1,2
4010,0,1,1,U_Orthodox,1055,4747,796,651,582,441,398,331,260,228,175,143,130,123,117,103,92,169,474,0,189,63,63,158,0,1107,0,418,1161,1,2
4011,0,1,1,U_Orthodox,2502,4656,357,280,304,1577,921,279,120,96,81,89,104,109,109,82,57,84,580,0,118,36,27,398,0,1790,0,4248,1050,1,2
4101,0,1,1,Jewish,5638,12062,454,535,685,2982,1920,769,400,332,403,547,651,663,613,449,278,374,971,0,229,91,137,512,0,2387,0,3447,4009,1,2
4102,0,1,1,Jewish,0,0,0,0,0,0,0,0,0,0,0,0,0,0,0,0,0,0,0,0,0,0,0,0,0,0,0,0,0,1,2
4103,0,1,1,Jewish,1299,1778,0,0,0,226,966,585,0,0,0,0,0,0,0,0,0,0,4524,0,429,1001,1430,1664,0,893,10838,1648,626,1,2
4104,0,1,1,U_Orthodox,663,3266,422,331,360,374,410,259,142,113,96,105,124,129,129,97,68,99,1069,0,191,287,479,109,0,768,0,350,872,1,2
4105,0,1,1,Jewish,0,0,0,0,0,0,0,0,0,0,0,0,0,0,0,0,0,0,6160,0,616,1848,3696,0,0,0,0,0,0,1,2
4201,0,1,1,Jewish,3446,11617,1169,1009,873,738,812,854,794,738,617,590,548,550,569,551,476,721,933,0,275,206,206,244,0,1690,0,72,4894,1,2
4202,0,1,1,Jewish,2481,7758,781,674,583,493,542,570,530,493,412,394,366,367,380,368,317,482,681,0,198,148,148,185,0,1295,0,0,3269,1,2
4301,0,1,1,Jewish,0,0,0,0,0,0,0,0,0,0,0,0,0,0,0,0,0,0,0,0,0,0,0,0,0,0,0,0,0,1,2
4302,0,1,1,Jewish,0,0,0,0,0,0,0,0,0,0,0,0,0,0,0,0,0,0,4601,0,1150,3220,230,0,0,0,0,0,0,1,2
4303,0,1,1,Jewish,0,0,0,0,0,0,0,0,0,0,0,0,0,0,0,0,0,0,6046,0,1753,2338,1753,200,0,0,1468,0,0,1,2
4304,0,1,1,Jewish,0,0,0,0,0,0,0,0,0,0,0,0,0,0,0,0,0,0,0,0,0,0,0,0,0,0,0,0,0,1,2
4305,0,1,1,Jewish,0,0,0,0,0,0,0,0,0,0,0,0,0,0,0,0,0,0,563,0,506,0,0,56,0,393,0,0,0,1,2
4306,0,1,1,Jewish,980,3430,345,298,257,218,239,252,234,218,182,174,161,162,168,162,140,213,3492,0,857,2400,171,63,0,445,0,0,1445,1,2
4307,0,1,1,Jewish,0,0,0,0,0,0,0,0,0,0,0,0,0,0,0,0,0,0,3809,0,1142,1523,1142,0,0,0,0,0,0,1,2
4401,0,1,1,Jewish,733,3003,302,261,225,190,210,220,205,191,159,152,141,142,147,142,123,186,220,0,43,43,58,73,0,517,0,0,1265,1,2
4402,0,1,1,Jewish,3186,5756,362,312,270,1658,906,337,246,228,191,182,169,170,176,170,147,223,499,0,102,51,51,293,0,1273,0,2355,1515,1,2
4403,0,1,1,Jewish,926,4269,429,371,320,271,298,313,292,271,227,217,201,202,209,202,174,265,294,0,92,64,27,109,0,745,0,327,1799,1,2
4404,0,1,1,Jewish,567,2198,221,191,165,139,153,161,150,139,116,111,103,104,107,104,90,136,167,0,56,39,17,53,0,376,0,0,926,1,2
4405,0,1,1,Jewish,843,3541,350,423,398,304,229,159,195,248,265,264,205,136,104,95,73,85,284,0,50,84,33,115,0,809,0,0,1461,1,2
4406,0,1,1,Jewish,1337,5083,264,312,399,447,528,382,233,194,235,319,380,386,357,261,162,218,438,0,107,107,53,170,0,1193,0,249,2337,1,2
4407,0,1,1,Jewish,303,1151,60,70,90,101,119,86,52,43,53,72,86,87,81,59,36,49,30,0,0,0,0,30,0,215,0,0,529,1,2
4501,0,1,1,Jewish,2031,5141,219,259,331,982,716,348,193,161,195,265,315,321,296,217,134,181,383,0,111,44,66,161,0,804,0,951,1941,1,2
4502,0,1,1,Jewish,2110,9481,954,824,712,602,663,697,648,603,504,481,447,449,464,450,388,589,635,0,211,84,126,213,0,1496,0,0,3994,1,2
4503,0,1,1,Jewish,3044,10656,1073,926,801,677,745,783,728,677,566,541,502,504,522,506,436,662,854,0,426,91,91,245,0,1719,0,0,4490,1,2
4504,0,1,1,Jewish,3969,12914,1149,992,858,725,1696,1437,780,726,607,580,538,540,559,542,467,709,853,0,356,118,118,258,0,1774,0,98,5462,1,2
4505,0,1,1,Jewish,1217,5695,573,495,428,362,398,418,389,362,302,289,268,269,279,270,233,353,378,0,97,48,97,134,0,944,0,0,2399,1,2
4506,0,1,1,Jewish,2182,8092,814,703,608,514,565,595,553,514,430,411,381,383,396,384,331,502,610,0,218,87,130,174,0,1220,0,0,3409,1,2
4507,0,1,1,Jewish,775,2811,283,244,211,178,196,206,192,178,149,142,132,133,137,133,115,174,222,0,93,31,31,67,0,474,0,0,1184,1,2
4508,0,1,1,Jewish,2913,14328,1442,1245,1077,910,1002,1053,979,911,762,728,676,678,702,680,587,890,1279,0,192,192,577,316,0,2217,0,0,6037,1,2
4601,0,1,1,Jewish,1513,5431,546,472,408,345,379,399,371,345,288,276,256,257,266,257,222,337,422,0,181,45,75,120,0,840,0,0,2288,1,2
4602,0,1,1,Jewish,404,1697,168,203,190,146,110,76,93,118,127,126,98,65,50,45,35,41,128,0,40,20,20,47,0,332,0,0,700,1,2
4603,0,1,1,Jewish,851,3236,168,198,254,284,336,243,148,123,149,203,241,246,227,166,103,138,254,0,119,17,34,83,0,586,0,0,1488,1,2
4604,0,1,1,Jewish,1084,3785,381,329,284,240,264,278,258,240,201,192,178,179,185,179,155,235,302,0,108,43,65,85,0,596,0,0,1595,1,2
4605,0,1,1,Jewish,3610,13248,1323,1142,988,905,950,969,899,836,699,668,620,622,644,624,538,816,1009,0,350,140,210,308,0,2031,0,598,5538,1,2
4606,0,1,1,Jewish,0,0,0,0,0,0,0,0,0,0,0,0,0,0,0,0,0,0,137,0,0,25,101,11,0,77,0,0,0,1,2
4607,0,1,1,Jewish,659,2506,130,154,197,220,260,188,115,95,115,157,187,190,176,129,80,107,195,0,65,26,39,64,0,448,0,0,1152,1,2
4608,0,1,1,Jewish,1436,5228,526,454,392,332,365,384,357,332,278,265,246,247,256,248,214,324,408,0,201,28,57,120,0,846,0,0,2202,1,2
4611,0,1,1,Jewish,600,2521,249,301,283,217,163,113,139,176,188,188,146,97,74,67,52,61,198,0,60,30,30,78,0,546,0,0,1040,1,2
4612,0,1,1,Jewish,461,1752,91,107,137,154,182,131,80,66,81,110,131,133,123,90,55,75,161,0,46,23,23,69,0,483,0,0,806,1,2
4701,0,1,1,Jewish,392,1610,162,140,121,102,112,118,110,102,85,81,76,76,78,76,66,100,117,0,43,15,11,38,7,270,0,0,678,1,2
4702,0,1,1,Jewish,463,1901,191,165,142,120,132,139,130,120,101,96,89,90,93,90,77,118,137,0,51,18,13,45,9,316,0,0,801,1,2
4703,0,1,1,Jewish,1385,5819,576,695,654,501,377,261,321,407,436,434,337,224,171,156,120,141,2630,0,124,1743,622,140,0,981,0,0,2401,1,2
4704,0,1,1,Jewish,1880,7896,782,944,887,680,512,355,436,553,591,590,458,305,232,212,163,191,682,0,224,112,112,234,0,1638,0,0,3258,1,2
4705,0,1,1,Jewish,1195,5022,497,600,564,432,325,225,277,351,376,375,291,194,148,134,104,121,388,0,119,59,59,148,0,1042,0,0,2072,1,2
4706,0,1,1,Jewish,0,0,0,0,0,0,0,0,0,0,0,0,0,0,0,0,0,0,0,0,0,0,0,0,0,0,0,0,0,1,2
4707,0,1,0,Jewish,0,0,0,0,0,0,0,0,0,0,0,0,0,0,0,0,0,0,0,0,0,0,0,0,0,0,0,0,0,1,2
4708,0,1,0,Jewish,0,0,0,0,0,0,0,0,0,0,0,0,0,0,0,0,0,0,0,0,0,0,0,0,0,0,0,0,0,1,2
4709,0,1,1,Jewish,269,1106,111,96,83,70,77,81,75,70,58,56,52,52,54,52,45,68,79,0,29,10,8,25,5,181,0,0,466,1,2
4712,0,1,1,Jewish,0,0,0,0,0,0,0,0,0,0,0,0,0,0,0,0,0,0,0,0,0,0,0,0,0,0,0,0,0,1,2
4713,0,1,1,Jewish,0,0,0,0,0,0,0,0,0,0,0,0,0,0,0,0,0,0,0,0,0,0,0,0,0,0,0,0,0,1,2
4714,0,1,1,Jewish,0,0,0,0,0,0,0,0,0,0,0,0,0,0,0,0,0,0,1723,0,1378,172,172,0,0,0,0,0,0,1,2
4715,0,1,1,Jewish,0,0,0,0,0,0,0,0,0,0,0,0,0,0,0,0,0,0,4414,0,441,3973,0,0,0,0,0,0,0,1,2
4716,0,1,1,Jewish,0,0,0,0,0,0,0,0,0,0,0,0,0,0,0,0,0,0,3796,0,112,560,1570,1553,0,0,9094,0,0,1,2
4717,0,1,1,Jewish,0,0,0,0,0,0,0,0,0,0,0,0,0,0,0,0,0,0,3819,0,381,763,2673,0,0,0,0,0,0,1,2
4718,0,1,1,Jewish,0,0,0,0,0,0,0,0,0,0,0,0,0,0,0,0,0,0,1643,0,82,410,1150,0,0,0,0,0,0,1,2
4801,0,1,0,Jewish,0,0,0,0,0,0,0,0,0,0,0,0,0,0,0,0,0,0,0,0,0,0,0,0,0,0,0,0,0,1,1
4802,0,1,1,Jewish,0,0,0,0,0,0,0,0,0,0,0,0,0,0,0,0,0,0,164,0,0,0,0,164,0,1153,0,0,0,1,2
4803,0,1,0,Jewish,0,0,0,0,0,0,0,0,0,0,0,0,0,0,0,0,0,0,0,0,0,0,0,0,0,0,0,0,0,1,2
4804,0,1,0,Jewish,0,0,0,0,0,0,0,0,0,0,0,0,0,0,0,0,0,0,0,0,0,0,0,0,0,0,0,0,0,1,1
4805,0,1,0,Jewish,0,0,0,0,0,0,0,0,0,0,0,0,0,0,0,0,0,0,0,0,0,0,0,0,0,0,0,0,0,1,2
4901,0,1,1,Jewish,899,3319,334,288,249,210,232,244,227,211,176,168,156,157,162,157,136,206,361,0,116,35,26,181,0,1273,0,0,1398,1,2
4902,0,1,1,Jewish,1226,4502,453,391,338,286,314,331,307,286,239,228,212,213,220,213,184,279,352,0,98,73,73,107,0,750,0,0,1897,1,2
4903,0,1,1,Jewish,1816,5534,495,427,369,312,713,608,336,312,261,249,232,232,240,233,201,305,1097,0,112,84,84,816,0,736,3797,0,2340,1,2
4904,0,1,1,Jewish,781,2735,275,237,205,173,191,201,187,174,145,139,129,129,134,129,112,170,214,0,109,15,31,58,0,409,0,0,1152,1,2
4905,0,1,1,Jewish,2244,7857,791,683,590,499,549,577,537,499,417,399,370,372,384,373,321,488,620,0,224,89,134,171,0,1201,0,0,3310,1,2
4906,0,1,1,Jewish,1808,6024,586,506,437,502,472,428,398,370,309,296,274,276,285,276,238,362,2139,0,209,64,48,1817,0,1169,10098,592,2455,1,2
4907,0,1,1,Jewish,409,1555,81,95,122,136,161,116,71,59,71,97,116,118,109,80,49,66,143,0,32,32,16,61,0,430,0,0,715,1,2
5001,0,1,1,Jewish,0,0,0,0,0,0,0,0,0,0,0,0,0,0,0,0,0,0,26691,0,2664,22645,1332,49,0,0,293,0,0,1,2
5002,0,1,1,Jewish,582,582,0,0,0,387,176,18,0,0,0,0,0,0,0,0,0,0,10740,0,1070,9098,535,36,0,0,0,925,0,1,2
5003,0,1,1,Jewish,0,0,0,0,0,0,0,0,0,0,0,0,0,0,0,0,0,0,0,0,0,0,0,0,0,0,0,0,0,1,2
5004,0,1,1,Jewish,0,0,0,0,0,0,0,0,0,0,0,0,0,0,0,0,0,0,0,0,0,0,0,0,0,0,0,0,0,1,2
5101,0,1,1,U_Orthodox,906,5651,871,769,792,706,675,353,205,174,216,289,199,137,101,65,47,43,523,0,103,77,77,265,0,1637,0,1409,1340,1,2
5102,0,1,1,U_Orthodox,762,4112,529,415,452,482,520,325,178,142,120,132,155,162,162,121,85,124,398,0,111,55,55,175,0,1171,0,439,1096,1,2
5103,0,1,1,U_Orthodox,1028,5658,732,573,625,649,711,450,247,197,166,183,214,223,224,168,118,172,503,0,185,61,61,194,0,1272,0,607,1511,1,2
5104,0,1,1,U_Orthodox,1578,7557,945,741,807,1007,992,589,319,254,214,236,277,289,289,217,153,222,680,0,259,79,59,281,0,1572,0,2347,1992,1,2
5105,0,1,1,U_Orthodox,2159,8008,909,712,775,1463,1182,587,306,244,206,227,266,277,278,209,147,213,934,0,228,70,52,581,0,3473,0,2605,2037,1,2
5106,0,1,1,U_Orthodox,878,4851,729,644,663,669,601,300,172,145,180,242,167,114,85,55,39,36,432,0,140,43,32,216,0,1422,0,453,1143,1,2
5107,0,1,1,U_Orthodox,619,3396,439,344,374,391,426,270,148,118,99,109,128,134,134,101,71,103,346,0,132,20,50,143,0,930,0,592,906,1,2
5108,0,1,1,Jewish,1182,3470,329,284,245,342,290,245,223,207,173,166,154,154,160,155,133,203,97,0,0,0,0,97,0,557,0,574,1376,1,2
5109,0,1,1,Jewish,0,0,0,0,0,0,0,0,0,0,0,0,0,0,0,0,0,0,0,0,0,0,0,0,0,0,0,0,0,1,2
5110,0,1,1,Jewish,0,0,0,0,0,0,0,0,0,0,0,0,0,0,0,0,0,0,0,0,0,0,0,0,0,0,0,0,0,1,2
5111,0,1,1,U_Orthodox,874,4807,622,487,530,551,604,382,210,167,141,155,182,190,190,143,100,146,399,0,131,65,65,137,0,941,0,515,1283,1,2
5112,0,1,1,Jewish,0,0,0,0,0,0,0,0,0,0,0,0,0,0,0,0,0,0,0,0,0,0,0,0,0,0,0,0,0,1,2
5201,0,1,1,U_Orthodox,1608,6577,796,623,679,988,903,502,268,214,180,198,233,243,243,183,128,187,643,0,177,70,106,289,0,1513,0,3055,1712,1,2
5202,0,1,1,U_Orthodox,1755,4941,503,394,430,1146,806,340,170,135,114,125,147,154,154,116,81,118,522,0,138,42,31,310,0,1734,0,1531,1212,1,2
5203,0,1,1,U_Orthodox,820,4510,583,457,498,517,567,358,197,157,132,145,171,178,178,134,94,137,346,0,0,0,0,346,0,937,1160,1011,1204,1,2
5204,0,1,1,U_Orthodox,439,2416,312,245,266,277,303,192,105,84,71,78,91,95,95,72,50,73,122,0,15,4,3,99,0,658,0,296,645,1,2
5205,0,1,1,U_Orthodox,896,4931,638,500,544,565,620,392,215,171,145,159,187,195,195,146,103,150,167,0,0,0,0,167,0,1173,0,529,1317,1,2
5206,0,1,1,U_Orthodox,188,1038,134,105,114,119,130,82,45,36,30,33,39,41,41,30,21,31,1936,0,285,1524,95,30,0,216,0,111,277,1,2
5207,0,1,1,U_Orthodox,1847,5726,613,480,523,1199,895,408,207,165,139,153,180,187,187,141,99,144,320,0,0,0,0,320,0,1059,714,1167,1429,1,2
5208,0,1,1,U_Orthodox,1464,8044,1040,815,888,925,1011,639,351,280,236,260,305,318,318,239,168,244,845,0,285,87,65,406,0,2720,0,863,2148,1,2
5209,0,1,1,U_Orthodox,1402,5713,681,534,581,900,797,432,230,183,154,170,200,208,208,156,110,160,662,0,143,71,71,375,0,1768,390,2132,1480,1,2
5210,0,1,1,U_Orthodox,1701,6046,687,538,586,1098,891,445,232,185,156,171,201,210,210,158,111,161,961,0,188,57,43,671,0,1520,2137,3452,1539,1,2
5211,0,1,1,U_Orthodox,2303,5160,480,376,410,1390,904,339,162,129,109,120,141,146,147,110,77,113,715,0,141,51,64,458,0,2009,0,6463,1230,1,2
5212,0,1,1,U_Orthodox,2177,6483,697,546,595,1348,1010,459,235,187,158,174,204,213,213,160,112,164,950,0,227,48,48,625,0,3056,305,5878,1618,1,2
5213,0,1,1,U_Orthodox,2080,6645,724,567,618,1343,1020,476,244,195,164,180,212,221,221,166,117,170,589,0,216,46,46,280,0,1397,0,2090,1666,1,2
5214,0,1,1,U_Orthodox,1193,4089,463,363,395,746,604,300,156,125,105,115,136,141,141,106,75,109,877,0,144,31,31,670,0,760,3053,1921,1040,1,2
5301,0,1,1,U_Orthodox,686,2174,235,184,200,445,337,155,79,63,53,58,69,71,71,54,38,55,206,0,44,29,24,107,0,480,0,1216,543,1,2
5302,0,1,1,U_Orthodox,2155,6565,697,546,595,1387,1065,447,235,187,158,174,204,213,213,160,112,164,249,0,0,0,0,249,0,1253,0,1929,1623,1,2
5303,0,1,1,Jewish,2623,9973,972,839,725,824,781,712,660,614,513,490,455,457,472,458,395,599,267,0,0,0,0,267,0,1632,0,821,4067,1,2
5304,0,1,1,U_Orthodox,814,2774,299,234,255,436,492,273,100,80,67,74,87,91,91,68,48,70,300,0,0,0,0,300,0,734,885,1799,733,1,2
5305,0,1,1,U_Orthodox,2215,10617,1318,1033,1125,1319,1472,900,445,355,299,329,386,403,403,303,213,310,388,0,0,0,0,388,0,2430,0,1248,2831,1,2
5306,0,1,1,U_Orthodox,969,5334,690,541,589,611,670,424,233,186,156,172,202,211,211,158,111,162,208,0,0,0,0,208,0,1437,0,572,1424,1,2
5307,0,1,1,Jewish,189,793,78,94,89,68,51,35,43,55,59,59,46,30,23,21,16,19,64,0,26,5,5,26,0,188,0,0,327,1,2
5401,0,1,1,Jewish,20,86,8,10,9,7,5,3,4,6,6,6,5,3,2,2,1,2,6272,0,1169,4092,584,427,0,121,2442,0,35,1,2
5402,0,1,1,Jewish,99,415,41,49,46,35,26,18,22,29,31,31,24,16,12,11,8,10,4832,177,1063,2126,177,1287,0,74,4039,182,171,1,2
5403,0,1,1,Jewish,0,0,0,0,0,0,0,0,0,0,0,0,0,0,0,0,0,0,5248,261,1047,3405,523,9,0,68,0,0,0,1,2
5404,0,1,1,Jewish,117,444,23,27,34,39,46,33,20,16,20,27,33,33,31,22,14,19,5153,0,1020,3570,510,52,0,226,122,0,204,1,2
5405,0,1,1,Jewish,0,0,0,0,0,0,0,0,0,0,0,0,0,0,0,0,0,0,4259,0,851,2979,425,2,0,0,0,192,0,1,2
5406,0,1,1,Jewish,0,0,0,0,0,0,0,0,0,0,0,0,0,0,0,0,0,0,0,0,0,0,0,0,0,0,0,0,0,1,2
5407,0,1,1,Jewish,0,0,0,0,0,0,0,0,0,0,0,0,0,0,0,0,0,0,4276,855,641,1069,1710,0,0,0,0,0,0,1,2
5408,0,1,1,Jewish,1030,2062,134,162,152,584,303,84,74,94,101,101,78,52,39,36,28,32,4567,673,2246,1123,449,74,0,212,0,1125,559,1,2
5409,0,1,1,Jewish,0,0,0,0,0,0,0,0,0,0,0,0,0,0,0,0,0,0,0,0,0,0,0,0,0,0,0,0,0,1,2
5501,0,1,1,Jewish,460,460,0,0,0,306,137,15,0,0,0,0,0,0,0,0,0,0,368,0,68,45,114,138,0,698,0,886,0,1,2
5502,0,1,1,U_Orthodox,2729,8893,961,753,820,1827,1379,632,324,259,218,240,282,294,294,221,155,226,684,0,247,76,57,303,0,1470,0,1882,2223,1,2
5503,0,1,1,U_Orthodox,856,5997,1187,1159,1049,563,358,252,280,377,347,182,80,46,30,25,23,30,133,0,0,0,0,133,0,936,0,410,1214,1,2
5504,0,1,1,U_Orthodox,920,3308,392,307,334,532,464,249,132,105,89,98,115,119,120,90,63,92,415,0,96,38,58,222,0,1317,0,1019,854,1,2
5505,0,1,1,U_Orthodox,975,4108,519,406,443,525,533,321,175,139,117,129,152,158,158,119,84,122,403,0,171,52,39,140,0,854,0,550,1087,1,2
5506,0,1,1,U_Orthodox,2555,9258,1046,819,892,1709,1372,679,353,281,237,261,306,319,320,240,169,246,806,0,269,82,62,392,0,2092,0,3915,2352,1,2
5601,0,1,1,Jewish,0,0,0,0,0,0,0,0,0,0,0,0,0,0,0,0,0,0,0,0,0,0,0,0,0,0,0,0,0,1,2
5602,0,1,1,Jewish,0,0,0,0,0,0,0,0,0,0,0,0,0,0,0,0,0,0,0,0,0,0,0,0,0,0,0,0,0,1,2
5603,0,1,1,Jewish,0,0,0,0,0,0,0,0,0,0,0,0,0,0,0,0,0,0,0,0,0,0,0,0,0,0,0,0,0,1,2
5604,0,1,1,Jewish,0,0,0,0,0,0,0,0,0,0,0,0,0,0,0,0,0,0,0,0,0,0,0,0,0,0,0,0,0,1,2
5605,0,1,1,Jewish,364,1384,72,85,108,121,143,104,63,52,64,87,103,105,97,71,44,59,128,0,36,21,14,55,0,391,0,0,636,1,2
5606,0,1,1,Jewish,577,2368,238,205,178,150,165,174,161,150,125,120,111,112,116,112,97,147,174,0,69,23,23,59,0,413,0,0,997,1,0
5701,0,1,1,U_Orthodox,228,1209,156,122,133,138,152,96,52,42,35,39,45,47,47,36,25,36,54,0,0,0,0,54,0,270,0,408,323,1,2
5702,0,1,1,U_Orthodox,187,1030,133,104,113,118,129,81,45,35,30,33,39,40,40,30,21,31,2734,0,2155,269,269,40,0,284,0,110,275,1,2
5703,0,1,1,U_Orthodox,1173,6456,835,654,713,740,812,513,282,225,189,208,245,255,255,192,135,196,545,0,228,70,52,193,0,1335,0,692,1724,1,2
5704,0,1,1,Jewish,432,1887,190,164,141,119,131,138,129,120,100,95,89,89,92,89,77,117,133,0,43,34,8,46,0,309,0,78,795,1,2
5705,0,1,1,Jewish,320,1399,140,121,105,88,97,102,95,89,74,71,66,66,68,66,57,87,103,0,32,25,6,38,0,236,0,104,589,1,2
5706,0,1,1,U_Orthodox,723,3976,514,403,439,456,500,316,173,138,116,128,150,157,157,118,83,121,135,0,0,0,0,135,0,912,0,426,1061,1,2
5707,0,1,1,U_Orthodox,1354,6221,776,608,662,833,829,479,262,209,176,193,227,237,237,178,125,182,540,0,169,67,101,201,0,1302,0,643,1636,1,2
5708,0,1,1,U_Orthodox,1097,6002,775,608,662,692,756,476,261,209,176,193,227,237,237,178,125,182,666,0,212,65,49,339,0,2342,0,643,1602,1,2
5801,0,1,1,U_Orthodox,3939,17196,2097,1643,1789,2516,2339,1322,707,565,476,524,615,641,641,482,339,493,1405,0,441,265,176,521,0,3233,0,1738,4492,1,2
5802,0,1,1,U_Orthodox,847,4660,603,472,514,534,586,370,203,162,137,150,176,184,184,138,97,141,405,0,127,76,50,151,0,1057,0,500,1244,1,2
5803,0,1,1,Jewish,786,2986,155,183,234,262,310,224,137,114,138,187,223,227,210,153,95,128,266,0,78,47,31,108,0,725,0,96,1373,1,2
5804,0,1,1,U_Orthodox,1289,7090,917,719,783,813,891,564,309,247,208,229,269,280,280,211,148,215,688,0,193,116,77,301,0,2111,0,760,1893,1,2
5805,0,1,1,U_Orthodox,1031,5672,734,575,626,650,713,451,247,197,166,183,215,224,224,169,118,172,509,0,0,0,0,509,0,3569,0,608,1514,1,2
5806,0,1,1,U_Orthodox,3739,14386,1590,1246,1357,2811,2180,1040,536,428,361,397,466,486,486,366,257,374,663,0,0,0,0,663,0,2712,0,10267,3626,1,2
5807,0,1,1,U_Orthodox,2576,14980,1840,1442,1570,2138,2019,1154,621,495,418,459,539,562,562,423,297,433,1346,0,272,163,108,801,0,3275,1649,1729,3922,1,2
5901,0,1,1,U_Orthodox,1591,6013,679,532,580,1109,892,438,229,183,154,169,199,207,207,156,110,160,593,0,124,49,74,344,0,2026,0,1557,1526,1,2
5902,0,1,1,U_Orthodox,587,3046,394,309,336,349,383,242,133,106,89,98,115,120,120,90,63,92,333,0,123,17,35,157,0,975,0,566,813,1,2
5903,0,1,1,U_Orthodox,568,2850,344,270,294,430,392,217,116,92,78,86,101,105,105,79,55,81,251,0,74,22,17,137,0,688,0,1495,741,1,2
5904,0,1,1,U_Orthodox,0,0,0,0,0,0,0,0,0,0,0,0,0,0,0,0,0,0,0,0,0,0,0,0,0,0,0,0,0,1,2
5905,0,1,1,U_Orthodox,847,5510,856,756,778,664,651,346,202,171,212,284,196,134,99,64,46,43,441,0,165,50,38,187,0,1311,0,532,1311,1,2
5906,0,1,1,U_Orthodox,744,2697,294,231,251,539,414,194,99,79,67,73,86,90,90,67,47,69,207,0,48,24,24,109,0,513,0,1032,677,1,2
5907,0,1,1,U_Orthodox,650,4225,656,580,596,509,499,266,155,131,162,218,150,103,76,49,35,33,340,0,87,39,68,145,0,1015,0,408,1005,1,2
5908,0,1,1,U_Orthodox,2113,6751,1001,818,732,1079,739,439,327,286,219,180,164,155,147,129,116,212,789,0,198,99,99,391,0,2398,0,1092,1588,1,2
6001,0,1,1,U_Orthodox,429,2364,306,239,261,271,297,188,103,82,69,76,89,93,93,70,49,72,297,0,32,32,64,168,0,1054,0,1079,631,1,2
6002,0,1,1,U_Orthodox,1332,7328,948,743,809,840,921,583,320,255,215,237,278,289,290,218,153,223,673,0,159,119,119,273,0,1877,0,786,1957,1,2
6003,0,1,1,U_Orthodox,1041,5730,741,581,632,657,720,455,250,199,168,185,217,226,226,170,120,174,499,0,156,93,62,187,0,1274,0,614,1530,1,2
6004,0,1,1,U_Orthodox,0,0,0,0,0,0,0,0,0,0,0,0,0,0,0,0,0,0,661,0,0,0,661,0,0,0,0,0,0,1,2
6005,0,1,1,U_Orthodox,1009,5553,718,563,613,637,698,441,242,193,163,179,210,219,219,165,116,169,655,0,250,125,125,154,0,1084,0,595,1483,1,2
6006,0,1,1,U_Orthodox,1190,6417,826,648,705,753,811,508,279,222,187,206,242,252,252,190,133,194,643,0,226,69,52,294,0,1937,0,925,1710,1,2
6007,0,1,1,U_Orthodox,2217,12197,1578,1237,1347,1399,1534,970,532,425,358,394,463,482,482,363,255,371,1011,0,399,133,133,346,0,2367,0,1308,3257,1,2
6008,0,1,1,U_Orthodox,462,2541,328,257,280,291,319,202,111,88,74,82,96,100,100,75,53,77,328,0,83,27,27,190,0,1312,0,272,678,1,2
6101,0,1,1,U_Orthodox,530,2385,400,327,292,221,200,166,130,114,87,72,65,62,58,51,46,85,314,0,87,39,31,155,0,1018,0,312,583,1,2
6102,0,1,1,U_Orthodox,846,3575,414,324,353,617,514,265,139,111,94,103,121,126,126,95,67,97,410,0,78,35,28,268,0,1676,0,702,916,1,2
6200,0,1,1,Jewish,583,2693,271,234,202,171,188,198,184,171,143,136,127,127,131,127,110,167,186,0,75,29,11,69,0,469,0,49,1134,1,2
6201,0,1,1,Jewish,369,1706,171,148,128,108,119,125,116,108,90,86,80,80,83,81,69,106,130,0,48,18,7,56,0,394,0,0,718,1,2
6202,0,1,1,Jewish,0,0,0,0,0,0,0,0,0,0,0,0,0,0,0,0,0,0,0,0,0,0,0,0,0,0,0,0,0,1,2
6203,0,1,1,Jewish,296,1369,137,119,102,87,95,100,93,87,72,69,64,64,67,65,56,85,93,0,29,17,11,34,0,241,0,0,577,1,2
6204,0,1,1,Jewish,0,0,0,0,0,0,0,0,0,0,0,0,0,0,0,0,0,0,0,0,0,0,0,0,0,0,0,0,0,1,2
6205,0,1,1,Jewish,827,3865,389,335,290,245,270,284,264,245,205,196,182,183,189,183,158,240,143,0,0,0,0,143,0,1005,0,0,1628,1,2
6206,0,1,1,Jewish,691,3141,316,273,236,199,219,230,214,199,167,159,148,148,153,149,128,195,78,0,0,0,0,78,0,548,0,0,1323,1,2
6207,0,1,1,Jewish,830,3770,379,327,283,239,263,277,257,239,200,191,177,178,184,179,154,234,262,0,99,33,33,96,0,675,0,0,1588,1,2
6208,0,1,1,U_Orthodox,271,1493,193,151,164,171,187,118,65,52,43,48,56,59,59,44,31,45,130,0,40,24,16,48,0,342,0,160,398,1,2
6209,0,1,1,Jewish,687,2993,301,260,225,190,209,220,204,190,159,152,141,141,146,142,122,186,214,0,75,34,27,77,0,539,0,0,1261,1,2
6210,0,1,1,Jewish,260,1136,114,98,85,72,79,83,77,72,60,57,53,53,55,53,46,70,80,0,28,13,10,28,0,199,0,0,478,1,2
6211,0,1,1,Jewish,1026,4190,421,364,314,266,293,308,286,266,222,212,197,198,205,199,171,260,310,0,102,41,61,105,0,739,0,0,1765,1,2
6212,0,1,1,Jewish,515,2106,212,183,158,133,147,154,144,133,112,107,99,99,103,100,86,130,167,0,72,10,20,64,0,451,0,0,887,1,2
6301,0,1,1,Jewish,728,2752,277,239,206,174,192,202,188,175,146,139,129,130,134,130,112,171,215,0,87,29,29,69,0,486,0,0,1159,1,2
6302,0,1,1,Jewish,317,1205,62,74,94,105,125,90,55,46,55,75,90,91,84,62,38,51,95,0,31,15,15,32,0,225,0,0,554,1,2
6303,0,1,1,Jewish,1367,5195,270,319,408,457,540,390,238,198,240,326,388,395,365,267,166,222,419,0,150,54,68,146,0,987,0,114,2389,1,2
6304,0,1,1,Jewish,1018,4026,405,350,302,255,281,296,275,256,214,204,189,190,197,191,164,250,303,0,112,50,40,99,0,695,0,0,1696,1,2
6305,0,1,1,Jewish,687,3136,315,272,235,199,219,230,214,199,166,159,147,148,153,148,128,194,214,0,68,27,41,77,0,539,0,0,1321,1,2
6306,0,1,1,Jewish,1027,4178,420,363,314,265,292,307,285,265,222,212,197,197,204,198,171,259,101,0,0,0,0,101,0,707,0,0,1760,1,2
6307,0,1,1,Jewish,554,2254,227,196,169,143,157,165,154,143,119,114,106,106,110,107,92,140,971,0,734,91,91,53,0,373,0,0,950,1,2
6308,0,1,1,Jewish,887,3492,335,290,250,316,280,250,228,212,177,169,157,158,163,158,136,207,244,0,58,29,58,98,0,615,0,234,1405,1,2
6309,0,1,1,Jewish,845,3193,321,277,240,202,223,234,218,203,169,162,150,151,156,151,130,198,274,0,92,42,33,105,0,719,0,78,1345,1,2
6310,0,1,1,Jewish,341,1299,67,79,102,114,135,97,59,49,60,81,97,98,91,66,41,55,103,0,41,13,13,34,0,243,0,0,597,1,2
6401,0,1,1,arabs_behined_seperation_wall,7504,39041,3513,3513,3513,3904,3513,3513,3123,2342,2342,2342,1952,1561,1171,780,780,1171,3524,0,1350,450,450,1273,0,8914,0,0,10723,1,2
6402,0,1,1,arabs_behined_seperation_wall,4873,24737,2204,2204,2204,2204,2204,1959,1959,1714,1469,1469,1224,979,734,734,489,979,2161,0,877,292,292,699,0,4895,0,0,6692,1,2
6403,0,1,1,arabs_behined_seperation_wall,2166,9751,868,868,772,772,772,772,675,579,579,579,579,482,386,289,289,482,886,0,390,130,130,236,0,1653,0,0,2659,1,2
6501,0,1,1,Arab,0,0,0,0,0,0,0,0,0,0,0,0,0,0,0,0,0,0,0,0,0,0,0,0,0,0,0,0,0,1,2
6502,0,1,1,Arab,2480,11162,994,994,884,884,884,884,773,663,663,663,663,552,442,331,331,552,1317,0,446,111,186,573,0,4013,0,0,3044,1,2
6503,0,1,1,Arab,1159,5218,465,465,413,413,413,413,361,310,310,310,310,258,206,155,155,258,716,0,0,0,0,716,0,5018,0,0,1423,1,2
6504,0,1,1,Arab,0,0,0,0,0,0,0,0,0,0,0,0,0,0,0,0,0,0,2965,0,593,1779,593,0,0,0,0,0,0,1,2
6505,0,1,1,Arab,2251,10133,903,903,802,802,802,802,702,602,602,602,602,501,401,301,301,501,892,0,371,168,135,217,0,1519,0,0,2764,1,2
6506,0,1,1,Arab,1653,7440,662,662,589,589,589,589,515,441,441,441,441,368,294,220,220,368,706,0,223,99,173,210,0,1475,0,0,2029,1,2
6507,0,1,1,Arab,1556,6686,595,595,595,529,529,529,463,397,397,397,330,330,264,198,198,330,606,0,256,116,93,139,0,973,0,0,1789,1,2
6508,0,1,1,Arab,1914,8160,727,727,727,646,646,646,565,484,484,484,403,403,323,242,242,403,775,0,315,143,114,200,0,1406,0,0,2183,1,2
6509,0,1,1,Arab,1340,5688,506,506,506,450,450,450,394,337,337,337,281,281,225,168,168,281,575,0,221,100,80,173,0,1215,0,0,1522,1,2
6510,0,1,1,Arab,715,3085,274,274,274,244,244,244,213,183,183,183,152,152,122,91,91,152,413,0,118,53,42,198,0,1391,0,0,825,1,2
6511,0,1,1,Arab,414,1866,166,166,147,147,147,147,129,110,110,110,110,92,73,55,55,92,4723,1168,934,1869,701,49,0,347,0,0,509,1,2
6601,0,1,1,Arab,1095,4569,407,407,407,361,361,361,316,271,271,271,226,226,180,135,135,226,558,0,213,32,82,229,0,1609,0,0,1222,1,2
6602,0,1,1,Arab,772,3237,288,288,288,256,256,256,224,192,192,192,160,160,128,96,96,160,338,0,150,46,34,106,0,728,0,49,866,1,2
6603,0,1,1,Arab,884,3699,329,329,329,293,293,293,256,219,219,219,183,183,146,109,109,183,362,0,172,53,39,97,0,681,0,0,990,1,2
6604,0,1,1,Arab,352,1465,130,130,130,116,116,116,101,87,87,87,72,72,58,43,43,72,900,0,63,21,21,794,0,306,4697,0,392,1,2
6605,0,1,1,Arab,487,2115,188,188,188,167,167,167,146,125,125,125,104,104,83,62,62,104,956,0,87,29,29,810,0,5670,0,0,566,1,2
6606,0,1,1,Arab,1744,7404,659,659,659,586,586,586,513,439,439,439,366,366,293,219,219,366,701,130,261,26,78,177,26,1245,0,0,1981,1,2
6607,0,1,1,Arab,1161,4889,435,435,435,387,387,387,338,290,290,290,242,242,193,145,145,242,506,87,174,17,52,158,17,1106,0,0,1308,1,2
6608,0,1,1,Arab,0,0,0,0,0,0,0,0,0,0,0,0,0,0,0,0,0,0,0,0,0,0,0,0,0,0,0,0,0,1,2
6609,0,1,1,Arab,1796,7620,679,679,679,603,603,603,528,452,452,452,377,377,301,226,226,377,909,134,269,26,80,370,26,2590,0,0,2039,1,2
6610,0,1,1,Arab,241,996,88,88,88,78,78,78,69,59,59,59,49,49,39,29,29,49,291,18,36,3,10,219,3,1534,0,0,266,1,2
6611,0,1,1,Arab,0,0,0,0,0,0,0,0,0,0,0,0,0,0,0,0,0,0,0,0,0,0,0,0,0,0,0,0,0,1,2
6701,0,1,1,Arab,0,0,0,0,0,0,0,0,0,0,0,0,0,0,0,0,0,0,1463,731,439,146,146,0,0,0,0,0,0,1,2
6702,0,1,1,Arab,0,0,0,0,0,0,0,0,0,0,0,0,0,0,0,0,0,0,1580,776,465,155,155,27,0,194,0,0,0,1,2
6703,0,1,1,Arab,0,0,0,0,0,0,0,0,0,0,0,0,0,0,0,0,0,0,5333,2651,1591,530,530,30,0,211,0,0,0,1,2
6704,0,1,1,Arab,103,567,68,68,68,62,56,45,39,28,28,28,22,17,11,11,5,5,49,7,15,1,4,18,1,128,0,0,134,1,2
6705,0,1,1,Arab,0,0,0,0,0,0,0,0,0,0,0,0,0,0,0,0,0,0,0,0,0,0,0,0,0,0,0,0,0,1,2
6801,0,1,1,arabs_behined_seperation_wall,8864,45197,4027,4027,4027,4027,3580,3580,3132,3132,3132,2685,2237,1790,1342,1342,1342,1790,4014,664,1329,132,398,1355,132,9486,0,0,12161,1,2
6802,0,1,1,arabs_behined_seperation_wall,7152,36658,3266,3266,3266,3266,2903,2903,2540,2540,2540,2177,1814,1451,1088,1088,1088,1451,3245,536,1072,107,321,1100,107,7702,0,0,9864,1,2
6803,0,1,1,Arab,0,0,0,0,0,0,0,0,0,0,0,0,0,0,0,0,0,0,0,0,0,0,0,0,0,0,0,0,0,1,2
6901,0,1,1,U_Orthodox,0,0,0,0,0,0,0,0,0,0,0,0,0,0,0,0,0,0,0,0,0,0,0,0,0,0,0,0,0,1,2
6902,0,1,1,U_Orthodox,0,0,0,0,0,0,0,0,0,0,0,0,0,0,0,0,0,0,0,0,0,0,0,0,0,0,0,0,0,1,2
6903,0,1,1,U_Orthodox,0,0,0,0,0,0,0,0,0,0,0,0,0,0,0,0,0,0,0,0,0,0,0,0,0,0,0,0,0,1,2
6904,0,1,1,U_Orthodox,0,0,0,0,0,0,0,0,0,0,0,0,0,0,0,0,0,0,0,0,0,0,0,0,0,0,0,0,0,1,2
6905,0,1,1,U_Orthodox,0,0,0,0,0,0,0,0,0,0,0,0,0,0,0,0,0,0,0,0,0,0,0,0,0,0,0,0,0,1,2
6906,0,1,1,U_Orthodox,0,0,0,0,0,0,0,0,0,0,0,0,0,0,0,0,0,0,0,0,0,0,0,0,0,0,0,0,0,1,2
6907,0,1,1,U_Orthodox,0,0,0,0,0,0,0,0,0,0,0,0,0,0,0,0,0,0,0,0,0,0,0,0,0,0,0,0,0,1,2
6908,0,1,1,U_Orthodox,0,0,0,0,0,0,0,0,0,0,0,0,0,0,0,0,0,0,0,0,0,0,0,0,0,0,0,0,0,1,2
6909,0,1,1,U_Orthodox,116,523,87,71,64,48,43,36,28,25,19,15,14,13,12,11,10,18,62,0,22,6,5,27,0,195,0,46,128,1,2
6910,0,1,1,U_Orthodox,0,0,0,0,0,0,0,0,0,0,0,0,0,0,0,0,0,0,0,0,0,0,0,0,0,0,0,0,0,1,2
7001,1,1,0,Jewish,1188,5075,511,441,381,322,354,373,347,322,269,257,239,240,248,241,207,315,345,0,142,71,23,107,0,755,0,0,2138,1,2
7002,1,1,0,Jewish,755,3174,314,379,356,273,205,142,175,222,237,237,184,122,93,85,65,77,335,0,90,45,15,184,0,1290,0,0,1309,1,2
7003,1,1,0,Jewish,99,418,41,50,47,36,27,18,23,29,31,31,24,16,12,11,8,10,40,0,0,0,0,40,0,282,0,0,172,1,2
7004,1,1,0,Jewish,239,908,47,55,71,79,94,68,41,34,42,57,67,69,63,46,29,39,623,0,233,186,46,157,0,1103,0,0,418,1,2
7011,1,1,0,Jewish,710,2735,263,317,298,280,195,122,146,186,199,198,154,102,78,71,55,64,275,0,50,37,37,148,0,621,0,681,1096,1,2
7012,1,1,0,Jewish,969,4361,439,379,327,277,304,320,298,277,231,221,205,206,213,207,178,271,307,0,96,58,38,113,0,775,0,135,1837,1,2
7013,1,1,0,Jewish,256,974,50,59,76,85,101,73,44,37,45,61,72,74,68,50,31,41,75,0,25,15,10,24,0,172,0,0,447,1,2
7014,1,1,0,Jewish,1175,4938,489,590,555,425,320,222,272,345,370,368,286,190,145,132,102,119,406,0,117,70,47,171,0,1200,0,0,2037,1,2
7021,1,1,0,Jewish,820,3116,162,191,245,274,323,234,143,118,144,195,233,237,219,160,99,133,283,0,82,49,32,119,0,836,0,0,1433,1,2
7022,1,1,0,Jewish,637,2422,126,148,190,213,251,182,111,92,112,152,181,184,170,124,77,103,223,0,63,38,25,95,0,653,0,33,1114,1,2
7023,1,1,0,Jewish,406,1546,80,95,121,136,160,116,70,59,71,97,115,117,108,79,49,66,140,0,40,24,16,59,0,415,0,0,711,1,2
7024,1,1,0,Jewish,1174,4464,232,274,351,392,464,335,204,170,206,280,333,339,314,229,142,191,605,0,117,70,46,370,0,2591,0,0,2053,1,2
7025,1,1,0,Jewish,2500,10500,1039,1255,1180,904,681,472,580,735,787,784,609,405,309,281,218,254,766,0,250,150,100,266,0,1865,0,0,4332,1,2
7026,1,1,0,Jewish,817,3433,340,410,385,295,222,154,189,240,257,256,199,132,101,92,71,83,277,0,81,49,32,113,0,796,0,0,1416,1,2
7027,1,1,0,Jewish,813,3416,338,408,383,294,221,153,188,239,256,255,198,132,100,91,70,82,249,0,81,48,32,86,0,606,0,0,1409,1,2
7028,1,1,0,Jewish,728,3060,303,365,344,263,198,137,169,214,229,228,177,118,90,82,63,74,196,0,72,43,29,50,0,352,0,0,1262,1,2
7031,1,1,0,Jewish,487,1853,96,113,145,163,192,139,85,70,85,116,138,140,130,95,59,79,144,0,53,24,19,46,0,328,0,0,852,1,2
7032,1,1,0,Jewish,236,898,46,55,70,79,93,67,41,34,41,56,67,68,63,46,28,38,55,0,0,0,0,55,0,391,0,0,413,1,2
7033,1,1,0,Jewish,964,3664,190,225,288,322,380,275,168,139,169,230,274,278,257,188,117,157,285,0,96,38,57,92,0,648,0,0,1685,1,2
7034,1,1,0,Jewish,229,870,45,53,68,76,90,65,39,33,40,54,65,66,61,44,27,37,22,0,0,0,0,22,0,154,0,0,400,1,2
7035,1,1,0,Jewish,0,0,0,0,0,0,0,0,0,0,0,0,0,0,0,0,0,0,36,0,0,0,0,36,0,258,0,0,0,1,2
7036,1,1,0,Jewish,1158,5846,588,508,439,371,408,429,399,371,310,297,275,276,286,277,239,363,375,0,115,69,46,143,0,1005,0,0,2463,1,2
7041,1,1,0,Jewish,853,2985,259,227,227,250,321,244,179,141,119,146,186,177,168,134,83,115,295,0,68,68,34,124,0,871,0,0,1287,1,0
7042,1,1,0,Jewish,0,0,0,0,0,0,0,0,0,0,0,0,0,0,0,0,0,0,0,0,0,0,0,0,0,0,0,0,0,1,2
7043,0,1,0,Palestinian,0,4596,0,0,0,0,0,0,0,0,0,0,0,0,0,0,0,0,0,0,0,0,0,0,0,0,0,0,0,1,0
7051,1,1,0,Jewish,0,0,0,0,0,0,0,0,0,0,0,0,0,0,0,0,0,0,806,604,120,80,0,0,0,0,0,0,0,1,2
7052,1,1,0,Jewish,58,223,11,13,17,19,23,16,10,8,10,14,16,16,15,11,7,9,782,0,425,270,77,8,0,57,0,0,102,1,2
7053,1,1,0,Jewish,0,0,0,0,0,0,0,0,0,0,0,0,0,0,0,0,0,0,4001,2200,1400,400,0,0,0,0,0,0,0,1,2
7060,1,1,0,Jewish,0,0,0,0,0,0,0,0,0,0,0,0,0,0,0,0,0,0,0,0,0,0,0,0,0,0,0,0,0,1,0
7061,1,1,0,Jewish,0,0,0,0,0,0,0,0,0,0,0,0,0,0,0,0,0,0,0,0,0,0,0,0,0,0,0,0,0,1,0
7062,1,1,0,Jewish,1100,4620,457,552,519,397,299,207,255,323,346,345,268,178,136,124,95,112,278,0,110,55,55,58,0,407,0,0,1906,1,2
7063,1,1,0,Jewish,0,0,0,0,0,0,0,0,0,0,0,0,0,0,0,0,0,0,0,0,0,0,0,0,0,0,0,0,0,1,2
7064,1,1,0,Jewish,1210,5082,503,607,571,437,329,228,280,356,380,379,294,196,149,136,105,123,386,0,121,60,60,144,0,1009,0,0,2096,1,2
7065,1,1,0,Jewish,0,0,0,0,0,0,0,0,0,0,0,0,0,0,0,0,0,0,0,0,0,0,0,0,0,0,0,0,0,1,2
7101,0,1,0,Palestinian,0,4064,0,0,0,0,0,0,0,0,0,0,0,0,0,0,0,0,0,0,0,0,0,0,0,0,0,0,0,1,0
7102,0,1,0,Palestinian,0,18734,0,0,0,0,0,0,0,0,0,0,0,0,0,0,0,0,0,0,0,0,0,0,0,0,0,0,0,1,0
7103,0,1,0,Palestinian,0,23925,0,0,0,0,0,0,0,0,0,0,0,0,0,0,0,0,0,0,0,0,0,0,0,0,0,0,0,1,0
7104,0,1,0,Palestinian,0,10625,0,0,0,0,0,0,0,0,0,0,0,0,0,0,0,0,0,0,0,0,0,0,0,0,0,0,0,1,0
7211,0,1,0,Palestinian,0,40219,0,0,0,0,0,0,0,0,0,0,0,0,0,0,0,0,0,0,0,0,0,0,0,0,0,0,0,1,0
7221,0,1,0,Palestinian,0,2961,0,0,0,0,0,0,0,0,0,0,0,0,0,0,0,0,0,0,0,0,0,0,0,0,0,0,0,1,0
7222,0,1,0,Palestinian,0,18616,0,0,0,0,0,0,0,0,0,0,0,0,0,0,0,0,0,0,0,0,0,0,0,0,0,0,0,1,0
7223,0,1,0,Palestinian,0,12010,0,0,0,0,0,0,0,0,0,0,0,0,0,0,0,0,0,0,0,0,0,0,0,0,0,0,0,1,0
7231,0,1,0,Palestinian,0,50237,0,0,0,0,0,0,0,0,0,0,0,0,0,0,0,0,0,0,0,0,0,0,0,0,0,0,0,1,0
7232,0,1,0,Palestinian,0,27378,0,0,0,0,0,0,0,0,0,0,0,0,0,0,0,0,0,0,0,0,0,0,0,0,0,0,0,1,0
7233,0,1,0,Palestinian,0,37138,0,0,0,0,0,0,0,0,0,0,0,0,0,0,0,0,0,0,0,0,0,0,0,0,0,0,0,1,0
7240,0,1,0,Palestinian,0,11966,0,0,0,0,0,0,0,0,0,0,0,0,0,0,0,0,0,0,0,0,0,0,0,0,0,0,0,1,0
7241,0,1,0,Palestinian,0,1757,0,0,0,0,0,0,0,0,0,0,0,0,0,0,0,0,0,0,0,0,0,0,0,0,0,0,0,1,0
7242,0,1,0,Palestinian,0,8611,0,0,0,0,0,0,0,0,0,0,0,0,0,0,0,0,0,0,0,0,0,0,0,0,0,0,0,1,0
7243,0,1,0,Palestinian,0,2995,0,0,0,0,0,0,0,0,0,0,0,0,0,0,0,0,0,0,0,0,0,0,0,0,0,0,0,1,0
7244,0,1,0,Palestinian,0,2716,0,0,0,0,0,0,0,0,0,0,0,0,0,0,0,0,0,0,0,0,0,0,0,0,0,0,0,1,0
7245,0,1,0,Palestinian,0,15523,0,0,0,0,0,0,0,0,0,0,0,0,0,0,0,0,0,0,0,0,0,0,0,0,0,0,0,1,0
7246,0,1,0,Palestinian,0,8392,0,0,0,0,0,0,0,0,0,0,0,0,0,0,0,0,0,0,0,0,0,0,0,0,0,0,0,1,0
7247,0,1,0,Palestinian,0,11994,0,0,0,0,0,0,0,0,0,0,0,0,0,0,0,0,0,0,0,0,0,0,0,0,0,0,0,1,0
7248,0,1,0,Palestinian,0,8725,0,0,0,0,0,0,0,0,0,0,0,0,0,0,0,0,0,0,0,0,0,0,0,0,0,0,0,1,0
7249,0,1,0,Palestinian,0,25949,0,0,0,0,0,0,0,0,0,0,0,0,0,0,0,0,0,0,0,0,0,0,0,0,0,0,0,1,0
7250,0,1,0,Palestinian,0,3660,0,0,0,0,0,0,0,0,0,0,0,0,0,0,0,0,0,0,0,0,0,0,0,0,0,0,0,1,0
7251,0,1,0,Palestinian,0,9091,0,0,0,0,0,0,0,0,0,0,0,0,0,0,0,0,0,0,0,0,0,0,0,0,0,0,0,1,0
7252,0,1,0,Palestinian,0,16073,0,0,0,0,0,0,0,0,0,0,0,0,0,0,0,0,0,0,0,0,0,0,0,0,0,0,0,1,0
7253,0,1,0,Palestinian,0,8386,0,0,0,0,0,0,0,0,0,0,0,0,0,0,0,0,0,0,0,0,0,0,0,0,0,0,0,1,0
7254,0,1,0,Palestinian,0,980,0,0,0,0,0,0,0,0,0,0,0,0,0,0,0,0,0,0,0,0,0,0,0,0,0,0,0,1,0
7255,0,1,0,Palestinian,0,6978,0,0,0,0,0,0,0,0,0,0,0,0,0,0,0,0,0,0,0,0,0,0,0,0,0,0,0,1,0
7256,0,1,0,Palestinian,0,6043,0,0,0,0,0,0,0,0,0,0,0,0,0,0,0,0,0,0,0,0,0,0,0,0,0,0,0,1,0
7301,1,1,0,Jewish,5602,24995,4376,4062,3255,2043,2121,1823,1731,1606,1058,719,531,499,538,322,185,117,5513,181,1996,544,907,1883,0,6986,2322,2618,7884,1,0
7302,1,1,0,Jewish,1687,7591,1121,1321,1188,582,459,370,450,598,469,356,229,154,115,86,55,29,715,0,185,84,67,378,0,2648,0,0,2537,1,0
7310,1,1,0,Jewish,1350,6750,1218,1131,906,427,527,501,482,447,294,200,147,139,149,89,51,32,301,0,148,67,54,31,0,221,0,0,2195,1,1
7311,1,1,0,Jewish,965,3046,253,222,221,335,355,238,175,138,116,143,182,173,164,131,81,113,346,0,91,41,33,179,0,1111,0,265,1255,1,1
7312,1,1,0,Jewish,984,3445,299,262,262,288,371,282,207,163,137,169,215,205,194,155,96,133,383,0,108,49,39,186,0,1305,0,0,1485,1,1
7313,1,1,0,Jewish,1428,4985,432,379,379,422,536,408,299,236,198,245,311,296,281,224,139,193,583,0,156,71,56,298,0,1983,0,192,2147,1,1
7321,1,1,0,Jewish,2235,8863,919,1033,1014,770,697,495,503,553,568,528,422,352,322,281,212,187,898,0,220,110,110,456,0,3065,0,327,3496,1,0
7331,1,1,0,U_Orthodox,1561,9840,1912,1866,1689,1029,631,412,452,607,560,294,129,75,48,41,38,49,985,0,206,103,103,571,0,3909,0,661,1985,1,0
7341,1,1,0,Jewish,811,4057,732,679,544,257,317,301,289,268,177,120,88,83,90,54,31,19,340,0,81,40,40,178,0,1246,0,0,1319,1,0
7401,1,1,0,U_Orthodox,0,0,0,0,0,0,0,0,0,0,0,0,0,0,0,0,0,0,0,0,0,0,0,0,0,0,0,0,0,1,2
7402,1,1,0,U_Orthodox,661,3635,470,368,401,417,457,289,158,126,106,117,138,143,143,108,76,110,506,0,128,39,29,308,0,1923,0,930,970,1,2
7403,1,1,0,U_Orthodox,1408,5629,667,523,569,903,791,426,225,179,151,166,195,204,204,153,108,157,695,0,126,98,56,414,0,2518,0,1978,1455,1,2
7404,1,1,0,U_Orthodox,1365,7418,957,750,817,864,935,588,323,257,217,239,280,292,292,220,155,225,842,0,221,80,100,438,0,2833,0,1801,1978,1,2
7405,1,1,0,U_Orthodox,871,3598,431,338,368,559,499,272,145,116,98,107,126,131,131,99,69,101,421,0,99,45,36,239,0,1349,0,1112,933,1,2
7406,1,1,0,U_Orthodox,2834,13710,2511,2452,2220,1873,1067,566,594,798,735,386,170,98,64,54,50,65,1284,0,299,135,108,740,0,4619,0,2384,2737,1,2
7412,1,1,0,U_Orthodox,790,5140,798,705,726,619,607,323,188,159,198,265,183,125,93,60,43,40,654,0,130,59,47,417,0,2829,0,496,1222,1,2
7413,1,1,0,U_Orthodox,1066,6062,917,810,833,818,744,376,216,183,227,305,210,144,107,69,50,46,665,0,149,68,54,393,0,2496,0,1484,1430,1,2
7414,1,1,0,U_Orthodox,1086,6462,987,872,897,838,784,402,233,197,244,328,226,155,115,74,54,49,895,0,190,58,43,602,0,3908,0,1570,1529,1,2
7415,1,1,0,U_Orthodox,1197,7071,1078,952,980,924,859,439,254,215,267,358,247,169,125,81,59,54,860,0,208,64,48,540,0,3363,0,3164,1672,1,2
7416,1,1,0,U_Orthodox,1445,9396,1460,1290,1327,1132,1110,591,345,292,362,485,334,229,170,110,80,73,1002,0,281,86,65,568,0,3982,0,908,2235,1,2
7417,1,1,0,U_Orthodox,1746,12222,2419,2362,2138,1148,730,515,572,768,708,372,164,95,61,52,48,62,1363,0,340,104,78,840,0,4553,1099,836,2474,1,2
7418,1,1,0,U_Orthodox,1331,9323,1845,1801,1631,876,557,393,436,586,540,284,125,72,47,40,37,47,875,0,259,59,79,475,0,3328,0,638,1887,1,2
7419,1,1,0,U_Orthodox,0,0,0,0,0,0,0,0,0,0,0,0,0,0,0,0,0,0,4526,2263,905,905,452,0,0,0,0,0,0,1,2
7421,1,1,0,U_Orthodox,3000,21000,4157,4058,3674,1973,1254,885,983,1321,1217,640,282,163,106,90,83,107,1537,0,495,225,180,637,0,4462,0,1437,4251,1,2
7501,0,1,0,Jewish,2035,7736,403,475,608,680,804,581,355,295,357,486,578,588,544,398,247,331,761,0,264,81,61,353,0,2477,0,0,3558,1,1
7502,0,1,0,Jewish,773,2939,153,180,231,258,305,220,134,112,135,184,219,223,206,151,93,126,279,0,100,30,23,124,0,870,0,0,1351,1,1
7503,0,1,0,Jewish,1157,4398,229,270,345,386,457,330,201,167,203,276,328,334,309,226,140,188,419,0,150,46,34,187,0,1313,0,0,2022,1,1
7504,0,1,0,Jewish,1780,7476,740,893,840,643,484,336,412,523,560,558,433,289,220,200,155,181,1889,0,996,498,166,229,0,1606,0,0,3084,1,1
7511,0,1,0,Jewish,876,3329,173,204,261,292,346,250,152,127,154,209,248,253,234,171,106,142,301,0,113,43,17,126,0,884,0,0,1531,1,0
7512,0,1,0,Jewish,361,1372,71,84,107,120,142,103,63,52,63,86,102,104,96,70,43,58,124,0,46,18,7,52,0,365,0,0,631,1,0
7513,0,1,0,Jewish,0,0,0,0,0,0,0,0,0,0,0,0,0,0,0,0,0,0,0,0,0,0,0,0,0,0,0,0,0,1,0
7514,0,1,0,Jewish,342,1302,67,80,102,114,135,97,59,49,60,81,97,99,91,67,41,55,119,0,44,17,6,51,0,360,0,0,598,1,0
7521,0,1,0,Jewish,1544,6144,607,524,453,456,455,446,412,383,321,306,284,285,295,286,247,375,426,0,201,57,28,139,0,940,0,140,2542,1,0
7531,0,1,0,Jewish,1402,2890,193,179,159,307,230,174,155,154,137,136,118,111,126,146,169,390,296,0,160,45,22,67,0,381,0,265,1046,1,0
7601,0,1,0,Jewish,852,3937,396,342,295,250,275,289,269,250,209,200,185,186,192,186,161,244,242,0,102,42,25,71,0,500,0,0,1658,1,1
7602,0,1,0,Jewish,421,1943,195,168,146,123,135,142,132,123,103,98,91,92,95,92,79,120,178,0,50,21,12,94,0,662,0,0,818,1,1
7603,0,1,0,Jewish,1066,3551,319,275,238,453,336,246,216,201,168,161,149,150,155,150,129,197,241,0,82,34,20,103,0,563,0,473,1336,1,1
7604,0,1,0,Jewish,175,403,29,27,24,20,23,25,23,23,21,20,18,17,19,22,25,59,722,0,572,107,35,6,0,45,0,0,160,1,1
7605,0,1,0,Jewish,842,3538,350,423,397,304,229,159,195,247,265,264,205,136,104,94,73,85,66,0,0,0,0,66,0,463,0,0,1459,1,1
7606,0,1,0,Jewish,415,956,70,65,57,49,55,60,56,56,50,49,43,40,45,53,61,141,280,0,41,29,12,197,0,1381,0,0,380,1,1
7611,0,1,0,Jewish,671,2854,287,248,214,181,199,209,195,181,151,145,134,135,139,135,116,177,189,0,80,40,13,55,0,386,0,0,1202,1,1
7612,0,1,0,Jewish,297,1262,127,109,94,80,88,92,86,80,67,64,59,59,61,59,51,78,83,0,32,14,11,24,0,170,0,0,532,1,1
7613,0,1,0,Jewish,799,3537,356,307,265,224,247,260,241,224,188,179,166,167,173,167,144,219,228,0,87,47,23,68,0,480,0,0,1490,1,1
7614,0,1,0,Jewish,423,1872,188,162,140,119,130,137,128,119,99,95,88,88,91,88,76,116,183,0,42,25,16,98,0,691,0,0,789,1,1
7615,0,1,0,Jewish,0,0,0,0,0,0,0,0,0,0,0,0,0,0,0,0,0,0,0,0,0,0,0,0,0,0,0,0,0,1,1
7621,0,1,0,Jewish,0,0,0,0,0,0,0,0,0,0,0,0,0,0,0,0,0,0,0,0,0,0,0,0,0,0,0,0,0,1,1
7622,0,1,0,Jewish,0,0,0,0,0,0,0,0,0,0,0,0,0,0,0,0,0,0,716,0,537,143,35,0,0,0,0,0,0,1,1
7623,0,1,0,Jewish,570,1311,96,89,79,67,75,83,77,76,68,67,59,55,62,72,84,194,142,0,51,34,28,28,0,197,0,0,521,1,0
7624,0,1,0,Jewish,1352,5649,568,491,424,359,395,415,386,359,300,287,266,267,276,268,231,351,477,0,135,81,54,207,0,1452,0,0,2380,1,1
7625,0,1,0,Jewish,131,551,55,47,41,35,38,40,37,35,29,28,26,26,27,26,22,34,8,0,0,0,0,8,0,61,0,0,232,1,1
7626,0,1,0,Jewish,1359,5709,565,682,641,491,370,256,315,400,427,426,331,220,168,153,118,138,4696,0,1362,2498,681,153,0,1072,0,0,2355,1,1
7627,0,1,0,Jewish,999,4896,493,425,368,311,342,360,334,311,260,248,231,231,239,232,200,304,91,0,0,0,0,91,0,643,0,0,2063,1,1
7628,0,1,0,Jewish,401,1967,198,171,147,125,137,144,134,125,104,99,92,93,96,93,80,122,130,0,40,32,8,50,0,352,0,0,828,1,1
7629,0,1,0,Jewish,0,0,0,0,0,0,0,0,0,0,0,0,0,0,0,0,0,0,0,0,0,0,0,0,0,0,0,0,0,1,1
7631,1,1,0,Jewish,1256,4774,248,293,375,420,496,358,219,182,220,300,357,363,335,245,152,204,386,0,113,87,50,135,0,946,0,0,2196,1,0
7641,0,1,0,Jewish,878,3338,173,205,262,293,346,250,153,127,154,209,249,253,234,171,106,143,321,0,122,35,17,145,0,1019,0,0,1535,1,0
7642,0,1,0,Jewish,602,2290,119,140,180,201,238,172,105,87,105,143,171,174,161,117,73,98,211,0,84,24,12,90,0,634,0,0,1053,1,0
7651,0,1,0,Arab,3163,13376,1168,1168,1038,1038,1038,909,909,779,779,779,779,649,519,519,389,909,1349,0,616,189,142,400,0,2805,0,0,3513,1,1
7652,0,1,0,Arab,2165,9096,826,826,826,826,826,735,643,551,551,551,459,367,275,275,183,367,956,0,357,162,129,307,0,2150,0,0,2415,1,0
7661,0,1,0,U_Orthodox,3440,11093,1210,948,1033,2232,1704,796,408,326,275,302,355,370,370,278,196,284,1005,0,280,102,127,495,0,2650,0,2927,2783,1,1
7701,1,1,0,Jewish,2238,11584,1166,1007,870,736,810,851,792,736,616,588,546,548,567,550,474,719,771,0,246,89,111,323,0,2265,0,0,4881,1,1
7702,1,1,0,Jewish,717,3001,302,260,225,190,209,220,205,190,159,152,141,142,147,142,123,186,227,0,78,28,35,83,0,587,0,0,1264,1,1
7703,1,1,0,Jewish,750,5006,504,435,376,318,350,368,342,318,266,254,236,237,245,237,205,311,292,0,82,30,37,142,0,979,0,59,2109,1,1
7704,1,1,0,Jewish,800,3360,332,401,377,289,217,151,185,235,251,251,195,129,99,90,69,81,292,0,88,32,40,132,0,930,0,0,1386,1,1
7711,1,1,0,Jewish,969,4071,403,486,457,350,264,183,224,285,305,304,236,157,120,109,84,98,354,0,106,38,48,161,0,1127,0,0,1679,1,1
7712,1,1,0,Jewish,501,3344,336,290,251,212,233,245,228,212,177,169,157,158,163,158,137,207,193,0,55,20,25,93,0,653,0,0,1409,1,1
7721,1,1,0,U_Orthodox,1834,6969,363,428,548,613,724,523,319,266,322,437,521,530,490,358,222,299,552,0,302,110,137,2,0,0,0,794,2544,1,1
7731,1,1,0,Jewish,458,1603,139,122,122,134,172,131,96,76,64,78,100,95,90,72,44,62,168,0,50,18,22,76,0,537,0,0,691,1,0
7801,1,1,0,U_Orthodox,1963,13742,2720,2655,2404,1291,821,579,643,864,796,418,184,106,69,59,54,70,1311,0,323,117,147,722,0,5057,0,940,2782,1,0
7802,1,1,0,Jewish,2007,7797,1099,1295,1165,802,570,365,441,587,460,349,225,151,113,85,54,29,795,0,148,115,66,464,0,2667,0,1588,2488,1,0
7803,1,1,0,Jewish,0,0,0,0,0,0,0,0,0,0,0,0,0,0,0,0,0,0,2760,0,1656,828,276,0,0,0,0,0,0,1,0
7811,1,1,0,Jewish,2258,7903,686,602,602,662,851,647,474,375,315,389,493,470,447,356,221,306,779,0,270,90,90,327,0,2291,0,0,3407,1,0
7821,1,1,0,Jewish,525,1839,159,140,140,154,198,150,110,87,73,90,114,109,104,82,51,71,189,0,52,31,21,84,0,593,0,0,793,1,0
7822,1,1,0,Jewish,2847,14239,2570,2386,1912,902,1113,1058,1017,943,622,422,312,293,316,189,109,69,1204,0,313,170,85,634,0,4444,0,0,4631,1,0
7823,1,1,0,Jewish,1943,9718,1754,1628,1305,616,759,722,694,644,424,288,213,200,215,129,74,47,778,0,213,116,58,390,0,2730,0,0,3161,1,0
7824,1,1,0,Jewish,1350,5130,852,791,634,567,504,353,337,313,206,140,103,97,104,62,36,22,418,0,103,47,37,229,0,1445,0,535,1536,1,0
7825,1,1,0,Jewish,0,0,0,0,0,0,0,0,0,0,0,0,0,0,0,0,0,0,0,0,0,0,0,0,0,0,0,0,0,1,2
7826,1,1,0,Jewish,387,1470,76,90,115,129,152,110,67,56,68,92,109,111,103,75,46,63,119,0,38,15,7,41,15,291,0,0,676,1,0
7827,1,0,0,Jewish,276,1159,114,138,130,99,75,52,64,81,86,86,67,44,34,31,24,28,84,0,33,11,11,28,0,202,0,0,478,1,0
7831,1,1,0,Jewish,3210,11538,1879,1744,1398,1398,1188,789,743,689,454,309,228,214,231,138,79,50,979,41,124,166,83,562,0,3321,0,1518,3386,1,0
7841,1,1,0,Jewish,1471,7358,1328,1233,988,466,575,547,525,487,321,218,161,151,163,97,56,35,632,0,117,117,58,338,0,2366,0,309,2393,1,0
7851,1,1,0,Jewish,1345,6729,1214,1127,903,426,526,500,480,446,293,199,147,138,149,89,51,32,571,0,148,80,40,302,0,2078,0,91,2188,1,0
7911,0,1,0,Palestinian,0,45640,0,0,0,0,0,0,0,0,0,0,0,0,0,0,0,0,0,0,0,0,0,0,0,0,0,0,0,1,0
7912,0,1,0,Palestinian,0,12195,0,0,0,0,0,0,0,0,0,0,0,0,0,0,0,0,0,0,0,0,0,0,0,0,0,0,0,1,0
7913,0,1,0,Palestinian,0,15412,0,0,0,0,0,0,0,0,0,0,0,0,0,0,0,0,0,0,0,0,0,0,0,0,0,0,0,1,0
7921,0,1,0,Palestinian,0,33100,0,0,0,0,0,0,0,0,0,0,0,0,0,0,0,0,0,0,0,0,0,0,0,0,0,0,0,1,0
7922,0,1,0,Palestinian,0,42722,0,0,0,0,0,0,0,0,0,0,0,0,0,0,0,0,0,0,0,0,0,0,0,0,0,0,0,1,0
7930,0,1,0,Palestinian,0,1713,0,0,0,0,0,0,0,0,0,0,0,0,0,0,0,0,0,0,0,0,0,0,0,0,0,0,0,1,0
7931,0,1,0,Palestinian,0,7265,0,0,0,0,0,0,0,0,0,0,0,0,0,0,0,0,0,0,0,0,0,0,0,0,0,0,0,1,0
7932,0,1,0,Palestinian,0,6123,0,0,0,0,0,0,0,0,0,0,0,0,0,0,0,0,0,0,0,0,0,0,0,0,0,0,0,1,0
7933,0,1,0,Palestinian,0,3885,0,0,0,0,0,0,0,0,0,0,0,0,0,0,0,0,0,0,0,0,0,0,0,0,0,0,0,1,0
7934,0,1,0,Palestinian,0,2517,0,0,0,0,0,0,0,0,0,0,0,0,0,0,0,0,0,0,0,0,0,0,0,0,0,0,0,1,0
7935,0,1,0,Palestinian,0,4805,0,0,0,0,0,0,0,0,0,0,0,0,0,0,0,0,0,0,0,0,0,0,0,0,0,0,0,1,0
7936,0,1,0,Palestinian,0,758,0,0,0,0,0,0,0,0,0,0,0,0,0,0,0,0,0,0,0,0,0,0,0,0,0,0,0,1,0
7937,0,1,0,Palestinian,0,5072,0,0,0,0,0,0,0,0,0,0,0,0,0,0,0,0,0,0,0,0,0,0,0,0,0,0,0,1,0
7938,0,1,0,Palestinian,0,5027,0,0,0,0,0,0,0,0,0,0,0,0,0,0,0,0,0,0,0,0,0,0,0,0,0,0,0,1,0
7939,0,1,0,Palestinian,0,2440,0,0,0,0,0,0,0,0,0,0,0,0,0,0,0,0,0,0,0,0,0,0,0,0,0,0,0,1,0
7940,0,1,0,Palestinian,0,3952,0,0,0,0,0,0,0,0,0,0,0,0,0,0,0,0,0,0,0,0,0,0,0,0,0,0,0,1,0
7941,0,1,0,Palestinian,0,4333,0,0,0,0,0,0,0,0,0,0,0,0,0,0,0,0,0,0,0,0,0,0,0,0,0,0,0,1,0
7942,0,1,0,Palestinian,0,3475,0,0,0,0,0,0,0,0,0,0,0,0,0,0,0,0,0,0,0,0,0,0,0,0,0,0,0,1,0
7943,0,1,0,Palestinian,0,1799,0,0,0,0,0,0,0,0,0,0,0,0,0,0,0,0,0,0,0,0,0,0,0,0,0,0,0,1,0
7944,0,1,0,Palestinian,0,2851,0,0,0,0,0,0,0,0,0,0,0,0,0,0,0,0,0,0,0,0,0,0,0,0,0,0,0,1,0
7945,0,1,0,Palestinian,0,2434,0,0,0,0,0,0,0,0,0,0,0,0,0,0,0,0,0,0,0,0,0,0,0,0,0,0,0,1,0
7946,0,1,0,Palestinian,0,2481,0,0,0,0,0,0,0,0,0,0,0,0,0,0,0,0,0,0,0,0,0,0,0,0,0,0,0,1,0
7947,0,1,0,Palestinian,0,2257,0,0,0,0,0,0,0,0,0,0,0,0,0,0,0,0,0,0,0,0,0,0,0,0,0,0,0,1,0
7948,0,1,0,Palestinian,0,4267,0,0,0,0,0,0,0,0,0,0,0,0,0,0,0,0,0,0,0,0,0,0,0,0,0,0,0,1,0
7949,0,1,0,Palestinian,0,4911,0,0,0,0,0,0,0,0,0,0,0,0,0,0,0,0,0,0,0,0,0,0,0,0,0,0,0,1,0
7950,0,1,0,Palestinian,0,1702,0,0,0,0,0,0,0,0,0,0,0,0,0,0,0,0,0,0,0,0,0,0,0,0,0,0,0,1,0
7951,0,1,0,Palestinian,0,1623,0,0,0,0,0,0,0,0,0,0,0,0,0,0,0,0,0,0,0,0,0,0,0,0,0,0,0,1,0
7952,0,1,0,Palestinian,0,2384,0,0,0,0,0,0,0,0,0,0,0,0,0,0,0,0,0,0,0,0,0,0,0,0,0,0,0,1,0
7953,0,1,0,Palestinian,0,4839,0,0,0,0,0,0,0,0,0,0,0,0,0,0,0,0,0,0,0,0,0,0,0,0,0,0,0,1,0
7954,0,1,0,Palestinian,0,8196,0,0,0,0,0,0,0,0,0,0,0,0,0,0,0,0,0,0,0,0,0,0,0,0,0,0,0,1,0
7955,0,1,0,Palestinian,0,4059,0,0,0,0,0,0,0,0,0,0,0,0,0,0,0,0,0,0,0,0,0,0,0,0,0,0,0,1,0
7956,0,1,0,Palestinian,0,3412,0,0,0,0,0,0,0,0,0,0,0,0,0,0,0,0,0,0,0,0,0,0,0,0,0,0,0,1,0
7957,0,1,0,Palestinian,0,3045,0,0,0,0,0,0,0,0,0,0,0,0,0,0,0,0,0,0,0,0,0,0,0,0,0,0,0,1,0
7958,0,1,0,Palestinian,0,3822,0,0,0,0,0,0,0,0,0,0,0,0,0,0,0,0,0,0,0,0,0,0,0,0,0,0,0,1,0
7961,0,1,0,Palestinian,0,3248,0,0,0,0,0,0,0,0,0,0,0,0,0,0,0,0,0,0,0,0,0,0,0,0,0,0,0,1,0
7962,0,1,0,Palestinian,0,5032,0,0,0,0,0,0,0,0,0,0,0,0,0,0,0,0,0,0,0,0,0,0,0,0,0,0,0,1,0
7963,0,1,0,Palestinian,0,4925,0,0,0,0,0,0,0,0,0,0,0,0,0,0,0,0,0,0,0,0,0,0,0,0,0,0,0,1,0
7964,0,1,0,Palestinian,0,5627,0,0,0,0,0,0,0,0,0,0,0,0,0,0,0,0,0,0,0,0,0,0,0,0,0,0,0,1,0
7965,0,1,0,Palestinian,0,6457,0,0,0,0,0,0,0,0,0,0,0,0,0,0,0,0,0,0,0,0,0,0,0,0,0,0,0,1,0
7966,0,1,0,Palestinian,0,5114,0,0,0,0,0,0,0,0,0,0,0,0,0,0,0,0,0,0,0,0,0,0,0,0,0,0,0,1,0
7967,0,1,0,Palestinian,0,9567,0,0,0,0,0,0,0,0,0,0,0,0,0,0,0,0,0,0,0,0,0,0,0,0,0,0,0,1,0
7968,0,1,0,Palestinian,0,6700,0,0,0,0,0,0,0,0,0,0,0,0,0,0,0,0,0,0,0,0,0,0,0,0,0,0,0,1,0
7969,0,1,0,Palestinian,0,8380,0,0,0,0,0,0,0,0,0,0,0,0,0,0,0,0,0,0,0,0,0,0,0,0,0,0,0,1,0
8101,1,1,0,Jewish,2867,10008,868,762,761,845,1079,819,600,474,399,492,624,595,565,450,279,388,891,0,314,142,114,320,0,2041,0,470,4310,1,0
8111,1,1,0,Jewish,514,2570,463,430,345,162,200,191,183,170,112,76,56,52,57,34,19,12,216,0,51,25,25,113,0,795,0,0,835,1,0
8121,1,1,0,Jewish,544,2720,491,455,365,172,212,202,194,180,118,80,59,56,60,36,20,13,235,0,43,27,21,126,16,829,0,145,884,1,0
8131,1,0,0,Jewish,345,1725,311,289,231,109,134,128,123,114,75,51,37,35,38,22,13,8,145,0,27,17,13,76,10,537,0,0,561,1,0
8141,1,0,0,Jewish,965,4825,871,808,648,305,377,358,344,319,210,143,105,99,107,64,36,23,411,0,77,48,38,218,28,1531,0,0,1569,1,0
8142,1,0,0,Jewish,1025,4567,672,792,713,359,278,222,270,359,281,213,137,92,69,52,33,17,459,0,80,50,40,257,30,1711,0,390,1522,1,0
8143,1,0,0,Jewish,916,4312,766,711,570,315,352,315,303,281,185,126,93,87,94,56,32,20,461,0,67,42,33,291,25,1331,0,1027,1380,1,0
8144,1,0,0,Jewish,310,1550,279,259,208,98,121,115,110,102,67,46,33,31,34,20,11,7,134,0,24,15,12,72,9,492,0,36,504,1,0
8211,0,1,0,Palestinian,0,67347,0,0,0,0,0,0,0,0,0,0,0,0,0,0,0,0,0,0,0,0,0,0,0,0,0,0,0,1,0
8212,0,1,0,Palestinian,0,58376,0,0,0,0,0,0,0,0,0,0,0,0,0,0,0,0,0,0,0,0,0,0,0,0,0,0,0,1,0
8221,0,1,0,Palestinian,0,61753,0,0,0,0,0,0,0,0,0,0,0,0,0,0,0,0,0,0,0,0,0,0,0,0,0,0,0,1,0
8222,0,1,0,Palestinian,0,66029,0,0,0,0,0,0,0,0,0,0,0,0,0,0,0,0,0,0,0,0,0,0,0,0,0,0,0,1,0
8223,0,1,0,Palestinian,0,80276,0,0,0,0,0,0,0,0,0,0,0,0,0,0,0,0,0,0,0,0,0,0,0,0,0,0,0,1,0
8224,0,0,0,Palestinian,0,100340,0,0,0,0,0,0,0,0,0,0,0,0,0,0,0,0,0,0,0,0,0,0,0,0,0,0,0,1,0
8225,0,1,0,Palestinian,0,2078,0,0,0,0,0,0,0,0,0,0,0,0,0,0,0,0,0,0,0,0,0,0,0,0,0,0,0,1,0
8230,0,1,0,Palestinian,0,18706,0,0,0,0,0,0,0,0,0,0,0,0,0,0,0,0,0,0,0,0,0,0,0,0,0,0,0,1,0
8231,0,1,0,Palestinian,0,12340,0,0,0,0,0,0,0,0,0,0,0,0,0,0,0,0,0,0,0,0,0,0,0,0,0,0,0,1,0
8232,0,1,0,Palestinian,0,20525,0,0,0,0,0,0,0,0,0,0,0,0,0,0,0,0,0,0,0,0,0,0,0,0,0,0,0,1,0
8233,0,1,0,Palestinian,0,20833,0,0,0,0,0,0,0,0,0,0,0,0,0,0,0,0,0,0,0,0,0,0,0,0,0,0,0,1,0
8234,0,1,0,Palestinian,0,17296,0,0,0,0,0,0,0,0,0,0,0,0,0,0,0,0,0,0,0,0,0,0,0,0,0,0,0,1,0
8235,1,1,0,Jewish,0,0,0,0,0,0,0,0,0,0,0,0,0,0,0,0,0,0,0,0,0,0,0,0,0,0,0,0,0,1,0
8236,0,1,0,Palestinian,832,11895,0,0,0,543,278,10,0,0,0,0,0,0,0,0,0,0,44,0,0,0,0,44,0,0,0,988,0,1,0
8237,0,1,0,Palestinian,0,28000,0,0,0,0,0,0,0,0,0,0,0,0,0,0,0,0,0,0,0,0,0,0,0,0,0,0,0,1,0
8240,0,1,0,Palestinian,0,7864,0,0,0,0,0,0,0,0,0,0,0,0,0,0,0,0,0,0,0,0,0,0,0,0,0,0,0,1,0
8241,0,1,0,Palestinian,0,10789,0,0,0,0,0,0,0,0,0,0,0,0,0,0,0,0,0,0,0,0,0,0,0,0,0,0,0,1,0
8242,0,1,0,Palestinian,0,8320,0,0,0,0,0,0,0,0,0,0,0,0,0,0,0,0,0,0,0,0,0,0,0,0,0,0,0,1,0
8243,0,1,0,Palestinian,0,4055,0,0,0,0,0,0,0,0,0,0,0,0,0,0,0,0,0,0,0,0,0,0,0,0,0,0,0,1,0
8244,0,1,0,Palestinian,0,5365,0,0,0,0,0,0,0,0,0,0,0,0,0,0,0,0,0,0,0,0,0,0,0,0,0,0,0,1,0
8245,0,1,0,Palestinian,0,1991,0,0,0,0,0,0,0,0,0,0,0,0,0,0,0,0,2,0,0,0,0,2,0,0,0,33,0,1,0
8246,0,1,0,Palestinian,0,26303,0,0,0,0,0,0,0,0,0,0,0,0,0,0,0,0,0,0,0,0,0,0,0,0,0,0,0,1,0
8247,0,1,0,Palestinian,0,13657,0,0,0,0,0,0,0,0,0,0,0,0,0,0,0,0,0,0,0,0,0,0,0,0,0,0,0,1,0
8248,0,1,0,Palestinian,0,17643,0,0,0,0,0,0,0,0,0,0,0,0,0,0,0,0,0,0,0,0,0,0,0,0,0,0,0,1,0
8249,0,1,0,Palestinian,0,24514,0,0,0,0,0,0,0,0,0,0,0,0,0,0,0,0,0,0,0,0,0,0,0,0,0,0,0,1,0
8250,0,1,0,Palestinian,0,31329,0,0,0,0,0,0,0,0,0,0,0,0,0,0,0,0,0,0,0,0,0,0,0,0,0,0,0,1,0
8251,0,1,0,Palestinian,0,6363,0,0,0,0,0,0,0,0,0,0,0,0,0,0,0,0,0,0,0,0,0,0,0,0,0,0,0,1,0
8252,0,1,0,Palestinian,0,37949,0,0,0,0,0,0,0,0,0,0,0,0,0,0,0,0,0,0,0,0,0,0,0,0,0,0,0,1,0
8253,0,1,0,Palestinian,0,34524,0,0,0,0,0,0,0,0,0,0,0,0,0,0,0,0,0,0,0,0,0,0,0,0,0,0,0,1,0
8254,0,1,0,Palestinian,0,26622,0,0,0,0,0,0,0,0,0,0,0,0,0,0,0,0,0,0,0,0,0,0,0,0,0,0,0,1,0
8255,0,1,0,Palestinian,0,18666,0,0,0,0,0,0,0,0,0,0,0,0,0,0,0,0,0,0,0,0,0,0,0,0,0,0,0,1,0
8256,0,1,0,Palestinian,0,21267,0,0,0,0,0,0,0,0,0,0,0,0,0,0,0,0,0,0,0,0,0,0,0,0,0,0,0,1,0
8261,0,0,0,Palestinian,0,84011,0,0,0,0,0,0,0,0,0,0,0,0,0,0,0,0,0,0,0,0,0,0,0,0,0,0,0,1,0
8262,0,0,0,Palestinian,0,84861,0,0,0,0,0,0,0,0,0,0,0,0,0,0,0,0,0,0,0,0,0,0,0,0,0,0,0,1,0
8271,0,0,0,Palestinian,0,284054,0,0,0,0,0,0,0,0,0,0,0,0,0,0,0,0,0,0,0,0,0,0,0,0,0,0,0,1,0
8311,0,1,0,Jewish,1503,5712,297,351,449,502,593,429,262,218,264,359,427,434,401,294,182,245,540,0,150,60,45,240,45,1680,0,101,2627,1,0
8312,0,1,0,Jewish,1934,7350,382,451,578,646,764,552,337,280,340,461,549,559,517,378,234,315,672,0,193,77,58,285,58,1979,0,49,3380,1,0
8313,0,1,0,Jewish,1054,4479,451,389,336,284,313,329,306,284,238,227,211,212,219,212,183,278,310,0,84,52,42,99,31,695,0,46,1887,1,0
8314,0,1,0,Jewish,0,0,0,0,0,0,0,0,0,0,0,0,0,0,0,0,0,0,0,0,0,0,0,0,0,0,0,0,0,1,0
8401,0,1,0,Jewish,1147,5480,551,476,411,348,383,403,374,348,291,278,258,259,268,260,224,340,450,0,126,80,22,221,0,1549,0,0,2309,1,2
8402,0,1,0,Jewish,655,3134,315,272,235,199,219,230,214,199,166,159,147,148,153,148,128,194,215,0,65,45,19,83,0,550,0,83,1320,1,2
8403,0,1,0,Jewish,1392,6479,652,563,487,411,453,476,443,412,344,329,305,306,317,307,265,402,447,0,83,83,111,168,0,1182,0,0,2730,1,2
8404,0,1,0,Jewish,340,1292,67,79,101,113,134,97,59,49,59,81,96,98,90,66,41,55,54,0,0,0,0,54,0,378,0,0,594,1,2
8405,0,1,0,Jewish,843,3984,401,346,299,253,278,292,272,253,211,202,187,188,195,189,163,247,94,0,0,0,0,94,0,660,0,0,1678,1,2
8406,0,1,0,Jewish,1379,5846,570,492,426,479,450,421,387,360,301,288,267,268,277,269,232,352,412,0,72,96,72,172,0,1116,0,384,2387,1,2
8407,0,1,0,Jewish,586,3349,337,291,251,212,234,246,229,213,178,170,158,158,164,159,137,208,203,0,35,46,35,85,0,600,0,0,1411,1,2
8408,0,1,0,Jewish,595,3399,342,295,255,216,237,249,232,216,180,172,160,161,166,161,139,211,1227,0,308,410,308,200,0,1404,0,0,1432,1,2
8409,0,1,0,Jewish,486,1701,171,147,127,108,118,125,116,108,90,86,80,80,83,80,69,105,133,0,48,19,29,36,0,256,0,0,716,1,2
8410,0,1,0,U_Orthodox,2018,13118,2039,1800,1853,1580,1550,825,481,407,505,678,467,320,237,153,111,102,832,0,0,0,0,832,0,5593,0,1729,3121,1,2
8411,0,1,0,U_Orthodox,613,3990,620,547,563,480,471,251,146,123,153,206,142,97,72,46,33,31,533,0,64,55,64,349,0,2228,0,1619,949,1,2
8412,0,1,0,U_Orthodox,2876,10567,1216,953,1038,1855,1535,784,410,327,276,304,356,371,372,280,196,286,1379,0,179,153,179,866,0,4774,0,5787,2703,1,2
8413,0,1,0,Jewish,321,1318,132,114,99,83,92,96,90,83,70,66,62,62,64,62,54,81,94,0,19,19,6,29,19,190,0,57,555,1,0
8414,0,1,0,Jewish,1040,5561,560,483,418,353,388,408,380,353,295,282,262,263,272,264,227,345,351,0,62,83,62,143,0,1007,0,0,2343,1,2
8415,0,1,0,Jewish,1657,7197,695,600,518,636,571,515,472,439,367,350,325,327,338,327,282,429,510,0,81,109,81,237,0,1552,0,304,2909,1,2
8416,0,1,0,Jewish,1803,9446,951,821,710,600,660,694,646,600,502,480,445,447,462,448,387,587,580,0,108,126,126,219,0,1517,0,72,3980,1,2
8417,0,1,0,Jewish,856,5099,513,443,383,324,356,374,348,324,271,259,240,241,249,242,208,316,288,0,51,59,59,117,0,821,0,0,2148,1,2
8421,0,1,0,Jewish,0,0,0,0,0,0,0,0,0,0,0,0,0,0,0,0,0,0,3562,1425,1068,1068,0,0,0,0,0,0,0,1,2
8422,0,1,0,Jewish,0,0,0,0,0,0,0,0,0,0,0,0,0,0,0,0,0,0,0,0,0,0,0,0,0,0,0,0,0,1,2
8423,0,1,0,Jewish,0,0,0,0,0,0,0,0,0,0,0,0,0,0,0,0,0,0,13368,9357,0,2673,1336,0,0,0,0,0,0,1,2
8431,0,1,0,Jewish,400,1680,166,200,188,144,108,75,92,117,125,125,97,64,49,45,34,40,2758,0,1884,538,269,66,0,444,0,163,693,1,2
8432,0,1,0,Jewish,742,2597,261,225,195,165,181,190,177,165,138,131,122,123,127,123,106,161,6657,0,1319,4617,659,60,0,426,0,0,1094,1,2
8433,0,1,0,Jewish,1060,4452,440,532,500,383,288,200,245,311,333,332,258,172,131,119,92,108,5428,0,2640,1056,1584,148,0,1039,0,0,1836,1,2
8434,0,1,0,Jewish,848,3561,352,425,400,306,231,160,196,249,266,266,206,137,105,95,73,86,2289,0,217,1302,651,118,0,831,0,0,1469,1,2
8435,0,1,0,Jewish,1199,5035,498,602,566,433,326,226,278,352,377,376,292,194,148,135,104,122,6289,6110,0,0,0,179,0,1257,0,0,2077,1,2
8436,0,1,0,Jewish,0,0,0,0,0,0,0,0,0,0,0,0,0,0,0,0,0,0,2676,0,535,2007,133,0,0,0,0,0,0,1,2
8437,0,1,0,Jewish,0,0,0,0,0,0,0,0,0,0,0,0,0,0,0,0,0,0,0,0,0,0,0,0,0,0,0,0,0,1,2
8438,0,1,0,Jewish,304,1251,126,108,94,79,87,92,85,79,66,63,59,59,61,59,51,77,87,0,18,18,6,26,18,188,0,0,527,1,0
8441,0,1,0,U_Orthodox,1071,6951,1080,953,981,839,821,437,255,215,267,359,247,169,125,81,59,54,791,0,160,64,96,470,0,3041,0,1487,1653,1,2
8442,0,1,0,U_Orthodox,2168,14096,2191,1935,1991,1698,1666,887,517,438,543,728,502,344,255,165,120,110,1522,0,325,130,195,872,0,5978,0,1362,3353,1,2
8443,0,1,0,U_Orthodox,1324,8610,1338,1182,1216,1037,1017,542,316,267,331,445,306,210,156,101,73,67,949,0,198,79,119,552,0,3628,0,1552,2048,1,2
8444,0,1,0,U_Orthodox,1100,7700,1524,1488,1347,723,460,324,360,484,446,234,103,59,38,33,30,39,1722,0,723,289,433,276,0,1935,0,526,1558,1,2
8445,0,1,0,U_Orthodox,1100,6050,783,613,668,693,760,481,264,210,177,195,229,239,239,180,126,184,1575,0,706,282,423,163,0,1144,0,649,1615,1,2
8446,0,1,0,U_Orthodox,0,0,0,0,0,0,0,0,0,0,0,0,0,0,0,0,0,0,0,0,0,0,0,0,0,0,0,0,0,1,2
8447,0,1,0,U_Orthodox,1090,5995,775,608,662,687,754,476,261,209,176,193,227,237,237,178,125,182,530,0,163,65,98,203,0,1421,0,643,1601,1,2
8448,0,1,0,U_Orthodox,1308,7194,931,729,794,825,904,572,314,250,211,232,273,284,284,214,150,219,636,0,196,78,117,243,0,1706,0,772,1921,1,2
8449,0,1,0,U_Orthodox,706,4590,713,630,648,553,542,289,168,142,176,237,163,112,83,53,39,35,472,0,105,42,63,260,0,1806,0,443,1092,1,2
8451,0,1,0,U_Orthodox,1136,6168,795,623,679,718,778,489,268,214,180,198,233,243,243,183,128,187,677,0,167,67,100,342,0,2323,0,659,1645,1,2
8452,0,1,0,U_Orthodox,1877,9625,1225,960,1045,1190,1237,758,413,330,278,306,359,374,374,282,198,288,1285,0,258,103,154,768,0,5163,0,1016,2554,1,2
8453,0,1,0,U_Orthodox,1716,6632,777,609,663,1105,945,496,262,209,176,194,228,237,237,179,125,182,893,0,163,65,98,565,0,3339,0,2818,1707,1,2
8454,0,1,0,U_Orthodox,582,3204,414,325,353,367,403,254,139,111,94,103,121,126,126,95,67,97,378,0,87,34,52,203,0,1426,0,343,855,1,2
8455,0,1,0,U_Orthodox,2285,7374,805,630,687,1483,1130,531,271,216,182,201,236,246,246,185,130,189,622,0,0,0,0,622,0,3759,0,2087,1851,1,2
8456,0,1,0,U_Orthodox,900,4950,640,502,546,567,622,393,216,172,145,160,187,195,195,147,103,150,2689,0,1250,500,750,189,0,1328,0,531,1321,1,2
8457,0,1,0,U_Orthodox,969,6301,979,865,890,759,744,396,231,195,242,325,224,154,114,73,53,49,683,0,145,58,87,392,0,2712,0,609,1499,1,2
8458,0,1,0,U_Orthodox,1075,6991,1086,959,987,842,826,440,256,217,269,361,249,170,126,82,59,54,784,0,161,64,96,461,0,3106,0,759,1663,1,2
8459,0,1,0,U_Orthodox,1505,5422,619,485,528,970,794,401,209,166,140,154,181,189,189,142,100,145,590,0,130,52,78,329,0,1943,0,1528,1384,1,2
8460,0,1,0,U_Orthodox,0,0,0,0,0,0,0,0,0,0,0,0,0,0,0,0,0,0,3320,0,0,0,3320,0,0,0,0,0,0,1,2
8461,0,1,0,U_Orthodox,1510,7463,941,738,803,959,972,584,317,253,213,235,276,287,288,216,152,221,683,0,158,158,79,286,0,1893,0,780,1973,1,2
8462,0,1,0,U_Orthodox,1911,10513,1360,1066,1161,1206,1322,836,459,366,309,340,399,415,416,313,220,320,962,0,229,229,114,389,0,2723,0,1128,2807,1,2
8463,0,1,0,U_Orthodox,2376,13068,1691,1325,1443,1499,1643,1039,570,455,384,422,496,517,517,389,273,397,1198,0,356,142,213,486,0,3365,0,1402,3489,1,2
8464,0,1,0,U_Orthodox,1939,10668,1380,1082,1178,1223,1341,848,466,372,313,345,405,422,422,317,223,324,947,0,290,116,174,366,0,2562,0,1144,2849,1,2
8465,0,1,0,U_Orthodox,1120,6160,797,624,680,706,774,490,269,214,181,199,233,243,243,183,129,187,548,0,168,67,100,212,0,1486,0,661,1645,1,2
8466,0,1,0,U_Orthodox,0,0,0,0,0,0,0,0,0,0,0,0,0,0,0,0,0,0,0,0,0,0,0,0,0,0,0,0,0,1,2
8467,0,1,0,Jewish,0,0,0,0,0,0,0,0,0,0,0,0,0,0,0,0,0,0,0,0,0,0,0,0,0,0,0,0,0,1,2
8471,0,1,0,Jewish,483,1838,95,112,144,161,191,138,84,70,85,115,137,139,129,94,58,78,1525,0,579,579,289,75,0,529,0,0,845,1,2
8472,0,1,0,U_Orthodox,2520,13862,1794,1406,1531,1590,1743,1102,605,483,407,448,526,548,548,413,290,422,1313,0,302,302,151,557,0,3827,0,1487,3702,1,2
8473,0,1,0,Jewish,2248,9444,935,1129,1061,813,612,424,521,661,707,705,548,365,278,253,196,229,809,0,224,89,134,360,0,2520,0,0,3897,1,2
8474,0,1,0,Jewish,1093,4591,454,548,516,395,297,206,253,321,344,343,266,177,135,123,95,111,392,0,109,43,65,174,0,1219,0,0,1894,1,2
8475,0,1,0,U_Orthodox,2395,13175,1705,1336,1455,1511,1657,1048,575,459,387,426,500,521,521,392,276,401,1172,0,359,143,215,453,0,3174,0,1413,3518,1,2
8476,0,1,0,U_Orthodox,1438,7912,1024,802,873,907,995,629,345,275,232,255,300,313,313,235,165,240,704,0,215,86,129,272,0,1910,0,849,2113,1,2
8477,0,1,0,U_Orthodox,1485,8167,1057,828,902,936,1027,649,356,284,240,264,310,323,323,243,171,248,776,0,222,89,133,330,0,2314,0,876,2181,1,2
8481,0,1,0,U_Orthodox,2200,15400,3048,2976,2694,1447,920,649,721,968,892,469,206,119,77,66,61,79,2090,0,600,240,360,890,0,6233,0,1053,3117,1,2
8482,0,1,0,U_Orthodox,2090,14630,2896,2827,2559,1374,874,616,685,920,848,445,196,113,73,63,58,75,2018,0,749,299,449,519,0,3638,0,1001,2961,1,2
8483,0,1,0,U_Orthodox,1650,11550,2286,2232,2020,1085,690,486,540,726,669,352,155,89,58,49,46,59,1379,0,355,142,213,667,0,4674,0,790,2338,1,2
8484,0,1,0,U_Orthodox,1020,5610,726,569,619,643,705,446,245,195,164,181,213,221,222,167,117,170,344,0,153,61,91,38,0,266,0,602,1498,1,2
8485,0,1,0,U_Orthodox,1020,5610,726,569,619,643,705,446,245,195,164,181,213,221,222,167,117,170,356,0,122,122,61,50,0,353,0,602,1498,1,2
8501,0,1,0,Jewish,1299,4939,257,303,388,434,513,371,226,188,228,310,369,375,347,254,157,211,468,0,116,51,38,208,51,1457,0,0,2271,1,0
8502,0,1,0,Jewish,923,3507,182,215,275,308,364,263,161,133,162,220,262,266,246,180,112,150,322,0,92,46,27,137,18,963,0,0,1613,1,0
8503,0,1,0,Jewish,0,0,0,0,0,0,0,0,0,0,0,0,0,0,0,0,0,0,4055,2433,1216,405,0,0,0,0,0,0,0,1,1
8504,0,1,0,Jewish,0,0,0,0,0,0,0,0,0,0,0,0,0,0,0,0,0,0,4779,2867,1433,477,0,0,0,0,0,0,0,1,1
8505,0,1,0,Jewish,304,1249,125,108,93,79,87,91,85,79,66,63,58,59,61,59,51,77,146,0,30,18,12,85,0,580,0,65,526,1,0
8506,0,1,0,Jewish,127,294,21,19,17,15,17,18,17,17,15,15,13,12,14,16,18,43,5159,1030,2061,1545,515,6,0,45,0,0,116,1,1
8507,0,1,0,Jewish,969,3779,380,328,284,240,264,277,258,240,201,192,178,179,185,179,154,234,421,29,58,19,38,227,48,1535,0,429,1592,1,0
8508,0,1,0,Jewish,1513,5751,299,353,452,505,597,432,264,219,266,361,430,437,404,296,183,246,530,0,151,75,30,227,45,1574,0,33,2645,1,0
8511,0,1,0,Jewish,816,3100,161,190,243,272,322,233,142,118,143,194,231,235,218,159,99,133,299,65,48,32,16,136,0,938,0,67,1426,1,0
8512,1,1,0,Jewish,0,0,0,0,0,0,0,0,0,0,0,0,0,0,0,0,0,0,0,0,0,0,0,0,0,0,0,0,0,1,0
8513,0,1,0,Jewish,467,1774,92,109,139,156,184,133,81,67,82,111,132,134,124,91,56,76,151,0,28,23,28,58,14,406,0,0,816,1,0
8514,0,1,0,Jewish,1015,3857,200,237,303,339,400,289,177,147,178,242,288,293,271,198,123,165,455,0,60,50,60,252,30,1765,0,0,1773,1,0
8601,0,1,0,Jewish,2375,9976,987,1192,1121,859,647,448,551,698,747,745,579,385,294,267,207,242,9632,0,6523,1863,931,313,0,2196,0,0,4116,1,2
8602,0,1,0,Jewish,1013,3849,200,236,302,338,400,289,176,146,178,241,287,292,270,198,122,165,304,0,101,70,30,101,0,709,0,0,1770,1,2
8603,0,1,0,Jewish,1276,4848,252,297,381,426,504,364,222,185,224,304,362,368,341,249,154,208,513,0,140,76,38,257,0,1804,0,0,2230,1,2
8604,0,1,0,Jewish,967,3674,191,225,288,323,381,276,168,140,169,230,274,279,258,189,117,157,290,0,96,77,19,96,0,677,0,0,1690,1,2
8605,0,1,0,Jewish,1733,6585,343,404,517,579,684,494,302,251,304,413,492,500,463,339,210,282,609,0,173,138,34,263,0,1843,0,0,3028,1,2
8606,0,1,0,Jewish,1235,4693,244,288,369,412,487,352,215,179,217,294,350,356,330,241,149,201,387,0,135,74,37,140,0,980,0,0,2158,1,2
8611,0,1,0,Jewish,3355,12751,664,783,1002,1121,1325,958,585,486,589,801,953,969,896,656,407,547,1216,0,301,268,100,544,0,3814,0,0,5864,1,2
8612,0,1,0,Jewish,2249,8547,445,525,672,751,888,642,392,326,395,537,639,650,601,440,273,366,815,0,202,179,67,365,0,2558,0,0,3931,1,2
8613,0,1,0,Jewish,1233,4685,244,287,368,412,487,352,215,178,216,294,350,356,329,241,149,201,608,0,110,98,36,361,0,2531,0,0,2154,1,2
8614,0,1,0,Jewish,4500,18900,1871,2259,2124,1627,1225,849,1044,1324,1416,1412,1096,730,557,507,392,458,4462,0,1706,1517,568,669,0,4685,0,0,7798,1,2
8615,0,1,0,Jewish,4770,20034,1983,2395,2251,1725,1299,900,1106,1403,1501,1496,1162,774,590,537,416,486,4714,0,2075,1245,830,563,0,3947,0,0,8266,1,2
8616,0,1,0,Jewish,1331,5057,263,310,397,444,525,380,232,193,233,317,378,384,355,260,161,217,475,0,119,106,39,208,0,1462,0,0,2326,1,2
8621,0,1,0,Jewish,1227,4662,242,286,366,410,484,350,214,178,215,293,348,354,327,240,148,200,443,0,122,98,24,198,0,1388,0,0,2144,1,2
8622,0,1,0,Jewish,1310,4978,259,305,391,437,517,374,228,190,230,312,372,378,350,256,159,213,485,0,131,104,26,223,0,1567,0,0,2289,1,2
8623,0,1,0,Jewish,4240,17808,1763,2129,2001,1533,1155,800,983,1247,1334,1330,1033,688,525,478,369,432,1363,0,381,339,127,515,0,3610,0,0,7347,1,2
8624,0,1,0,Jewish,2344,8908,464,547,700,783,926,669,409,340,412,559,666,677,626,458,284,382,834,0,211,187,70,365,0,2561,0,0,4097,1,2
8625,0,1,0,Jewish,1376,5230,272,321,411,460,543,393,240,199,241,328,391,397,367,269,167,224,490,0,123,110,41,214,0,1503,0,0,2405,1,2
8626,0,1,0,Jewish,1615,6137,319,377,482,539,637,461,281,234,283,385,458,466,431,316,196,263,588,0,161,129,32,265,0,1859,0,0,2822,1,2
8627,0,1,0,Jewish,1193,4533,236,278,356,398,471,340,208,173,209,284,338,344,318,233,144,194,500,0,119,95,23,261,0,1831,0,0,2085,1,2
8631,0,1,0,Jewish,739,2808,146,172,220,247,291,211,128,107,129,176,209,213,197,144,89,120,221,0,59,73,14,73,0,514,0,0,1291,1,2
8632,0,1,0,Jewish,717,2728,142,167,214,239,283,205,125,104,126,171,203,207,191,140,87,117,423,0,78,50,14,280,0,1962,0,0,1254,1,2
8633,0,1,0,Jewish,811,3083,160,189,242,271,320,231,141,117,142,193,230,234,216,158,98,132,245,0,89,56,16,82,0,579,0,0,1418,1,2
8641,0,1,0,Jewish,2299,8737,455,536,687,768,908,656,401,333,404,549,653,664,614,450,279,374,818,0,252,160,45,358,0,2511,0,0,4018,1,2
8642,0,1,0,Jewish,0,0,0,0,0,0,0,0,0,0,0,0,0,0,0,0,0,0,0,0,0,0,0,0,0,0,0,0,0,1,2
8651,1,1,0,Jewish,2134,7469,648,569,568,625,804,612,448,354,298,367,466,444,422,336,209,290,639,0,234,149,42,212,0,1490,0,0,3219,1,0
8652,0,1,0,Jewish,0,0,0,0,0,0,0,0,0,0,0,0,0,0,0,0,0,0,2728,0,2046,272,136,0,272,0,0,0,0,1,0
8653,0,1,0,Jewish,242,919,47,56,72,80,95,69,42,35,42,57,68,69,64,47,29,39,80,0,24,19,4,32,0,225,0,0,422,1,0
8661,1,1,0,U_Orthodox,5052,20931,2511,1968,2143,3242,2903,1588,847,676,570,627,736,767,768,578,406,591,2565,0,529,211,317,1506,0,8491,0,11520,5432,1,2
8662,1,1,0,U_Orthodox,4694,19903,2793,2467,2539,3447,2706,1196,660,558,692,929,640,439,325,210,153,140,2168,0,414,207,207,1338,0,7621,0,9604,4597,1,2
8663,1,1,0,U_Orthodox,3160,15838,2328,2056,2116,2374,2030,969,550,465,577,774,534,366,271,175,127,117,1678,0,345,172,172,986,0,6381,0,1742,3705,1,2
8664,1,1,0,U_Orthodox,3554,21832,3357,2965,3051,2756,2623,1367,793,671,832,1117,770,528,391,253,183,169,2318,0,498,249,249,1321,0,9048,0,2088,5177,1,2
8665,1,1,0,U_Orthodox,1433,9021,1752,1710,1548,943,580,378,414,556,513,269,118,68,44,38,35,45,819,0,189,94,94,439,0,2969,0,605,1820,1,2
8666,1,1,0,U_Orthodox,5203,21781,3045,2689,2767,3811,2981,1306,719,608,754,1013,698,479,355,229,166,153,2347,0,542,180,180,1443,0,8518,0,7714,5024,1,2
8671,1,1,0,U_Orthodox,213,960,161,131,117,89,80,66,52,46,35,28,26,25,23,20,18,34,189,0,35,16,12,125,0,859,0,84,235,1,2
8672,1,1,0,U_Orthodox,0,0,0,0,0,0,0,0,0,0,0,0,0,0,0,0,0,0,18,0,0,0,0,18,0,131,0,0,0,1,2
8673,1,1,0,Jewish,1003,3251,273,239,239,333,370,260,189,149,125,154,196,187,178,141,88,122,296,0,89,53,35,117,0,728,0,366,1356,1,1
8674,1,1,0,U_Orthodox,1143,5143,863,706,631,477,431,358,282,247,189,155,141,134,127,111,100,183,541,0,171,102,68,198,0,1387,0,453,1258,1,1
8681,0,1,0,Jewish,4950,20790,2058,2485,2336,1790,1348,934,1148,1456,1558,1553,1206,803,612,558,431,504,1553,0,445,396,148,563,0,3947,0,0,8578,1,2
8682,0,1,0,Jewish,0,0,0,0,0,0,0,0,0,0,0,0,0,0,0,0,0,0,7961,3980,1194,2786,0,0,0,0,0,0,0,1,2
8683,0,1,0,Jewish,0,0,0,0,0,0,0,0,0,0,0,0,0,0,0,0,0,0,0,0,0,0,0,0,0,0,0,0,0,1,2
8684,0,1,0,Jewish,0,0,0,0,0,0,0,0,0,0,0,0,0,0,0,0,0,0,17620,2643,12334,2643,0,0,0,0,0,0,0,1,2
8685,0,1,0,Jewish,0,0,0,0,0,0,0,0,0,0,0,0,0,0,0,0,0,0,0,0,0,0,0,0,0,0,0,0,0,1,2
8686,0,1,0,Jewish,0,0,0,0,0,0,0,0,0,0,0,0,0,0,0,0,0,0,0,0,0,0,0,0,0,0,0,0,0,1,2
8687,0,1,0,Jewish,0,0,0,0,0,0,0,0,0,0,0,0,0,0,0,0,0,0,3953,1976,593,1383,0,0,0,0,0,0,0,1,2
8691,1,1,0,Jewish,3218,16094,2905,2697,2161,1020,1258,1196,1149,1066,703,477,352,331,357,214,123,78,1342,0,321,193,128,698,0,4855,0,91,5235,1,0
8692,1,1,0,Jewish,1554,7770,1402,1302,1043,492,607,577,555,515,339,230,170,160,172,103,59,37,664,0,124,124,62,353,0,2477,0,0,2527,1,0
8693,1,1,0,Jewish,983,3440,298,262,262,288,370,282,206,163,137,169,215,204,194,155,96,133,353,0,78,78,39,156,0,1096,0,0,1483,1,0
8694,1,0,0,Jewish,4923,20677,2047,2472,2324,1780,1341,929,1142,1448,1549,1544,1200,799,609,555,429,502,1802,0,393,393,196,818,0,5726,0,0,8531,1,0
8711,0,1,0,Palestinian,0,26307,0,0,0,0,0,0,0,0,0,0,0,0,0,0,0,0,0,0,0,0,0,0,0,0,0,0,0,1,0
8712,0,1,0,Palestinian,0,43218,0,0,0,0,0,0,0,0,0,0,0,0,0,0,0,0,0,0,0,0,0,0,0,0,0,0,0,1,0
8721,0,1,0,Palestinian,0,49625,0,0,0,0,0,0,0,0,0,0,0,0,0,0,0,0,0,0,0,0,0,0,0,0,0,0,0,1,0
8722,0,1,0,Palestinian,0,14140,0,0,0,0,0,0,0,0,0,0,0,0,0,0,0,0,0,0,0,0,0,0,0,0,0,0,0,1,0
8723,0,1,0,Palestinian,0,11373,0,0,0,0,0,0,0,0,0,0,0,0,0,0,0,0,0,0,0,0,0,0,0,0,0,0,0,1,0
8724,0,1,0,Palestinian,0,26407,0,0,0,0,0,0,0,0,0,0,0,0,0,0,0,0,0,0,0,0,0,0,0,0,0,0,0,1,0
8731,0,1,0,Palestinian,0,34039,0,0,0,0,0,0,0,0,0,0,0,0,0,0,0,0,0,0,0,0,0,0,0,0,0,0,0,1,0
8732,0,1,0,Palestinian,0,47635,0,0,0,0,0,0,0,0,0,0,0,0,0,0,0,0,0,0,0,0,0,0,0,0,0,0,0,1,0
8741,0,0,0,Palestinian,0,44927,0,0,0,0,0,0,0,0,0,0,0,0,0,0,0,0,0,0,0,0,0,0,0,0,0,0,0,1,0
8742,0,1,0,Palestinian,0,17795,0,0,0,0,0,0,0,0,0,0,0,0,0,0,0,0,0,0,0,0,0,0,0,0,0,0,0,1,0
8743,0,0,0,Palestinian,0,9741,0,0,0,0,0,0,0,0,0,0,0,0,0,0,0,0,0,0,0,0,0,0,0,0,0,0,0,1,0
8744,0,0,0,Palestinian,0,11704,0,0,0,0,0,0,0,0,0,0,0,0,0,0,0,0,0,0,0,0,0,0,0,0,0,0,0,1,0
8745,0,0,0,Palestinian,0,7776,0,0,0,0,0,0,0,0,0,0,0,0,0,0,0,0,0,0,0,0,0,0,0,0,0,0,0,1,0
8810,1,0,0,Jewish,2769,11481,1655,1949,1754,1046,771,546,664,883,693,526,338,228,170,128,81,43,1095,0,199,199,99,598,0,3822,0,358,3744,1,0
8811,1,0,0,Jewish,0,0,0,0,0,0,0,0,0,0,0,0,0,0,0,0,0,0,11266,9013,0,2253,0,0,0,0,0,0,0,1,0
8812,1,0,0,Jewish,1672,6688,695,782,767,569,521,375,380,418,430,399,320,267,243,212,160,142,706,0,133,133,66,371,0,2601,0,0,2646,1,0
8813,1,0,0,Jewish,2052,10263,1852,1719,1378,650,802,763,733,680,448,304,224,211,227,136,78,49,804,0,164,164,82,394,0,2759,0,0,3338,1,0
8814,1,0,0,Jewish,4998,20803,2054,2480,2331,1828,1363,932,1145,1453,1554,1549,1203,801,611,556,430,503,1889,592,197,98,98,901,0,5744,0,1302,8559,1,0
8815,1,0,0,U_Orthodox,3755,26285,5203,5079,4599,2470,1570,1108,1231,1653,1524,801,353,204,132,113,104,134,2667,563,225,168,168,1540,0,10639,0,1798,5321,1,0
8821,1,0,0,Jewish,560,2352,232,281,264,202,152,105,129,164,176,175,136,90,69,63,48,57,193,0,61,33,16,81,0,572,0,0,970,1,0
8822,1,0,0,Jewish,3502,14645,1474,1273,1100,930,1024,1076,1001,931,778,744,691,693,717,695,600,910,1103,0,385,210,105,402,0,2820,0,0,6170,1,0
8823,1,0,0,Jewish,1080,4536,449,542,509,390,294,203,250,317,340,338,263,175,133,121,94,110,395,0,118,64,32,179,0,1256,0,0,1871,1,0
8824,1,0,0,Jewish,3307,11577,1165,1006,870,735,809,851,791,736,615,588,546,548,567,549,474,719,1002,0,363,198,99,340,0,2386,0,0,4878,1,0
8825,1,0,0,Jewish,4807,7204,0,0,0,10,4317,2876,0,0,0,0,0,0,0,0,0,0,5000,0,0,0,0,5000,0,0,27348,226,3131,1,0
8831,1,0,0,Jewish,4070,15261,788,929,1189,1330,1652,1190,694,577,699,950,1131,1150,1064,779,483,649,1780,0,318,318,159,984,0,3949,3029,0,7015,1,0
8832,1,0,0,Jewish,4057,17041,1687,2037,1915,1467,1105,766,941,1193,1277,1273,989,658,502,457,353,413,1488,0,405,324,81,676,0,4719,0,36,7031,1,0
8833,1,0,0,Jewish,1318,5272,548,616,605,448,411,295,300,330,339,315,252,210,192,167,126,112,546,0,105,105,52,282,0,1980,0,0,2085,1,0
8834,1,0,0,Jewish,3220,11272,979,859,858,944,1213,924,677,535,450,554,704,671,637,508,315,437,972,0,257,257,128,328,0,2301,0,0,4859,1,0
8841,1,0,0,Jewish,3128,15162,2715,2520,2020,1034,1215,1118,1074,997,657,446,329,309,333,200,115,73,1295,270,120,120,90,693,0,4800,0,150,4893,1,0
8842,1,0,0,Jewish,0,0,0,0,0,0,0,0,0,0,0,0,0,0,0,0,0,0,4388,2194,438,1316,438,0,0,0,0,0,0,1,0
8843,1,0,0,Jewish,2402,11938,2151,1997,1601,768,937,886,851,790,520,353,261,245,264,158,91,57,996,0,190,190,95,519,0,3493,0,241,3877,1,0
8851,1,0,0,Jewish,494,2472,446,414,332,156,193,183,176,163,108,73,54,50,54,32,18,12,200,0,39,39,19,101,0,711,0,0,804,1,0
8852,1,0,0,Jewish,1106,4424,460,517,507,376,345,248,251,277,284,264,211,176,161,140,106,94,446,132,44,22,22,224,0,1573,0,0,1750,1,0
8861,1,0,0,Jewish,1110,4664,461,557,524,401,302,209,257,326,349,348,270,180,137,125,96,113,446,0,33,22,22,224,144,1573,0,0,1924,1,0
8862,1,1,0,Jewish,822,3389,333,402,378,305,223,151,186,235,252,251,195,130,99,90,69,81,311,0,64,48,48,151,0,932,0,119,1389,1,0
8863,1,0,0,Jewish,588,2469,244,295,277,212,160,111,136,173,185,184,143,95,72,66,51,59,179,0,35,23,23,62,35,434,0,0,1019,1,0
8864,1,0,0,Jewish,1175,4451,231,273,349,396,462,334,204,169,205,279,332,338,312,228,142,190,368,0,35,35,23,134,140,852,0,150,2044,1,0
8871,1,0,0,Jewish,3354,15490,2738,2542,2037,1174,1290,1130,1083,1005,662,450,332,312,336,201,116,73,1350,121,242,121,121,743,0,4297,0,1700,4934,1,0
8881,1,1,0,Jewish,387,1935,349,324,259,122,151,143,138,128,84,57,42,39,42,25,14,9,165,0,30,23,23,87,0,613,0,0,629,1,0
8882,1,1,0,Jewish,7943,39614,7146,6634,5317,2527,3102,2944,2828,2623,1729,1175,867,815,878,526,303,192,3292,0,633,475,475,1708,0,11615,0,1960,12877,1,0
8911,0,0,0,Palestinian,0,4189,0,0,0,0,0,0,0,0,0,0,0,0,0,0,0,0,0,0,0,0,0,0,0,0,0,0,0,1,0
8912,0,0,0,Palestinian,0,64256,0,0,0,0,0,0,0,0,0,0,0,0,0,0,0,0,0,0,0,0,0,0,0,0,0,0,0,1,0
8913,0,0,0,Palestinian,0,12670,0,0,0,0,0,0,0,0,0,0,0,0,0,0,0,0,0,0,0,0,0,0,0,0,0,0,0,1,0
8914,0,0,0,Palestinian,0,4728,0,0,0,0,0,0,0,0,0,0,0,0,0,0,0,0,0,0,0,0,0,0,0,0,0,0,0,1,0
8921,0,1,0,Palestinian,0,5531,0,0,0,0,0,0,0,0,0,0,0,0,0,0,0,0,0,0,0,0,0,0,0,0,0,0,0,1,0
8922,0,0,0,Palestinian,0,31136,0,0,0,0,0,0,0,0,0,0,0,0,0,0,0,0,0,0,0,0,0,0,0,0,0,0,0,1,0
8923,0,0,0,Palestinian,0,12332,0,0,0,0,0,0,0,0,0,0,0,0,0,0,0,0,0,0,0,0,0,0,0,0,0,0,0,1,0
8924,0,0,0,Palestinian,0,14138,0,0,0,0,0,0,0,0,0,0,0,0,0,0,0,0,0,0,0,0,0,0,0,0,0,0,0,1,0
8931,0,0,0,Palestinian,0,21776,0,0,0,0,0,0,0,0,0,0,0,0,0,0,0,0,0,0,0,0,0,0,0,0,0,0,0,1,0
8932,0,0,0,Palestinian,0,44653,0,0,0,0,0,0,0,0,0,0,0,0,0,0,0,0,0,0,0,0,0,0,0,0,0,0,0,1,0
8941,0,0,0,Palestinian,0,20499,0,0,0,0,0,0,0,0,0,0,0,0,0,0,0,0,0,0,0,0,0,0,0,0,0,0,0,1,0
8942,0,0,0,Palestinian,0,32178,0,0,0,0,0,0,0,0,0,0,0,0,0,0,0,0,0,0,0,0,0,0,0,0,0,0,0,1,0
8943,0,0,0,Palestinian,0,34200,0,0,0,0,0,0,0,0,0,0,0,0,0,0,0,0,0,0,0,0,0,0,0,0,0,0,0,1,0
8944,0,0,0,Palestinian,0,79955,0,0,0,0,0,0,0,0,0,0,0,0,0,0,0,0,0,0,0,0,0,0,0,0,0,0,0,1,0
8951,0,1,0,Palestinian,0,11067,0,0,0,0,0,0,0,0,0,0,0,0,0,0,0,0,0,0,0,0,0,0,0,0,0,0,0,1,0
8952,0,0,0,Palestinian,0,100600,0,0,0,0,0,0,0,0,0,0,0,0,0,0,0,0,0,0,0,0,0,0,0,0,0,0,0,1,0
8953,0,0,0,Palestinian,0,80304,0,0,0,0,0,0,0,0,0,0,0,0,0,0,0,0,0,0,0,0,0,0,0,0,0,0,0,1,0
8954,0,0,0,Palestinian,0,301741,0,0,0,0,0,0,0,0,0,0,0,0,0,0,0,0,0,0,0,0,0,0,0,0,0,0,0,1,0
8955,0,0,0,Palestinian,0,19397,0,0,0,0,0,0,0,0,0,0,0,0,0,0,0,0,0,0,0,0,0,0,0,0,0,0,0,1,0
8956,0,0,0,Palestinian,0,19256,0,0,0,0,0,0,0,0,0,0,0,0,0,0,0,0,0,0,0,0,0,0,0,0,0,0,0,1,0
8957,0,0,0,Palestinian,0,29913,0,0,0,0,0,0,0,0,0,0,0,0,0,0,0,0,0,0,0,0,0,0,0,0,0,0,0,1,0
8961,0,0,0,Palestinian,0,14670,0,0,0,0,0,0,0,0,0,0,0,0,0,0,0,0,0,0,0,0,0,0,0,0,0,0,0,1,0
8962,0,0,0,Palestinian,0,14190,0,0,0,0,0,0,0,0,0,0,0,0,0,0,0,0,0,0,0,0,0,0,0,0,0,0,0,1,0
8963,0,0,0,Palestinian,0,123599,0,0,0,0,0,0,0,0,0,0,0,0,0,0,0,0,0,0,0,0,0,0,0,0,0,0,0,1,0
8964,0,0,0,Palestinian,0,39198,0,0,0,0,0,0,0,0,0,0,0,0,0,0,0,0,0,0,0,0,0,0,0,0,0,0,0,1,0
8965,0,0,0,Palestinian,0,80294,0,0,0,0,0,0,0,0,0,0,0,0,0,0,0,0,0,0,0,0,0,0,0,0,0,0,0,1,0
8966,0,0,0,Palestinian,0,8562,0,0,0,0,0,0,0,0,0,0,0,0,0,0,0,0,0,0,0,0,0,0,0,0,0,0,0,1,0
8970,0,0,0,Palestinian,0,51694,0,0,0,0,0,0,0,0,0,0,0,0,0,0,0,0,0,0,0,0,0,0,0,0,0,0,0,1,0
8971,0,0,0,Palestinian,0,53304,0,0,0,0,0,0,0,0,0,0,0,0,0,0,0,0,0,0,0,0,0,0,0,0,0,0,0,1,0
8972,0,0,0,Palestinian,0,36547,0,0,0,0,0,0,0,0,0,0,0,0,0,0,0,0,0,0,0,0,0,0,0,0,0,0,0,1,0
8973,0,0,0,Palestinian,0,107057,0,0,0,0,0,0,0,0,0,0,0,0,0,0,0,0,0,0,0,0,0,0,0,0,0,0,0,1,0
8974,0,0,0,Palestinian,0,50546,0,0,0,0,0,0,0,0,0,0,0,0,0,0,0,0,0,0,0,0,0,0,0,0,0,0,0,1,0
8975,0,0,0,Palestinian,0,12018,0,0,0,0,0,0,0,0,0,0,0,0,0,0,0,0,0,0,0,0,0,0,0,0,0,0,0,1,0
8976,0,0,0,Palestinian,0,35364,0,0,0,0,0,0,0,0,0,0,0,0,0,0,0,0,0,0,0,0,0,0,0,0,0,0,0,1,0
8977,0,0,0,Palestinian,0,99380,0,0,0,0,0,0,0,0,0,0,0,0,0,0,0,0,0,0,0,0,0,0,0,0,0,0,0,1,0
8978,0,0,0,Palestinian,0,94683,0,0,0,0,0,0,0,0,0,0,0,0,0,0,0,0,0,0,0,0,0,0,0,0,0,0,0,1,0
8979,0,0,0,Palestinian,0,37861,0,0,0,0,0,0,0,0,0,0,0,0,0,0,0,0,0,0,0,0,0,0,0,0,0,0,0,1,0
