TAZ,yosh,in_jerusalem_metropolin,jerusalem_city,sector,hh_total,pop,age0_4,age5_9,age10_14,age15_19,age20_24,age25_29,age30_34,age35_39,age40_44,age45_49,age50_54,age55_59,age60_64,age65_69,age70_74,age75up,emp_tot,indus,com_hotel,business,public,education,agri,student,univ,UO_Hi_Ed,pop_emp_employed,slope,urban
1,0,1,1,Jewish,1039,3950,397,343,296,251,276,290,270,251,210,200,186,187,193,187,161,245,3441,0,1327,1327,663,123,0,621,215,0,1660,1,2
2,0,1,1,Jewish,706,1830,79,93,119,336,251,124,70,58,70,95,114,115,107,78,48,65,1612,0,623,623,311,55,0,257,0,416,699,1,2
3,0,1,1,Jewish,499,1162,35,41,53,60,358,242,31,26,31,42,51,51,48,35,21,29,4416,0,1759,1319,1319,16,0,117,0,0,521,1,2
4,0,1,1,Jewish,459,1057,77,71,64,54,61,67,62,61,55,54,47,44,50,58,67,156,4791,0,2864,1432,477,18,0,126,0,0,418,1,2
5,0,1,1,Jewish,608,2556,253,305,287,220,165,114,141,179,191,191,148,98,75,68,53,62,3176,0,1229,1229,614,102,0,717,0,0,1052,1,2
6,0,1,1,Jewish,292,672,49,45,40,34,38,42,39,39,35,34,30,28,32,37,43,99,1335,0,529,529,264,12,0,84,0,0,266,1,2
7,0,1,1,Jewish,678,2849,282,340,320,245,184,128,157,199,213,212,165,110,84,76,59,69,2793,0,810,1350,540,93,0,652,0,0,1172,1,2
8,0,1,1,Jewish,345,1312,132,114,98,83,91,96,89,83,69,66,61,62,64,62,53,81,1766,0,521,869,347,28,0,186,0,45,551,1,2
9,0,1,1,Jewish,280,737,74,64,55,46,51,54,50,46,39,37,34,34,36,35,30,45,1791,0,532,887,354,16,0,116,0,0,310,1,2
10,0,1,1,Jewish,328,1378,136,164,154,118,89,61,76,96,103,102,79,53,40,37,28,33,1934,0,946,378,567,42,0,295,0,0,567,1,2
11,0,1,1,Jewish,345,908,91,78,68,57,63,66,62,57,48,46,42,43,44,43,37,56,3297,0,810,608,608,1271,0,128,7404,0,381,1,2
12,0,1,1,U_Orthodox,146,761,98,77,84,87,95,60,33,26,22,24,28,30,30,22,15,23,40,0,8,5,3,22,0,157,0,81,202,1,2
13,0,1,1,U_Orthodox,768,3219,528,432,386,338,285,221,172,151,116,95,86,82,77,68,61,112,309,0,0,0,0,309,0,633,407,277,778,1,2
14,0,1,1,Jewish,45,189,18,22,21,16,12,8,10,13,14,14,10,7,5,5,3,4,4708,0,940,940,2820,6,0,45,0,0,77,1,2
15,0,1,1,Jewish,461,1755,176,152,131,111,122,129,120,111,93,89,82,83,86,83,71,109,1997,0,586,391,978,40,0,285,0,0,737,1,2
101,0,1,1,U_Orthodox,1340,4167,610,499,446,694,466,268,199,174,134,109,100,94,89,79,70,129,550,0,141,56,84,267,0,1368,0,2784,971,1,2
102,0,1,1,U_Orthodox,7270,14893,1185,929,1011,4848,2892,924,400,319,269,296,347,362,362,272,191,278,1448,81,218,109,136,902,0,2401,0,19394,3388,1,2
103,0,1,1,U_Orthodox,1918,8711,1247,1102,1134,1421,1155,528,294,249,309,415,286,196,145,94,68,62,851,0,215,86,129,421,0,2616,0,1463,2013,1,2
104,0,1,1,U_Orthodox,414,1708,279,228,204,185,154,116,91,80,61,50,45,43,41,36,32,59,84,0,0,0,0,84,0,550,0,293,411,1,2
105,0,1,1,Jewish,407,1683,159,137,118,170,141,118,108,100,84,80,74,74,77,75,64,98,408,0,21,8,12,365,0,731,2069,518,664,1,2
106,0,1,1,U_Orthodox,663,2986,501,410,366,277,250,208,163,143,110,90,82,77,73,64,58,106,431,0,20,8,12,391,0,815,1588,654,727,1,2
107,0,1,1,U_Orthodox,802,1281,100,78,85,427,252,76,33,26,22,25,29,30,30,23,16,23,291,0,12,5,7,265,0,712,747,1550,288,1,2
108,0,1,1,U_Orthodox,513,2312,388,317,283,214,194,161,126,111,85,69,63,60,57,50,45,82,2985,0,1688,562,562,171,0,1126,0,559,563,1,2
109,0,1,1,U_Orthodox,1747,4705,481,376,410,1086,766,324,162,129,109,120,141,147,147,110,77,113,262,0,23,9,13,216,0,994,0,1822,1149,1,2
110,0,1,1,U_Orthodox,1170,3690,544,445,397,600,408,240,177,155,119,97,89,84,80,70,63,115,218,0,20,8,12,177,0,777,0,2493,863,1,2
111,0,1,1,U_Orthodox,1455,4714,598,528,544,1035,717,271,141,119,148,199,137,94,69,45,32,30,465,0,107,42,64,250,0,1250,0,2311,1055,1,2
112,0,1,1,U_Orthodox,2822,9051,1144,1010,1039,2014,1381,515,270,228,283,380,262,179,133,86,62,57,842,0,166,83,166,425,0,2168,0,3059,2020,1,2
113,0,1,1,U_Orthodox,1719,4930,529,415,451,1030,766,350,178,142,120,132,155,161,162,121,85,124,752,0,132,52,79,488,0,944,2008,2270,1225,1,2
201,0,1,1,Arab,0,0,0,0,0,0,0,0,0,0,0,0,0,0,0,0,0,0,938,0,187,563,187,0,0,0,0,0,0,1,2
202,0,1,1,Arab,182,852,76,68,68,68,59,51,51,59,51,51,51,34,34,34,25,68,1413,0,493,246,493,179,0,1255,0,0,217,1,2
203,0,1,1,Arab,434,2047,184,163,163,163,143,122,122,143,122,122,122,81,81,81,61,163,2660,389,1167,518,518,65,0,459,0,0,521,1,2
204,0,1,1,Arab,489,2309,207,184,184,184,161,138,138,161,138,138,138,92,92,92,69,184,2494,360,1082,481,481,89,0,623,0,0,588,1,2
205,0,1,1,Arab,378,1803,162,144,144,144,126,108,108,126,108,108,108,72,72,72,54,144,2797,0,1574,524,524,173,0,1213,0,0,459,1,2
206,0,1,1,Arab,176,840,75,67,67,67,58,50,50,58,50,50,50,33,33,33,25,67,2227,0,1279,426,426,96,0,674,0,0,214,1,2
207,0,1,1,Arab,176,825,74,66,66,66,57,49,49,57,49,49,49,33,33,33,24,66,13,0,0,0,0,13,0,94,0,0,210,1,2
208,0,1,1,Arab,112,530,47,42,42,42,37,31,31,37,31,31,31,21,21,21,15,42,41,0,0,0,0,41,0,287,0,0,135,1,2
209,0,1,1,Arab,165,770,69,61,61,61,53,46,46,53,46,46,46,30,30,30,23,61,1691,0,1008,168,504,11,0,83,0,0,196,1,2
301,0,1,1,Arab,5403,23837,2346,2112,2112,2202,1918,1646,1642,1642,1408,1408,1173,938,938,704,704,938,4029,0,2134,656,492,744,0,5110,0,516,6158,1,2
302,0,1,1,Jewish,1758,3713,254,306,288,984,515,150,141,179,192,191,148,99,75,68,53,62,890,0,360,110,83,335,0,1320,0,3539,1056,1,2
303,0,1,1,Arab,622,2648,232,206,206,237,192,154,154,154,180,128,154,128,128,103,103,180,508,0,294,90,67,56,0,364,0,759,670,1,2
304,0,1,1,Arab,1123,4831,433,385,385,386,349,291,288,288,288,288,240,240,240,240,144,337,1041,0,526,162,121,230,0,1515,0,627,1218,1,2
401,0,1,1,Jewish,251,251,0,0,0,167,76,8,0,0,0,0,0,0,0,0,0,0,14,0,0,0,0,14,0,0,0,381,0,1,2
402,0,1,1,Jewish,0,0,0,0,0,0,0,0,0,0,0,0,0,0,0,0,0,0,0,0,0,0,0,0,0,0,0,0,0,1,2
403,0,1,1,Jewish,0,0,0,0,0,0,0,0,0,0,0,0,0,0,0,0,0,0,0,0,0,0,0,0,0,0,0,0,0,1,2
404,0,1,1,Jewish,360,829,60,56,50,42,47,52,48,48,43,42,37,35,39,46,53,122,16,0,0,0,0,16,0,113,0,0,328,1,2
405,0,1,1,Jewish,233,537,39,36,32,27,31,34,31,31,28,27,24,22,25,29,34,79,1638,0,814,325,488,10,0,73,0,0,213,1,2
406,0,1,1,Jewish,368,847,62,57,51,43,49,53,49,49,44,43,38,35,40,47,54,125,96,0,55,11,7,22,0,114,0,175,335,1,2
407,0,1,1,Jewish,159,367,27,25,22,18,21,23,21,21,19,19,16,15,17,20,23,54,6,0,0,0,0,6,0,48,0,0,145,1,2
408,0,1,1,Jewish,257,591,43,40,35,30,34,37,34,34,30,30,26,25,28,32,38,87,725,0,436,100,134,53,0,80,63,0,234,1,2
409,0,1,1,U_Orthodox,266,1197,200,164,146,111,100,83,65,57,44,36,33,31,29,26,23,42,5657,0,4498,562,562,34,0,244,0,105,291,1,2
501,0,1,1,Jewish,806,1854,136,126,112,95,107,117,109,108,96,95,83,78,88,103,119,275,400,0,109,182,72,35,0,248,0,0,735,1,2
502,0,1,1,Jewish,541,1245,91,84,75,64,72,78,73,72,65,64,56,52,59,69,80,184,414,0,156,156,78,23,0,167,0,0,493,1,2
503,0,1,1,Jewish,879,2023,148,137,122,104,117,128,119,118,105,104,91,85,96,112,130,300,672,0,279,167,111,112,0,784,0,0,802,1,2
504,0,1,1,Jewish,234,538,39,36,32,27,31,34,31,31,28,27,24,22,25,29,34,79,205,0,19,78,97,10,0,73,0,0,213,1,2
505,0,1,1,Jewish,1093,2515,184,171,152,129,145,159,148,147,131,130,113,106,120,139,161,372,266,0,87,87,43,47,0,332,0,0,996,1,2
506,0,1,1,Jewish,558,1284,94,87,77,66,74,81,75,75,67,66,57,54,61,71,82,190,477,0,134,134,67,142,0,995,0,0,509,1,2
507,0,1,1,Jewish,577,1327,97,90,80,68,76,84,78,77,69,68,59,56,63,73,85,196,259,0,70,93,70,25,0,180,0,0,526,1,2
508,0,1,1,Jewish,864,4496,452,390,338,285,314,330,307,286,239,228,212,213,220,213,184,279,340,0,93,70,70,106,0,729,0,229,1889,1,2
509,0,1,1,Jewish,473,828,46,42,38,166,96,45,37,36,32,32,28,26,30,34,40,93,357,0,38,51,38,230,0,1495,0,497,248,1,2
510,0,1,1,Jewish,112,259,19,17,15,13,15,16,15,15,13,13,11,10,12,14,16,38,1896,0,815,652,163,265,0,34,1114,0,102,1,2
511,0,1,1,Jewish,1398,3217,236,218,194,165,186,203,189,188,168,166,145,136,153,178,206,477,669,0,243,243,121,61,0,430,0,0,1275,1,2
601,0,1,1,Jewish,0,0,0,0,0,0,0,0,0,0,0,0,0,0,0,0,0,0,0,0,0,0,0,0,0,0,0,0,0,1,2
602,0,1,1,Jewish,0,0,0,0,0,0,0,0,0,0,0,0,0,0,0,0,0,0,5630,0,0,3941,1689,0,0,0,0,0,0,1,2
603,0,1,1,Jewish,0,0,0,0,0,0,0,0,0,0,0,0,0,0,0,0,0,0,887,0,0,443,443,0,0,0,0,0,0,1,2
604,0,1,1,Jewish,0,0,0,0,0,0,0,0,0,0,0,0,0,0,0,0,0,0,455,0,45,68,341,0,0,0,0,0,0,1,2
605,0,1,1,Jewish,792,1823,133,123,110,94,105,115,107,106,95,94,82,77,87,101,117,270,1300,0,63,31,63,1141,0,247,636,0,722,1,2
606,0,1,1,Jewish,509,764,0,0,0,0,458,305,0,0,0,0,0,0,0,0,0,0,0,0,0,0,0,0,0,0,0,0,332,1,2
607,0,1,1,Jewish,0,0,0,0,0,0,0,0,0,0,0,0,0,0,0,0,0,0,3959,0,197,2771,989,0,0,0,0,0,0,1,2
608,0,1,1,Jewish,34,115,11,10,8,7,8,8,7,7,6,5,5,5,5,5,4,7,5259,0,122,1713,611,2812,0,2631,9198,0,48,1,2
609,0,1,1,Jewish,0,0,0,0,0,0,0,0,0,0,0,0,0,0,0,0,0,0,9194,0,459,6436,2298,0,0,0,0,0,0,1,2
610,0,1,1,Jewish,160,672,66,80,75,57,43,30,37,47,50,50,39,25,19,18,13,16,6471,0,645,4521,1291,11,0,82,0,0,276,1,2
611,0,1,1,Jewish,0,0,0,0,0,0,0,0,0,0,0,0,0,0,0,0,0,0,2666,0,799,1599,266,0,0,0,0,0,0,1,2
701,0,1,1,Jewish,1000,4200,415,502,472,361,272,188,232,294,314,313,243,162,123,112,87,101,5581,0,545,4367,545,122,0,856,0,0,1728,1,2
702,0,1,1,Jewish,1121,4260,429,370,320,270,297,313,291,271,226,216,201,201,208,202,174,264,18848,0,3750,9375,5625,97,0,681,0,0,1790,1,2
703,0,1,1,Jewish,200,840,83,100,94,72,54,37,46,58,62,62,48,32,24,22,17,20,9108,0,3634,4089,1363,22,0,155,0,0,345,1,2
704,0,1,1,Jewish,253,1065,105,127,119,91,69,47,58,74,79,79,61,41,31,28,22,25,4497,0,671,3135,671,18,0,130,0,0,438,1,2
705,0,1,1,Jewish,50,210,20,25,23,18,13,9,11,14,15,15,12,8,6,5,4,5,1095,0,872,218,0,5,0,38,0,0,86,1,2
706,0,1,1,Jewish,129,543,53,65,61,46,35,24,30,38,40,40,31,21,16,14,11,13,5748,0,4017,1721,0,9,0,66,0,0,223,1,2
707,0,1,1,U_Orthodox,67,371,48,37,41,42,46,29,16,12,10,12,14,14,14,11,7,11,2530,0,1002,1002,501,25,0,175,0,39,98,1,2
708,0,1,1,Jewish,370,1554,153,185,174,133,100,69,85,108,116,116,90,60,45,41,32,37,3890,0,1931,1931,0,27,0,190,0,0,639,1,2
801,0,1,1,Jewish,1097,4131,414,357,309,271,292,302,281,261,218,209,194,195,201,195,168,255,115,0,0,0,0,115,0,667,0,1147,1730,1,2
802,0,1,1,Jewish,762,2394,223,192,166,260,208,169,151,140,117,112,104,104,108,105,90,137,72,0,0,0,0,72,0,360,0,670,931,1,2
803,0,1,1,U_Orthodox,307,1385,232,190,170,128,116,96,76,66,51,41,38,36,34,30,27,49,39,0,0,0,0,39,0,277,0,122,337,1,2
804,0,1,1,Jewish,198,456,33,31,27,23,26,28,26,26,23,23,20,19,21,25,29,67,210,0,0,0,0,210,0,60,1024,0,181,1,2
805,0,1,1,U_Orthodox,376,1955,253,198,215,224,245,155,85,68,57,63,74,77,77,58,40,59,327,0,104,104,52,65,0,387,0,220,519,1,2
806,0,1,1,Jewish,820,2107,212,183,158,133,147,154,144,134,112,107,99,99,103,100,86,130,419,0,0,0,0,419,0,491,334,0,885,1,2
807,0,1,1,Jewish,624,1644,165,142,123,104,115,120,112,104,87,83,77,77,80,78,67,102,37,0,0,0,0,37,0,260,0,0,691,1,2
808,0,1,1,Jewish,1022,2536,255,220,190,161,177,186,173,161,134,128,119,120,124,120,103,157,59,0,0,0,0,59,0,414,0,0,1066,1,2
809,0,1,1,Jewish,756,2875,289,249,216,182,201,211,196,182,152,146,135,136,140,136,117,178,1874,0,906,543,362,62,0,424,0,45,1208,1,2
810,0,1,1,Jewish,1213,4610,464,400,346,293,322,339,315,293,245,234,217,218,225,218,188,286,2666,0,2050,256,256,103,0,726,0,0,1937,1,2
901,0,1,1,U_Orthodox,1296,5834,979,801,716,542,489,406,320,280,215,176,160,152,144,126,113,208,721,0,32,19,12,656,0,2540,1728,513,1420,1,2
902,0,1,1,U_Orthodox,445,2006,336,275,246,186,168,139,110,96,74,60,55,52,49,43,39,71,3191,0,1872,624,624,71,0,415,0,288,488,1,2
903,0,1,1,U_Orthodox,1918,5989,878,718,642,987,668,389,287,251,193,158,144,136,129,113,102,186,6467,0,4005,1232,924,305,0,1775,0,1327,1399,1,2
904,0,1,1,U_Orthodox,514,3346,520,459,472,403,395,210,122,103,128,173,119,81,60,39,28,26,2709,0,783,1437,391,96,0,663,0,323,792,1,2
905,0,1,1,U_Orthodox,676,2123,235,184,200,410,321,154,79,63,53,58,69,71,71,54,38,55,455,0,22,29,22,381,0,2339,172,365,533,1,2
906,0,1,1,U_Orthodox,814,3616,604,494,442,345,306,251,197,173,132,108,99,94,88,78,70,128,415,0,136,54,82,141,0,891,0,1188,879,1,2
907,0,1,1,U_Orthodox,1049,4470,738,604,539,458,391,306,241,211,162,132,121,114,108,95,85,157,629,0,213,71,71,274,0,1617,0,1868,1081,1,2
908,0,1,1,U_Orthodox,938,4223,708,579,518,392,354,294,231,203,155,127,116,110,104,91,82,150,478,0,198,66,66,148,0,1007,0,372,1028,1,2
1001,0,1,1,Jewish,346,1212,122,105,91,77,84,89,82,77,64,61,57,57,59,57,49,75,4284,0,213,640,3415,14,0,104,0,0,509,1,2
1002,0,1,1,Jewish,0,0,0,0,0,0,0,0,0,0,0,0,0,0,0,0,0,0,4148,0,0,0,0,4148,0,0,21009,0,0,1,2
1003,0,1,1,Jewish,207,727,73,63,54,46,50,53,49,46,38,36,34,34,35,34,29,45,50,0,20,10,10,8,0,62,0,0,305,1,2
1004,0,1,1,Jewish,3563,6009,117,101,87,73,2989,2024,79,74,61,59,54,55,57,55,47,72,89,0,6,46,13,23,0,161,0,0,2594,1,2
1101,0,1,1,Arab,2293,9471,1031,1031,1031,937,750,656,656,656,562,468,375,281,281,281,187,281,1097,137,275,137,137,409,0,2865,0,0,2283,1,2
1102,0,1,1,Arab,1071,4492,489,489,489,444,355,311,311,311,266,222,177,133,133,133,88,133,1974,364,546,728,182,152,0,1068,0,0,1082,1,2
1103,0,1,1,Arab,1278,5303,577,577,577,525,420,367,367,367,315,262,210,157,157,157,105,157,585,76,153,76,76,201,0,1411,0,0,1278,1,2
1104,0,1,1,Arab,1518,6221,677,677,677,615,492,431,431,431,369,307,246,184,184,184,123,184,685,91,182,91,91,230,0,1611,0,0,1499,1,2
1201,0,1,1,Arab,3879,16066,1622,1622,1622,1460,1298,1135,1135,1135,973,811,649,486,649,486,324,649,1898,116,581,232,232,734,0,5142,0,0,4009,1,2
1202,0,1,1,Arab,1034,4351,439,439,439,395,351,307,307,307,263,219,175,131,175,131,87,175,412,31,186,46,46,102,0,715,0,0,1085,1,2
1203,0,1,1,Arab,792,3334,336,336,336,303,269,235,235,235,202,168,134,101,134,101,67,134,358,23,142,35,35,120,0,841,0,0,832,1,2
1204,0,1,1,Arab,1830,7684,776,776,776,698,620,543,543,543,465,388,310,232,310,232,155,310,863,54,329,82,82,313,0,2197,0,0,1917,1,2
1205,0,1,1,Arab,0,0,0,0,0,0,0,0,0,0,0,0,0,0,0,0,0,0,0,0,0,0,0,0,0,0,0,0,0,1,2
1206,0,1,1,Arab,1902,7928,800,800,800,720,640,560,560,560,480,400,320,240,320,240,160,320,2246,197,788,394,591,275,0,1926,0,0,1978,1,2
1207,0,1,1,Arab,0,0,0,0,0,0,0,0,0,0,0,0,0,0,0,0,0,0,0,0,0,0,0,0,0,0,0,0,0,1,2
1301,0,1,1,Arab,1043,4695,460,414,414,414,368,322,322,322,276,276,230,184,184,138,138,230,119,0,0,0,0,119,0,836,0,0,1208,1,2
1302,0,1,1,Arab,874,3935,385,347,347,347,308,270,270,270,231,231,192,154,154,115,115,192,165,0,0,0,0,165,0,1145,0,35,1013,1,2
1303,0,1,1,Arab,749,3371,330,297,297,297,264,231,231,231,198,198,165,132,132,99,99,165,1710,242,484,322,564,97,0,679,0,0,867,1,2
1304,0,1,1,Arab,859,3869,379,341,341,341,303,265,265,265,227,227,189,151,151,113,113,189,637,0,264,88,88,197,0,1365,0,117,996,1,2
1305,0,1,1,Arab,0,0,0,0,0,0,0,0,0,0,0,0,0,0,0,0,0,0,700,0,70,140,489,0,0,0,0,0,0,1,2
1306,0,1,1,Arab,783,3525,345,311,311,311,276,241,241,241,207,207,172,138,138,103,103,172,712,63,381,127,63,76,0,532,0,0,907,1,2
1401,0,1,1,Jewish,1316,3026,222,205,183,156,175,191,178,177,158,156,136,128,144,168,194,448,341,0,184,52,26,78,0,546,0,0,1199,1,2
1402,0,1,1,Jewish,1416,4959,499,431,372,315,346,364,339,315,263,252,233,234,242,235,203,308,385,0,170,56,56,102,0,718,0,0,2084,1,2
1403,0,1,1,Jewish,539,1889,190,164,142,120,132,138,129,120,100,96,89,89,92,89,77,117,168,0,64,21,21,60,0,422,0,0,794,1,2
1404,0,1,1,Jewish,268,1020,53,62,80,89,106,76,46,38,47,64,76,77,71,52,32,43,248,0,178,22,22,24,0,172,0,0,468,1,2
1405,0,1,1,Jewish,0,0,0,0,0,0,0,0,0,0,0,0,0,0,0,0,0,0,10712,0,0,8570,2142,0,0,0,0,0,0,1,2
2001,0,1,1,Jewish,235,825,83,71,62,52,57,60,56,52,43,41,38,39,40,39,33,51,65,0,23,23,0,18,0,127,0,0,346,1,2
2101,0,1,1,Arab,2201,10866,1183,1183,1183,1075,968,860,753,753,645,537,430,322,322,215,215,215,1058,0,363,165,132,398,0,2789,0,0,2688,1,2
2102,0,1,1,Arab,2029,9133,931,931,931,838,745,652,652,652,559,465,372,372,279,279,186,279,998,0,334,152,121,389,0,2724,0,0,2301,1,2
2103,0,1,1,Arab,1629,7282,743,743,743,668,594,520,520,520,445,371,297,297,222,222,148,222,669,0,268,122,97,180,0,1265,0,0,1835,1,2
2201,0,1,1,Arab,1857,7546,770,770,770,693,616,539,539,539,462,385,308,308,231,231,154,231,966,0,306,139,111,409,0,2868,0,0,1901,1,2
2202,0,1,1,Arab,2201,9157,934,934,934,841,747,654,654,654,560,467,373,373,280,280,186,280,940,0,363,165,132,280,0,1961,0,0,2307,1,2
2203,0,1,1,Arab,1740,7190,733,733,733,660,586,513,513,513,440,366,293,293,220,220,146,220,709,0,287,130,104,187,0,1312,0,0,1811,1,2
2301,0,1,1,Arab,1893,7945,819,819,819,737,655,573,573,573,491,409,327,245,245,245,163,245,819,0,312,142,113,251,0,1759,0,0,1981,1,2
2302,0,1,1,Arab,1763,7622,785,785,785,707,628,550,550,550,471,392,314,235,235,235,157,235,689,26,291,105,105,160,0,1124,0,0,1900,1,2
2303,0,1,1,Arab,3619,15333,1580,1580,1580,1422,1264,1106,1106,1106,948,790,632,474,474,474,316,474,1470,54,597,217,217,384,0,2690,0,0,3823,1,2
2401,0,1,1,Arab,2237,11249,1225,1225,1225,1113,1002,891,779,779,668,556,445,334,334,222,222,222,989,33,369,134,134,318,0,2228,0,0,2783,1,2
2402,0,1,1,Arab,3812,18045,1965,1965,1965,1786,1608,1429,1250,1250,1072,893,714,536,536,357,357,357,1485,57,629,228,228,341,0,2393,0,0,4465,1,2
2403,0,1,1,Arab,2043,10411,1133,1133,1133,1030,927,824,721,721,618,515,412,309,309,206,206,206,947,30,337,122,122,334,0,2344,0,0,2576,1,2
2404,0,1,1,Arab,1906,8506,926,926,842,842,758,673,589,589,505,421,336,252,252,252,168,168,899,28,314,114,114,327,0,2293,0,0,2105,1,2
2501,0,1,1,Arab,3625,16135,1757,1757,1597,1597,1437,1278,1118,1118,958,798,639,479,479,479,319,319,1628,61,676,246,246,397,0,2785,0,0,3994,1,2
2502,0,1,1,Arab,0,0,0,0,0,0,0,0,0,0,0,0,0,0,0,0,0,0,0,0,0,0,0,0,0,0,0,0,0,1,2
2504,0,1,1,Arab,1908,8038,811,811,811,730,649,568,568,568,568,405,324,243,324,243,162,243,2693,112,1241,451,451,435,0,3050,0,0,2046,1,2
2505,0,1,1,Arab,1470,6514,709,709,644,644,580,515,451,451,386,322,257,193,193,193,128,128,1099,22,242,88,88,658,0,4611,0,0,1612,1,2
3001,0,1,1,Jewish,602,2109,212,183,158,134,147,155,144,134,112,107,99,99,103,100,86,131,3736,184,1109,2034,369,38,0,267,0,0,886,1,2
3002,0,1,1,Jewish,587,2054,206,178,154,130,143,151,140,130,109,104,96,97,100,97,84,127,3330,328,985,1642,328,45,0,315,0,0,863,1,2
3003,0,1,1,Jewish,1738,7043,689,832,782,653,478,313,384,487,521,520,404,269,205,186,144,169,6154,595,2383,2383,595,195,0,1312,0,274,2865,1,2
3004,0,1,1,Jewish,891,2047,162,140,121,387,243,133,110,102,86,82,76,76,79,76,66,100,6482,1607,1607,2572,643,51,0,198,0,532,680,1,2
3005,0,1,1,Jewish,185,649,65,56,48,41,45,47,44,41,34,33,30,30,31,30,26,40,3400,138,828,1657,138,638,0,67,6791,0,272,1,2
3006,0,1,1,Jewish,445,1559,156,135,117,99,109,114,106,99,82,79,73,73,76,74,63,96,3614,0,1071,2142,357,42,0,172,112,0,655,1,2
3101,0,1,1,Jewish,2742,5902,410,380,338,494,418,364,329,327,292,288,252,236,267,310,359,828,122,0,0,0,0,122,0,742,0,317,2215,1,2
3102,0,1,1,Jewish,1830,7686,761,918,863,661,498,345,424,538,576,574,446,297,226,206,159,186,582,0,183,91,91,216,0,1517,0,0,3163,1,2
3103,0,1,1,Jewish,699,2937,290,351,330,253,190,132,162,205,220,219,170,113,86,78,61,71,509,0,204,143,61,99,0,699,0,0,1209,1,2
3104,0,1,1,Jewish,1300,4113,414,357,309,261,287,302,281,261,218,209,194,194,201,195,168,255,354,0,130,91,39,93,0,657,0,738,1728,1,2
3105,0,1,1,Jewish,393,1244,125,108,93,79,87,91,85,79,66,63,58,58,60,59,50,77,35,0,0,0,0,35,0,249,0,0,522,1,2
3106,0,1,1,Jewish,666,2035,205,176,153,129,142,149,139,129,108,103,96,96,99,96,83,126,1355,0,657,460,197,40,0,280,0,0,855,1,2
3107,0,1,1,Jewish,631,1927,194,167,144,122,134,141,131,122,102,97,90,91,94,91,78,119,41,0,0,0,0,41,0,287,0,0,810,1,2
3108,0,1,1,Jewish,853,2605,262,226,195,165,182,191,178,165,138,132,122,123,127,123,106,161,2022,0,953,667,286,114,0,804,0,0,1095,1,2
3109,0,1,1,Jewish,568,1307,96,88,79,67,75,82,77,76,68,67,59,55,62,72,84,193,77,0,0,0,0,77,0,540,0,0,518,1,2
3110,0,1,1,Jewish,308,708,52,48,42,36,41,44,41,41,37,36,32,29,33,39,45,105,75,0,12,24,24,13,0,94,0,0,280,1,2
3111,0,1,1,Jewish,494,1137,83,77,68,58,65,72,67,66,59,58,51,48,54,63,73,168,121,0,69,9,19,22,0,155,0,0,451,1,2
3112,0,1,1,Jewish,1724,3966,291,269,240,204,229,251,233,232,207,205,179,167,189,220,255,588,611,0,133,133,267,76,0,536,0,0,1572,1,2
3113,0,1,1,Jewish,492,2066,204,247,232,177,134,92,114,144,154,154,119,79,60,55,42,50,306,0,135,67,67,36,0,253,0,0,850,1,2
3201,0,1,1,Jewish,1278,5345,538,464,401,339,373,393,365,340,284,271,252,253,261,253,219,332,376,0,127,76,51,121,0,848,0,0,2246,1,2
3202,0,1,1,Jewish,1943,4470,328,303,270,230,258,283,263,261,233,231,201,189,213,248,287,662,467,0,194,97,97,78,0,550,0,0,1771,1,2
3203,0,1,1,Jewish,1266,4734,476,411,355,300,331,348,323,301,251,240,223,224,231,224,193,294,349,0,126,63,63,96,0,674,0,0,1989,1,2
3204,0,1,1,Jewish,1115,4339,436,377,326,275,303,319,296,275,230,220,204,205,212,206,177,269,362,0,111,55,55,139,0,975,0,0,1823,1,2
3205,0,1,1,Jewish,562,2330,234,202,175,148,162,171,159,148,123,118,109,110,114,110,95,144,177,0,73,22,16,64,0,452,0,0,979,1,2
3206,0,1,1,Jewish,353,812,59,55,49,41,47,51,47,47,42,42,36,34,38,45,52,120,128,0,49,7,14,57,0,102,270,0,322,1,2
3207,0,1,1,Jewish,647,2682,270,233,201,170,187,197,183,170,142,136,126,127,131,127,109,166,195,0,64,25,38,65,0,444,0,103,1127,1,2
3301,0,1,1,Jewish,2014,5819,494,597,561,970,596,236,275,349,374,373,289,193,147,134,103,121,478,0,118,59,59,240,0,1279,0,1593,2055,1,2
3302,0,1,1,Jewish,1346,5654,559,676,635,486,366,254,312,396,423,422,328,218,166,151,117,137,479,0,134,67,67,210,0,1474,0,0,2327,1,2
3303,0,1,1,Jewish,1466,6159,609,736,692,530,399,276,340,431,461,460,357,238,181,165,127,149,511,0,146,73,73,218,0,1529,0,0,2534,1,2
3304,0,1,1,Jewish,1410,5922,586,708,665,509,384,266,327,414,443,442,343,228,174,159,122,143,547,0,141,56,84,265,0,1841,0,47,2437,1,2
3305,0,1,1,Jewish,1110,4665,462,557,524,401,302,209,257,326,349,348,270,180,137,125,96,113,358,0,155,22,44,136,0,956,0,0,1920,1,2
3306,0,1,1,Jewish,0,0,0,0,0,0,0,0,0,0,0,0,0,0,0,0,0,0,0,0,0,0,0,0,0,0,0,0,0,1,2
3307,0,1,1,Arab,0,0,0,0,0,0,0,0,0,0,0,0,0,0,0,0,0,0,0,0,0,0,0,0,0,0,0,0,0,1,2
3308,0,1,1,Jewish,1897,7967,789,952,895,686,516,358,440,558,597,595,462,308,234,213,165,193,581,0,265,37,75,202,0,1414,0,0,3279,1,2
3309,0,1,1,Jewish,623,2619,259,313,294,225,169,117,144,183,196,195,152,101,77,70,54,63,184,0,62,31,31,59,0,416,0,0,1078,1,2
3310,0,1,1,Jewish,146,614,60,73,69,52,39,27,33,43,46,45,35,23,18,16,12,14,40,0,14,7,7,10,0,75,0,0,253,1,2
3401,0,1,1,Jewish,1836,6756,680,587,507,429,472,496,462,429,359,343,318,320,331,320,276,419,522,0,183,110,73,155,0,1072,0,154,2839,1,2
3402,0,1,1,Jewish,1030,4107,413,357,308,261,287,302,280,261,218,208,193,194,201,195,168,255,838,0,223,373,149,91,0,643,0,0,1726,1,2
3403,0,1,1,Jewish,1284,5118,515,444,384,325,357,376,350,325,272,260,241,242,250,243,209,318,372,0,128,64,64,115,0,806,0,117,2151,1,2
3404,0,1,1,Jewish,258,1152,116,100,86,73,80,84,78,73,61,58,54,54,56,54,47,71,78,0,25,10,15,26,0,184,0,0,484,1,2
3405,0,1,1,Jewish,2025,9018,908,784,677,573,630,663,616,573,479,458,425,427,441,428,369,560,608,0,202,81,121,203,0,1424,0,0,3790,1,2
3501,0,1,1,Jewish,878,3634,365,315,273,231,254,267,248,231,193,184,171,172,178,172,148,225,261,0,96,43,35,86,0,604,0,0,1527,1,2
3502,0,1,1,Jewish,951,3389,341,294,254,215,237,249,231,215,180,172,159,160,166,160,138,210,267,0,104,28,57,77,0,540,0,0,1424,1,2
3503,0,1,1,Jewish,803,2863,288,248,215,181,200,210,195,182,152,145,135,135,140,135,117,177,220,0,88,40,32,59,0,389,0,82,1203,1,2
3504,0,1,1,Jewish,455,1911,189,228,214,164,123,85,105,133,143,142,110,73,56,51,39,46,128,0,45,22,22,37,0,264,0,0,786,1,2
3505,0,1,1,Jewish,569,1913,192,166,143,121,133,140,130,121,101,97,90,90,93,90,78,118,158,0,79,11,22,44,0,312,0,0,803,1,2
3506,0,1,1,Jewish,1384,4831,486,419,363,307,337,355,330,307,256,245,227,228,236,229,197,300,394,0,110,110,55,117,0,821,0,0,2030,1,2
3507,0,1,1,Jewish,705,2621,263,227,197,166,183,192,179,166,139,133,123,124,128,124,107,162,199,0,56,56,28,58,0,411,0,0,1101,1,2
3508,0,1,1,Jewish,996,3546,351,303,262,260,260,258,238,221,185,177,164,165,170,165,142,216,287,0,103,46,37,99,0,640,0,251,1465,1,2
3509,0,1,1,Jewish,800,3361,332,401,377,289,218,151,185,235,252,251,195,129,99,90,69,81,276,0,112,16,32,116,0,813,0,0,1383,1,2
3601,0,1,1,Arab,204,813,80,80,72,72,64,56,56,56,56,40,32,24,32,32,24,32,18,0,0,0,0,18,0,127,0,0,203,1,2
3602,0,1,1,Arab,1234,4966,491,491,442,442,393,344,344,344,344,245,196,147,196,196,147,196,247,0,0,0,0,247,0,1732,0,0,1240,1,2
3603,0,1,1,Arab,844,3492,345,345,311,311,276,242,242,242,242,172,138,103,138,138,103,138,416,0,151,50,50,162,0,1140,0,0,872,1,2
3604,0,1,1,Arab,1059,4330,428,428,385,385,343,300,300,300,300,214,171,128,171,171,128,171,404,31,190,31,63,86,0,606,0,0,1082,1,2
3605,0,1,1,Arab,595,2402,237,237,214,214,190,166,166,166,166,118,95,71,95,95,71,95,246,0,116,26,35,67,0,475,0,0,600,1,2
3606,0,1,1,Arab,1015,4156,411,411,370,370,329,288,288,288,288,205,164,123,164,164,123,164,422,0,182,60,60,117,0,825,0,0,1038,1,2
3607,0,1,1,Arab,0,0,0,0,0,0,0,0,0,0,0,0,0,0,0,0,0,0,0,0,0,0,0,0,0,0,0,0,0,1,2
3608,0,1,0,Palestinian,0,1371,0,0,0,0,0,0,0,0,0,0,0,0,0,0,0,0,0,0,0,0,0,0,0,0,0,0,0,1,0
3609,0,1,1,Arab,544,2262,224,224,201,201,179,156,156,156,156,112,89,67,89,89,67,89,204,8,97,16,40,41,0,290,0,0,565,1,2
3610,0,1,1,Arab,863,3568,353,353,318,318,282,247,247,247,247,176,141,106,141,141,106,141,326,25,155,25,51,67,0,473,0,0,891,1,2
3701,0,1,1,Jewish,2095,6468,617,532,460,616,531,460,419,389,325,311,289,290,300,291,251,380,523,0,193,87,70,172,0,973,0,877,2575,1,2
3702,0,1,1,Jewish,978,3954,398,343,297,251,276,290,270,251,210,200,186,187,193,187,162,245,298,0,97,39,58,102,0,717,0,0,1661,1,2
3703,0,1,1,Jewish,1234,4990,502,433,375,317,348,366,341,317,265,253,235,236,244,236,204,310,102,0,0,0,0,102,0,716,0,0,2097,1,2
3704,0,1,1,Jewish,769,2381,239,207,179,151,166,175,162,151,126,121,112,112,116,113,97,147,280,0,0,0,0,280,0,1962,0,0,1000,1,2
3705,0,1,1,Jewish,960,4138,416,359,311,263,289,304,283,263,220,210,195,196,202,196,169,257,315,0,124,38,28,123,0,866,0,208,1739,1,2
3706,0,1,1,Jewish,1097,3396,342,295,255,215,237,249,232,216,180,172,160,160,166,161,139,211,291,0,142,43,32,72,0,504,0,0,1427,1,2
3707,0,1,1,Jewish,879,2829,283,244,211,189,200,206,192,179,149,143,132,133,137,133,115,174,236,0,103,25,43,63,0,431,0,113,1182,1,2
3708,0,1,1,Jewish,764,2489,250,216,187,158,174,183,170,158,132,126,117,117,121,118,101,154,267,0,84,38,30,114,0,799,0,0,1046,1,2
3709,0,1,1,Jewish,643,2601,261,226,195,165,181,191,177,165,138,132,122,123,127,123,106,161,43,0,0,0,0,43,0,307,0,0,1093,1,2
3801,0,1,1,Jewish,920,2118,155,144,128,109,122,134,124,124,110,109,95,89,101,117,136,314,224,0,119,27,36,40,0,284,0,0,839,1,2
3802,0,1,1,Jewish,1141,2624,192,178,159,135,151,166,154,153,137,135,118,111,125,145,168,389,309,0,91,68,68,81,0,569,0,0,1040,1,2
3803,0,1,1,Jewish,551,1269,93,86,76,65,73,80,74,74,66,65,57,53,60,70,81,188,216,0,33,33,44,106,0,745,0,0,503,1,2
3804,0,1,1,Jewish,1403,3228,237,219,195,166,186,204,190,189,168,166,145,136,154,179,207,478,363,0,154,70,56,83,0,581,0,0,1279,1,2
3805,0,1,1,Jewish,884,2033,149,138,123,104,117,128,119,119,106,105,91,86,97,113,130,301,246,0,53,53,70,70,0,490,0,0,805,1,2
3806,0,1,1,Jewish,476,1551,156,134,116,98,108,114,106,98,82,78,73,73,76,73,63,96,129,0,52,23,19,34,0,239,0,0,652,1,2
3807,0,1,1,Jewish,1047,2408,176,163,145,124,139,152,142,141,125,124,108,101,115,133,154,357,312,0,94,41,73,103,0,725,0,0,954,1,2
3808,0,1,1,Jewish,916,2107,154,143,127,108,122,133,124,123,110,108,95,89,100,117,135,312,220,0,91,36,54,37,0,262,0,0,835,1,2
3809,0,1,1,Jewish,957,2201,161,149,133,113,127,139,129,128,115,113,99,93,105,122,141,326,233,0,105,47,38,41,0,293,0,0,872,1,2
3901,0,1,1,Jewish,415,954,70,64,57,49,55,60,56,55,49,49,43,40,45,53,61,141,2322,0,1612,460,230,18,0,127,0,0,378,1,2
3902,0,1,1,Jewish,58,243,24,29,27,20,15,10,13,17,18,18,14,9,7,6,5,5,2007,0,1000,800,200,7,0,51,0,0,100,1,2
3903,0,1,1,Jewish,736,2298,231,199,172,146,160,169,157,146,122,116,108,108,112,109,94,142,52,0,0,0,0,52,0,368,0,0,965,1,2
3904,0,1,1,Jewish,453,1902,188,227,213,163,123,85,105,133,142,142,110,73,56,51,39,46,51,0,0,0,0,51,0,360,0,0,783,1,2
3905,0,1,1,Jewish,619,1423,104,96,86,73,82,90,83,83,74,73,64,60,68,79,91,211,149,0,74,24,24,25,0,180,0,218,564,1,2
3906,0,1,1,Jewish,1043,2740,259,224,193,163,277,254,176,163,137,131,121,122,126,122,105,160,280,0,0,0,0,280,0,497,1300,0,1153,1,2
3907,0,1,1,Jewish,755,2080,209,180,156,132,145,153,142,132,110,105,98,98,101,98,85,129,151,0,0,0,0,151,0,1057,0,0,874,1,2
3908,0,1,1,Jewish,1140,3780,380,328,284,240,264,278,258,240,201,192,178,179,185,179,154,234,4726,0,2541,1155,924,105,0,740,0,0,1588,1,2
3909,0,1,1,Jewish,884,2033,149,138,123,104,117,128,119,119,106,105,91,86,97,113,130,301,215,0,106,35,35,38,0,271,0,0,805,1,2
3910,0,1,1,Jewish,1388,3193,234,217,193,164,184,202,188,187,166,165,144,135,152,177,205,473,336,0,138,55,83,58,0,408,0,0,1265,1,2
3911,0,1,1,Jewish,1309,2823,196,182,162,235,198,173,158,156,140,138,121,113,128,149,172,397,290,0,0,0,0,290,0,369,1592,679,1062,1,2
3912,0,1,1,Jewish,561,1292,94,87,78,66,74,81,76,75,67,66,58,54,61,71,83,191,2481,0,1382,460,460,177,0,1245,0,0,512,1,2
3913,0,1,1,Jewish,568,1306,95,88,79,67,75,82,77,76,68,67,59,55,62,72,84,193,113,0,0,0,0,113,0,792,0,0,517,1,2
4001,0,1,1,U_Orthodox,949,4270,716,586,524,396,358,297,234,205,157,128,117,111,105,92,83,152,429,0,185,56,42,144,0,940,0,507,1039,1,2
4002,0,1,1,U_Orthodox,2117,6212,676,530,577,1255,956,446,228,182,153,169,198,206,206,155,109,159,567,0,220,67,50,228,0,1109,0,2278,1551,1,2
4003,0,1,1,U_Orthodox,492,2123,274,215,234,243,267,168,92,74,62,68,80,84,84,63,44,64,209,0,66,36,44,61,0,417,0,227,564,1,2
4004,0,1,1,U_Orthodox,0,0,0,0,0,0,0,0,0,0,0,0,0,0,0,0,0,0,72,0,0,0,0,72,0,504,0,794,0,1,2
4005,0,1,1,U_Orthodox,1671,3174,236,185,201,1105,638,186,79,63,53,59,69,72,72,54,38,55,337,0,24,58,14,239,0,1127,0,1777,707,1,2
4006,0,1,1,Jewish,286,1201,118,143,135,103,77,54,66,84,90,89,69,46,35,32,24,29,484,0,5,28,22,427,0,2994,0,0,494,1,2
4007,0,1,1,U_Orthodox,335,1509,253,207,185,140,126,105,82,72,55,45,41,39,37,32,29,53,153,0,50,25,25,52,0,341,0,262,367,1,2
4008,0,1,1,Jewish,0,0,0,0,0,0,0,0,0,0,0,0,0,0,0,0,0,0,0,0,0,0,0,0,0,0,0,0,0,1,2
4009,0,1,1,Jewish,0,0,0,0,0,0,0,0,0,0,0,0,0,0,0,0,0,0,0,0,0,0,0,0,0,0,0,0,0,1,2
4010,0,1,1,U_Orthodox,1027,4621,775,634,567,429,387,322,253,222,170,139,127,120,114,100,90,164,448,0,184,61,61,140,0,984,0,407,1125,1,2
4011,0,1,1,U_Orthodox,2072,3914,311,244,266,1277,759,239,105,84,70,77,91,95,95,71,50,73,539,0,110,34,25,369,0,1790,0,3372,888,1,2
4101,0,1,1,Jewish,4738,11405,866,1046,983,2512,1372,484,483,613,655,653,507,338,257,234,181,212,894,0,208,83,125,477,0,2387,0,2737,3601,1,2
4102,0,1,1,Jewish,0,0,0,0,0,0,0,0,0,0,0,0,0,0,0,0,0,0,0,0,0,0,0,0,0,0,0,0,0,1,2
4103,0,1,1,Jewish,1027,1406,0,0,0,179,764,462,0,0,0,0,0,0,0,0,0,0,3124,0,284,663,947,1228,0,893,8443,1308,493,1,2
4104,0,1,1,U_Orthodox,657,3039,393,308,335,348,382,241,132,106,89,98,115,120,120,90,63,92,798,0,140,210,350,97,0,679,0,326,807,1,2
4105,0,1,1,Jewish,0,0,0,0,0,0,0,0,0,0,0,0,0,0,0,0,0,0,5500,0,550,1650,3300,0,0,0,0,0,0,1,2
4201,0,1,1,Jewish,2594,7965,802,692,598,506,557,585,544,506,423,404,375,377,390,378,326,495,688,0,207,155,155,169,0,1174,0,57,3347,1,2
4202,0,1,1,Jewish,2165,6121,616,532,460,389,428,450,418,389,325,311,288,290,299,290,250,380,585,0,173,129,129,152,0,1070,0,0,2572,1,2
4301,0,1,1,Jewish,0,0,0,0,0,0,0,0,0,0,0,0,0,0,0,0,0,0,0,0,0,0,0,0,0,0,0,0,0,1,2
4302,0,1,1,Jewish,0,0,0,0,0,0,0,0,0,0,0,0,0,0,0,0,0,0,4074,0,1018,2851,203,0,0,0,0,0,0,1,2
4303,0,1,1,Jewish,0,0,0,0,0,0,0,0,0,0,0,0,0,0,0,0,0,0,5325,0,1552,2070,1552,149,0,0,1187,0,0,1,2
4304,0,1,1,Jewish,0,0,0,0,0,0,0,0,0,0,0,0,0,0,0,0,0,0,0,0,0,0,0,0,0,0,0,0,0,1,2
4305,0,1,1,Jewish,0,0,0,0,0,0,0,0,0,0,0,0,0,0,0,0,0,0,544,0,488,0,0,56,0,393,0,0,0,1,2
4306,0,1,1,Jewish,490,1715,172,149,128,109,119,126,117,109,91,87,80,81,84,81,70,106,3057,0,759,2125,151,21,0,148,0,0,720,1,2
4307,0,1,1,Jewish,0,0,0,0,0,0,0,0,0,0,0,0,0,0,0,0,0,0,3373,0,1011,1349,1011,0,0,0,0,0,0,1,2
4401,0,1,1,Jewish,723,2745,276,238,206,174,192,201,187,174,146,139,129,130,134,130,112,170,208,0,43,43,57,63,0,444,0,0,1153,1,2
4402,0,1,1,Jewish,2741,5619,203,240,307,1478,926,351,179,149,180,245,292,297,274,201,124,167,475,0,102,51,51,270,0,1270,0,1870,1792,1,2
4403,0,1,1,Jewish,916,3948,397,343,296,250,276,290,270,251,210,200,186,187,193,187,161,245,278,0,91,64,27,95,0,651,0,260,1659,1,2
4404,0,1,1,Jewish,552,1972,198,171,148,125,137,145,134,125,104,100,93,93,96,93,80,122,156,0,55,38,16,46,0,322,0,0,828,1,2
4405,0,1,1,Jewish,793,3332,330,398,374,286,216,149,184,233,249,248,193,128,98,89,69,80,245,0,47,79,31,86,0,605,0,0,1371,1,2
4406,0,1,1,Jewish,1312,4987,259,306,392,438,518,374,228,190,230,313,372,379,350,256,159,213,425,0,104,104,52,162,0,1140,0,198,2287,1,2
4407,0,1,1,Jewish,303,1151,60,70,90,101,119,86,52,43,53,72,86,87,81,59,36,49,28,0,0,0,0,28,0,199,0,0,528,1,2
4501,0,1,1,Jewish,1496,3948,318,384,361,762,429,169,177,225,241,240,186,124,94,86,66,78,296,0,76,30,45,143,0,745,0,755,1324,1,2
4502,0,1,1,Jewish,1758,7371,742,640,554,468,515,542,504,468,392,374,347,349,361,350,302,458,521,0,175,70,105,170,0,1191,0,0,3097,1,2
4503,0,1,1,Jewish,2528,8849,891,769,665,562,618,650,605,562,470,449,417,419,433,420,362,549,702,0,353,75,75,197,0,1380,0,0,3718,1,2
4504,0,1,1,Jewish,3189,9688,856,739,639,540,1303,1098,581,541,452,432,401,402,416,403,348,528,674,0,288,96,96,194,0,1332,0,78,4088,1,2
4505,0,1,1,Jewish,1113,4876,491,423,366,309,341,358,333,310,259,247,230,231,238,231,199,303,334,0,89,44,89,111,0,780,0,0,2049,1,2
4506,0,1,1,Jewish,1803,6145,618,534,461,390,429,451,420,390,326,312,289,291,301,291,251,381,487,0,180,72,108,126,0,886,0,0,2582,1,2
4507,0,1,1,Jewish,748,2488,250,216,187,158,174,182,170,158,132,126,117,117,121,118,101,154,206,0,89,29,29,56,0,398,0,0,1045,1,2
4508,0,1,1,Jewish,2264,10456,1052,908,786,664,731,768,715,665,556,531,493,495,512,496,428,649,1039,0,162,162,487,226,0,1582,0,0,4394,1,2
4601,0,1,1,Jewish,1237,4070,409,353,305,258,284,299,278,258,216,206,192,192,199,193,166,252,339,0,148,37,61,91,0,642,0,0,1710,1,2
4602,0,1,1,Jewish,345,1449,143,173,162,124,94,65,80,101,108,108,84,56,42,38,30,35,94,0,34,17,17,25,0,177,0,0,596,1,2
4603,0,1,1,Jewish,812,3085,160,189,242,271,320,231,141,117,142,193,230,234,217,158,98,132,237,0,113,16,32,74,0,523,0,0,1415,1,2
4604,0,1,1,Jewish,914,2919,293,253,219,185,204,214,199,185,155,148,137,138,143,138,119,181,247,0,91,36,54,64,0,454,0,0,1226,1,2
4605,0,1,1,Jewish,2866,9684,966,834,721,666,696,708,656,610,510,488,453,454,470,456,393,596,795,0,278,111,167,238,0,1568,0,474,4035,1,2
4606,0,1,1,Jewish,0,0,0,0,0,0,0,0,0,0,0,0,0,0,0,0,0,0,131,0,0,24,96,11,0,77,0,0,0,1,2
4607,0,1,1,Jewish,608,2310,120,141,181,203,240,173,106,88,106,145,172,175,162,118,73,99,176,0,60,24,36,55,0,387,0,0,1059,1,2
4608,0,1,1,Jewish,1305,4358,438,378,327,277,304,320,298,277,231,221,205,206,213,206,178,270,355,0,182,26,52,94,0,662,0,0,1831,1,2
4611,0,1,1,Jewish,600,2521,249,301,283,217,163,113,139,176,188,188,146,97,74,67,52,61,169,0,60,30,30,49,0,348,0,0,1037,1,2
4612,0,1,1,Jewish,461,1752,91,107,137,154,182,131,80,66,81,110,131,133,123,90,55,75,159,0,46,23,23,66,0,468,0,0,803,1,2
4701,0,1,1,Jewish,376,1431,144,124,107,91,100,105,97,91,76,72,67,67,70,68,58,88,113,0,41,15,11,38,7,267,0,0,601,1,2
4702,0,1,1,Jewish,440,1675,168,145,125,106,117,123,114,106,89,85,79,79,82,79,68,104,132,0,48,17,13,44,8,311,0,0,704,1,2
4703,0,1,1,Jewish,1108,4655,461,556,523,400,301,209,257,326,348,347,270,179,137,124,96,113,1631,0,75,1050,375,131,0,921,0,0,1915,1,2
4704,0,1,1,Jewish,1504,6317,625,755,710,544,409,284,348,442,473,472,366,244,186,169,131,153,503,0,186,93,93,131,0,922,0,0,2599,1,2
4705,0,1,1,Jewish,956,4018,397,480,451,346,260,180,221,281,301,300,233,155,118,107,83,97,275,0,95,47,47,83,0,586,0,0,1653,1,2
4706,0,1,1,Jewish,0,0,0,0,0,0,0,0,0,0,0,0,0,0,0,0,0,0,0,0,0,0,0,0,0,0,0,0,0,1,2
4707,0,1,0,Jewish,0,0,0,0,0,0,0,0,0,0,0,0,0,0,0,0,0,0,0,0,0,0,0,0,0,0,0,0,0,1,2
4708,0,1,0,Jewish,0,0,0,0,0,0,0,0,0,0,0,0,0,0,0,0,0,0,0,0,0,0,0,0,0,0,0,0,0,1,2
4709,0,1,1,Jewish,253,964,97,83,72,61,67,70,65,61,51,48,45,45,47,45,39,59,76,0,27,10,7,25,5,178,0,0,405,1,2
4712,0,1,1,Jewish,0,0,0,0,0,0,0,0,0,0,0,0,0,0,0,0,0,0,0,0,0,0,0,0,0,0,0,0,0,1,2
4713,0,1,1,Jewish,0,0,0,0,0,0,0,0,0,0,0,0,0,0,0,0,0,0,0,0,0,0,0,0,0,0,0,0,0,1,2
4714,0,1,1,Jewish,0,0,0,0,0,0,0,0,0,0,0,0,0,0,0,0,0,0,1443,0,1155,144,144,0,0,0,0,0,0,1,2
4715,0,1,1,Jewish,0,0,0,0,0,0,0,0,0,0,0,0,0,0,0,0,0,0,3699,0,369,3329,0,0,0,0,0,0,0,1,2
4716,0,1,1,Jewish,0,0,0,0,0,0,0,0,0,0,0,0,0,0,0,0,0,0,3105,0,93,469,1315,1225,0,0,7275,0,0,1,2
4717,0,1,1,Jewish,0,0,0,0,0,0,0,0,0,0,0,0,0,0,0,0,0,0,3200,0,320,640,2240,0,0,0,0,0,0,1,2
4718,0,1,1,Jewish,0,0,0,0,0,0,0,0,0,0,0,0,0,0,0,0,0,0,1377,0,68,344,963,0,0,0,0,0,0,1,2
4801,0,1,0,Jewish,0,0,0,0,0,0,0,0,0,0,0,0,0,0,0,0,0,0,0,0,0,0,0,0,0,0,0,0,0,1,1
4802,0,1,1,Jewish,0,0,0,0,0,0,0,0,0,0,0,0,0,0,0,0,0,0,164,0,0,0,0,164,0,1153,0,0,0,1,2
4803,0,1,0,Jewish,0,0,0,0,0,0,0,0,0,0,0,0,0,0,0,0,0,0,0,0,0,0,0,0,0,0,0,0,0,1,2
4804,0,1,0,Jewish,0,0,0,0,0,0,0,0,0,0,0,0,0,0,0,0,0,0,0,0,0,0,0,0,0,0,0,0,0,1,1
4805,0,1,0,Jewish,0,0,0,0,0,0,0,0,0,0,0,0,0,0,0,0,0,0,0,0,0,0,0,0,0,0,0,0,0,1,2
4901,0,1,1,Jewish,827,2805,282,243,210,178,196,206,191,178,149,142,132,132,137,133,114,174,340,0,107,33,24,174,0,1223,0,0,1178,1,2
4902,0,1,1,Jewish,1142,3851,387,334,289,244,269,283,263,244,204,195,181,182,188,182,157,239,318,0,91,68,68,89,0,626,0,0,1618,1,2
4903,0,1,1,Jewish,1729,3718,237,219,195,166,479,399,190,189,169,167,145,136,154,179,207,479,909,0,112,84,84,628,0,441,2985,0,1492,1,2
4904,0,1,1,Jewish,781,1797,132,122,108,92,104,113,106,105,94,92,81,76,86,99,115,266,191,0,109,15,31,35,0,245,0,0,712,1,2
4905,0,1,1,Jewish,2056,4729,347,321,286,243,273,299,278,277,247,244,213,200,226,262,304,701,526,0,205,82,123,115,0,807,0,0,1874,1,2
4906,0,1,1,Jewish,1598,4940,481,415,359,409,386,351,327,304,254,243,225,226,234,227,196,297,1705,0,187,57,43,1416,0,1074,7960,470,2010,1,2
4907,0,1,1,Jewish,409,1718,170,205,193,148,111,77,94,120,128,128,99,66,50,46,35,41,138,0,32,32,16,56,0,397,0,0,707,1,2
5001,0,1,1,Jewish,0,0,0,0,0,0,0,0,0,0,0,0,0,0,0,0,0,0,20582,0,2054,17463,1027,36,0,0,224,0,0,1,2
5002,0,1,1,Jewish,462,462,0,0,0,307,140,14,0,0,0,0,0,0,0,0,0,0,8283,0,825,7016,412,28,0,0,0,734,0,1,2
5003,0,1,1,Jewish,0,0,0,0,0,0,0,0,0,0,0,0,0,0,0,0,0,0,0,0,0,0,0,0,0,0,0,0,0,1,2
5004,0,1,1,Jewish,0,0,0,0,0,0,0,0,0,0,0,0,0,0,0,0,0,0,0,0,0,0,0,0,0,0,0,0,0,1,2
5101,0,1,1,U_Orthodox,824,5558,1093,1067,966,543,340,232,258,347,320,168,74,42,27,23,22,28,463,0,94,71,71,226,0,1414,0,1118,1117,1,2
5102,0,1,1,U_Orthodox,644,2849,475,389,347,273,242,197,155,136,104,85,78,74,70,61,55,101,341,0,94,47,47,152,0,1022,0,319,692,1,2
5103,0,1,1,U_Orthodox,962,4333,727,595,531,402,363,302,237,208,159,130,119,113,107,94,84,154,441,0,173,57,57,152,0,994,0,381,1055,1,2
5104,0,1,1,U_Orthodox,1457,5865,951,778,695,660,533,401,311,272,209,171,156,147,139,123,110,202,590,0,245,75,56,212,0,1168,0,1863,1412,1,2
5105,0,1,1,U_Orthodox,1850,6853,785,615,670,1218,1000,505,265,211,178,196,230,240,240,180,127,184,865,0,208,64,48,544,0,3337,0,2068,1741,1,2
5106,0,1,1,U_Orthodox,806,4904,946,923,836,531,322,205,223,300,277,145,64,37,24,20,19,24,394,0,133,40,30,189,0,1254,0,327,983,1,2
5107,0,1,1,U_Orthodox,531,2385,400,327,292,223,200,166,130,114,87,71,65,62,58,51,46,85,325,0,123,19,47,135,0,894,0,470,580,1,2
5108,0,1,1,Jewish,1124,3086,294,254,219,293,254,219,200,186,155,148,138,138,143,138,119,181,82,0,0,0,0,82,0,475,0,456,1229,1,2
5109,0,1,1,Jewish,0,0,0,0,0,0,0,0,0,0,0,0,0,0,0,0,0,0,0,0,0,0,0,0,0,0,0,0,0,1,2
5110,0,1,1,Jewish,0,0,0,0,0,0,0,0,0,0,0,0,0,0,0,0,0,0,0,0,0,0,0,0,0,0,0,0,0,1,2
5111,0,1,1,U_Orthodox,750,3377,566,463,414,313,283,235,185,162,124,101,93,88,83,73,65,120,318,0,112,56,56,92,0,635,0,297,822,1,2
5112,0,1,1,Jewish,0,0,0,0,0,0,0,0,0,0,0,0,0,0,0,0,0,0,0,0,0,0,0,0,0,0,0,0,0,1,2
5201,0,1,1,U_Orthodox,1448,5782,704,552,601,849,787,443,237,189,160,176,206,215,215,162,114,165,580,0,166,66,99,247,0,1328,0,2425,1502,1,2
5202,0,1,1,U_Orthodox,1529,5368,705,622,640,1101,787,310,166,140,174,234,161,110,82,53,38,35,506,0,136,41,31,297,0,1734,0,1215,1210,1,2
5203,0,1,1,U_Orthodox,751,3380,567,464,414,314,283,235,185,162,124,102,93,88,83,73,65,120,256,0,0,0,0,256,0,674,887,802,823,1,2
5204,0,1,1,U_Orthodox,439,2416,312,245,266,277,303,192,105,84,71,78,91,95,95,72,50,73,114,0,14,4,3,91,0,612,0,259,642,1,2
5205,0,1,1,U_Orthodox,746,4106,531,416,453,471,516,326,179,143,120,132,155,162,162,122,86,125,144,0,0,0,0,144,0,1011,0,440,1091,1,2
5206,0,1,1,U_Orthodox,177,799,134,109,98,74,67,55,43,38,29,24,22,20,19,17,15,28,1701,0,251,1341,83,25,0,176,0,70,194,1,2
5207,0,1,1,U_Orthodox,1473,5273,698,616,634,1061,768,307,164,139,173,232,160,109,81,52,38,35,265,0,0,0,0,265,0,956,546,926,1192,1,2
5208,0,1,1,U_Orthodox,1284,5772,968,792,708,538,484,402,316,277,212,174,159,150,142,125,112,205,733,0,250,76,57,349,0,2344,0,563,1405,1,2
5209,0,1,1,U_Orthodox,1280,4527,700,573,512,623,457,301,229,200,154,126,115,108,103,90,81,149,600,0,139,69,69,321,0,1591,298,1692,1074,1,2
5210,0,1,1,U_Orthodox,1519,5449,629,493,537,946,789,405,212,169,143,157,184,192,192,144,101,148,827,0,182,56,42,547,0,1419,1634,2741,1389,1,2
5211,0,1,1,U_Orthodox,1966,4449,427,334,364,1144,762,297,144,115,97,106,125,130,130,98,69,100,659,0,135,49,61,413,0,1941,0,5131,1066,1,2
5212,0,1,1,U_Orthodox,1913,5752,632,495,539,1140,878,413,213,170,143,157,185,193,193,145,102,148,893,0,219,46,46,580,0,3029,233,4667,1439,1,2
5213,0,1,1,U_Orthodox,1810,5848,648,508,553,1132,882,423,219,174,147,162,190,198,198,149,105,152,536,0,205,43,43,243,0,1259,0,1659,1469,1,2
5214,0,1,1,U_Orthodox,1026,3469,397,311,338,618,507,256,134,107,90,99,116,121,121,91,64,93,704,0,131,28,28,516,0,659,2335,1525,881,1,2
5301,0,1,1,U_Orthodox,613,1770,249,204,182,326,211,112,81,71,54,44,41,38,36,32,29,53,189,0,44,29,24,90,0,413,0,966,408,1,2
5302,0,1,1,U_Orthodox,1870,5153,708,579,518,1003,661,308,231,203,155,127,116,110,104,91,82,150,198,0,0,0,0,198,0,1001,0,1531,1174,1,2
5303,0,1,1,Jewish,2356,8433,823,711,614,687,656,603,559,520,435,415,385,387,400,388,335,508,227,0,0,0,0,227,0,1403,0,652,3437,1,2
5304,0,1,1,U_Orthodox,704,2130,296,242,216,300,307,194,96,84,65,53,48,46,43,38,34,62,250,0,0,0,0,250,0,716,677,1428,520,1,2
5305,0,1,1,U_Orthodox,1989,8000,1285,1051,940,831,793,605,420,368,282,231,211,199,189,166,149,273,328,0,0,0,0,328,0,2067,0,990,1952,1,2
5306,0,1,1,U_Orthodox,920,4144,695,569,508,385,347,289,227,199,152,125,114,108,102,90,80,147,176,0,0,0,0,176,0,1223,0,365,1009,1,2
5307,0,1,1,Jewish,189,793,78,94,89,68,51,35,43,55,59,59,46,30,23,21,16,19,58,0,26,5,5,20,0,146,0,0,326,1,2
5401,0,1,1,Jewish,13,57,5,6,6,4,3,2,3,4,4,4,3,2,1,1,1,1,5392,0,1013,3547,506,323,0,121,1868,0,23,1,2
5402,0,1,1,Jewish,66,277,27,33,31,23,17,12,15,19,20,20,16,10,8,7,5,6,4201,153,922,1844,153,1127,0,33,3184,144,114,1,2
5403,0,1,1,Jewish,0,0,0,0,0,0,0,0,0,0,0,0,0,0,0,0,0,0,4551,227,908,2952,454,9,0,68,0,0,0,1,2
5404,0,1,1,Jewish,78,327,32,39,36,28,21,14,18,22,24,24,19,12,9,8,6,7,4468,0,884,3095,442,46,0,218,93,0,134,1,2
5405,0,1,1,Jewish,0,0,0,0,0,0,0,0,0,0,0,0,0,0,0,0,0,0,3693,0,738,2583,369,2,0,0,0,152,0,1,2
5406,0,1,1,Jewish,0,0,0,0,0,0,0,0,0,0,0,0,0,0,0,0,0,0,0,0,0,0,0,0,0,0,0,0,0,1,2
5407,0,1,1,Jewish,0,0,0,0,0,0,0,0,0,0,0,0,0,0,0,0,0,0,3707,741,556,926,1482,0,0,0,0,0,0,1,2
5408,0,1,1,Jewish,561,561,0,0,0,371,171,18,0,0,0,0,0,0,0,0,0,0,3930,584,1947,973,389,35,0,0,0,893,0,1,2
5409,0,1,1,Jewish,0,0,0,0,0,0,0,0,0,0,0,0,0,0,0,0,0,0,0,0,0,0,0,0,0,0,0,0,0,1,2
5501,0,1,1,Jewish,365,365,0,0,0,243,109,12,0,0,0,0,0,0,0,0,0,0,340,0,63,42,105,130,0,698,0,703,0,1,2
5502,0,1,1,U_Orthodox,2085,6303,665,521,568,1364,999,442,224,179,151,166,195,203,203,153,107,156,506,0,180,55,41,229,0,1083,0,1494,1556,1,2
5503,0,1,1,U_Orthodox,0,0,0,0,0,0,0,0,0,0,0,0,0,0,0,0,0,0,0,0,0,0,0,0,0,0,0,0,0,1,2
5504,0,1,1,U_Orthodox,843,2972,356,279,304,462,412,225,120,96,80,89,104,108,109,82,57,83,394,0,93,37,56,206,0,1259,0,809,767,1,2
5505,0,1,1,U_Orthodox,929,3715,471,369,401,469,480,291,159,126,107,117,138,144,144,108,76,110,371,0,166,51,38,115,0,704,0,485,979,1,2
5506,0,1,1,U_Orthodox,2260,8304,954,747,814,1466,1210,615,322,257,216,238,279,291,291,219,154,224,747,0,258,79,59,349,0,1927,0,3108,2112,1,2
5601,0,1,1,Jewish,0,0,0,0,0,0,0,0,0,0,0,0,0,0,0,0,0,0,0,0,0,0,0,0,0,0,0,0,0,1,2
5602,0,1,1,Jewish,0,0,0,0,0,0,0,0,0,0,0,0,0,0,0,0,0,0,0,0,0,0,0,0,0,0,0,0,0,1,2
5603,0,1,1,Jewish,0,0,0,0,0,0,0,0,0,0,0,0,0,0,0,0,0,0,0,0,0,0,0,0,0,0,0,0,0,1,2
5604,0,1,1,Jewish,0,0,0,0,0,0,0,0,0,0,0,0,0,0,0,0,0,0,0,0,0,0,0,0,0,0,0,0,0,1,2
5605,0,1,1,Jewish,364,1530,151,182,172,131,99,68,84,107,114,114,88,59,45,41,31,37,125,0,36,21,14,52,0,368,0,0,629,1,2
5606,0,1,1,Jewish,577,2194,221,190,164,139,153,161,150,139,116,111,103,103,107,104,89,136,173,0,69,23,23,58,0,408,0,0,922,1,0
5701,0,1,1,U_Orthodox,228,1141,147,115,126,130,143,90,49,39,33,36,43,45,45,34,23,34,46,0,0,0,0,46,0,235,0,324,303,1,2
5702,0,1,1,U_Orthodox,187,843,141,115,103,78,70,58,46,40,31,25,23,22,20,18,16,30,2137,0,1680,210,210,37,0,265,0,74,205,1,2
5703,0,1,1,U_Orthodox,1004,4518,758,620,554,419,379,315,248,217,166,136,124,117,111,98,88,161,437,0,195,60,45,136,0,942,0,398,1100,1,2
5704,0,1,1,Jewish,390,1589,160,138,119,101,111,116,108,101,84,80,74,75,77,75,65,98,116,0,39,31,7,38,0,252,0,61,667,1,2
5705,0,1,1,Jewish,303,1233,124,107,92,78,86,90,84,78,65,62,58,58,60,58,50,76,93,0,30,24,6,32,0,199,0,82,518,1,2
5706,0,1,1,U_Orthodox,723,3253,546,446,399,302,273,226,178,156,120,98,89,84,80,70,63,116,108,0,0,0,0,108,0,733,0,286,792,1,2
5707,0,1,1,U_Orthodox,1308,5836,732,573,624,764,771,452,247,197,166,183,214,223,224,168,118,172,505,0,169,67,101,166,0,1075,0,607,1531,1,2
5708,0,1,1,U_Orthodox,943,4224,708,579,517,396,356,294,231,202,155,127,116,110,104,91,82,150,579,0,182,56,42,297,0,2056,0,371,1027,1,2
5801,0,1,1,U_Orthodox,2675,11167,1343,1052,1146,1712,1544,852,453,361,305,335,394,410,410,309,217,316,933,0,283,169,113,367,0,2238,0,1113,2889,1,2
5802,0,1,1,U_Orthodox,847,3813,640,523,468,354,320,265,209,183,140,115,105,99,94,82,74,136,374,0,127,76,50,120,0,841,0,335,928,1,2
5803,0,1,1,Jewish,748,3142,311,375,353,270,203,141,173,220,235,234,182,121,92,84,65,76,254,0,74,44,29,105,0,706,0,76,1293,1,2
5804,0,1,1,U_Orthodox,1233,5551,931,762,681,515,465,387,304,267,204,167,153,144,137,120,108,198,631,0,185,111,74,261,0,1831,0,489,1351,1,2
5805,0,1,1,U_Orthodox,908,4996,646,506,551,573,628,397,218,174,146,161,189,197,197,148,104,152,494,0,0,0,0,494,0,3460,0,536,1327,1,2
5806,0,1,1,U_Orthodox,2796,9791,1051,824,897,2044,1525,696,355,283,238,262,308,321,321,242,170,247,511,0,0,0,0,511,0,2050,0,8151,2432,1,2
5807,0,1,1,U_Orthodox,1872,10161,1236,969,1055,1498,1385,778,417,333,281,309,362,378,378,284,200,291,1005,0,190,114,76,625,0,2610,1261,1372,2639,1,2
5901,0,1,1,U_Orthodox,1434,5606,647,507,552,976,813,414,218,174,147,161,190,197,198,149,104,152,572,0,124,49,74,322,0,1956,0,1236,1428,1,2
5902,0,1,1,U_Orthodox,580,2833,366,287,312,325,356,225,123,98,83,91,107,112,112,84,59,86,320,0,121,17,34,146,0,924,0,449,752,1,2
5903,0,1,1,U_Orthodox,529,2697,329,258,281,391,365,206,111,88,74,82,96,100,100,75,53,77,237,0,74,22,17,123,0,644,0,1186,701,1,2
5904,0,1,1,U_Orthodox,0,0,0,0,0,0,0,0,0,0,0,0,0,0,0,0,0,0,0,0,0,0,0,0,0,0,0,0,0,1,2
5905,0,1,1,U_Orthodox,802,5215,810,716,736,628,616,328,191,162,200,269,185,127,94,61,44,40,380,0,156,48,36,139,0,978,0,504,1234,1,2
5906,0,1,1,U_Orthodox,658,2513,282,221,240,471,375,183,95,76,64,70,82,86,86,64,45,66,191,0,48,24,24,93,0,453,0,819,634,1,2
5907,0,1,1,U_Orthodox,650,4225,656,580,596,509,499,266,155,131,162,218,150,103,76,49,35,33,301,0,87,39,68,106,0,747,0,408,1000,1,2
5908,0,1,1,U_Orthodox,1950,9239,1338,1182,1216,1455,1207,560,316,267,331,445,307,210,156,101,73,67,763,0,198,99,99,366,0,2287,0,866,2142,1,2
6001,0,1,1,U_Orthodox,267,1473,190,149,162,169,185,117,64,51,43,47,55,58,58,43,30,44,224,0,20,20,40,144,0,907,0,856,391,1,2
6002,0,1,1,U_Orthodox,827,3722,624,511,456,345,312,259,204,179,137,112,102,97,91,80,72,132,449,0,99,74,74,201,0,1383,0,327,906,1,2
6003,0,1,1,U_Orthodox,898,4941,639,501,545,566,621,393,215,172,145,159,187,195,195,147,103,150,404,0,134,80,53,135,0,919,0,530,1313,1,2
6004,0,1,1,U_Orthodox,0,0,0,0,0,0,0,0,0,0,0,0,0,0,0,0,0,0,631,0,0,0,631,0,0,0,0,0,0,1,2
6005,0,1,1,U_Orthodox,789,3550,596,487,435,329,298,247,194,170,130,107,97,92,87,77,69,126,522,0,212,106,106,96,0,676,0,312,864,1,2
6006,0,1,1,U_Orthodox,1111,6013,775,607,661,703,759,476,261,208,176,193,227,237,237,178,125,182,601,0,212,65,49,275,0,1824,0,734,1595,1,2
6007,0,1,1,U_Orthodox,1669,9179,1188,931,1013,1052,1154,730,401,320,269,296,348,363,363,273,192,279,744,0,300,100,100,244,0,1665,0,985,2439,1,2
6008,0,1,1,U_Orthodox,462,2079,349,285,255,193,174,145,114,100,76,62,57,54,51,45,40,74,314,0,83,27,27,176,0,1218,0,183,506,1,2
6101,0,1,1,U_Orthodox,494,3211,499,440,453,386,379,202,117,99,123,166,114,78,58,37,27,25,301,0,81,37,29,153,0,1018,0,310,760,1,2
6102,0,1,1,U_Orthodox,770,3356,396,310,338,549,473,251,133,106,90,99,116,121,121,91,64,93,399,0,78,35,28,256,0,1637,0,557,861,1,2
6200,0,1,1,Jewish,583,2518,253,218,189,160,176,185,172,160,133,128,118,119,123,119,103,156,176,0,75,29,11,60,0,406,0,39,1058,1,2
6201,0,1,1,Jewish,364,1573,158,136,118,100,110,115,107,100,83,79,74,74,77,74,64,97,126,0,47,18,7,53,0,375,0,0,661,1,2
6202,0,1,1,Jewish,0,0,0,0,0,0,0,0,0,0,0,0,0,0,0,0,0,0,0,0,0,0,0,0,0,0,0,0,0,1,2
6203,0,1,1,Jewish,296,1280,128,111,96,81,89,94,87,81,68,65,60,60,62,60,52,79,89,0,29,17,11,30,0,212,0,0,538,1,2
6204,0,1,1,Jewish,0,0,0,0,0,0,0,0,0,0,0,0,0,0,0,0,0,0,0,0,0,0,0,0,0,0,0,0,0,1,2
6205,0,1,1,Jewish,781,3413,343,296,256,216,238,250,233,217,181,173,161,161,167,162,139,212,135,0,0,0,0,135,0,949,0,0,1434,1,2
6206,0,1,1,Jewish,691,2933,295,255,220,186,205,215,200,186,156,149,138,138,143,139,120,182,68,0,0,0,0,68,0,476,0,0,1232,1,2
6207,0,1,1,Jewish,830,3521,354,306,264,223,246,258,240,223,187,178,166,166,172,167,144,218,253,0,99,33,33,87,0,612,0,0,1479,1,2
6208,0,1,1,U_Orthodox,271,1221,205,167,149,113,102,85,67,58,45,36,33,31,30,26,23,43,120,0,40,24,16,39,0,275,0,107,297,1,2
6209,0,1,1,Jewish,682,2767,278,240,208,175,193,203,189,176,147,140,130,131,135,131,113,171,206,0,75,34,27,70,0,492,0,0,1162,1,2
6210,0,1,1,Jewish,260,1057,106,91,79,67,73,77,72,67,56,53,49,50,51,50,43,65,77,0,28,13,10,25,0,175,0,0,444,1,2
6211,0,1,1,Jewish,1026,3882,390,337,291,246,271,285,265,246,206,197,183,183,190,184,159,241,298,0,102,41,61,93,0,655,0,0,1631,1,2
6212,0,1,1,Jewish,515,1951,196,169,146,124,136,143,133,124,103,99,92,92,95,92,79,121,164,0,72,10,20,61,0,430,0,0,820,1,2
6301,0,1,1,Jewish,724,2521,253,219,189,160,176,185,172,160,134,128,118,119,123,119,103,156,207,0,86,28,28,62,0,434,0,0,1059,1,2
6302,0,1,1,Jewish,317,1205,62,74,94,105,125,90,55,46,55,75,90,91,84,62,38,51,93,0,31,15,15,29,0,208,0,0,552,1,2
6303,0,1,1,Jewish,1360,5168,269,317,406,454,537,388,237,197,239,324,386,393,363,266,165,221,409,0,149,54,68,137,0,933,0,90,2371,1,2
6304,0,1,1,Jewish,973,3558,358,309,267,226,248,261,243,226,189,180,167,168,174,168,145,221,281,0,107,48,38,86,0,608,0,0,1495,1,2
6305,0,1,1,Jewish,687,2930,295,254,220,186,204,215,200,186,155,148,138,138,143,139,120,182,202,0,68,27,41,65,0,456,0,0,1231,1,2
6306,0,1,1,Jewish,959,3613,363,314,271,229,252,265,247,229,192,183,170,171,177,171,148,224,86,0,0,0,0,86,0,604,0,0,1518,1,2
6307,0,1,1,Jewish,535,2014,202,175,151,128,140,148,137,128,107,102,95,95,98,95,82,125,803,0,608,76,76,43,0,301,0,0,846,1,2
6308,0,1,1,Jewish,842,3186,308,266,230,277,251,229,209,194,162,155,144,145,150,145,125,190,233,0,57,28,57,90,0,572,0,185,1286,1,2
6309,0,1,1,Jewish,845,2939,295,255,220,186,205,216,201,186,156,149,138,139,144,139,120,182,268,0,92,42,33,99,0,683,0,61,1235,1,2
6310,0,1,1,Jewish,341,1299,67,79,102,114,135,97,59,49,60,81,97,98,91,66,41,55,100,0,41,13,13,32,0,225,0,0,595,1,2
6401,0,1,1,arabs_behined_seperation_wall,7504,39041,4337,4337,4337,3943,3549,3154,2760,2760,2366,1971,1183,1183,788,788,788,788,3514,0,1350,450,450,1263,0,8841,0,0,9454,1,2
6402,0,1,1,arabs_behined_seperation_wall,4873,24737,2721,2721,2721,2473,2226,1979,1731,1731,1484,1236,742,742,742,494,494,494,2151,0,877,292,292,689,0,4823,0,0,6056,1,2
6403,0,1,1,arabs_behined_seperation_wall,2089,9402,940,940,846,846,752,658,658,658,658,564,376,376,282,282,188,376,856,0,376,125,125,229,0,1604,0,0,2418,1,2
6501,0,1,1,Arab,0,0,0,0,0,0,0,0,0,0,0,0,0,0,0,0,0,0,0,0,0,0,0,0,0,0,0,0,0,1,2
6502,0,1,1,Arab,2480,11162,1116,1116,1004,1004,893,781,781,781,781,669,446,446,334,334,223,446,1313,0,446,111,186,569,0,3984,0,0,2871,1,2
6503,0,1,1,Arab,1159,5218,521,521,469,469,417,365,365,365,365,313,208,208,156,156,104,208,716,0,0,0,0,716,0,5018,0,0,1342,1,2
6504,0,1,1,Arab,0,0,0,0,0,0,0,0,0,0,0,0,0,0,0,0,0,0,1200,0,240,720,240,0,0,0,0,0,0,1,2
6505,0,1,1,Arab,2063,9285,928,928,835,835,742,649,649,649,649,557,371,371,278,278,185,371,827,0,340,154,123,208,0,1456,0,0,2388,1,2
6506,0,1,1,Arab,1617,7280,728,728,655,655,582,509,509,509,509,436,291,291,218,218,145,291,691,0,218,97,169,205,0,1440,0,0,1872,1,2
6507,0,1,1,Arab,1402,5993,599,599,539,539,479,419,419,419,359,359,239,239,239,179,119,239,553,0,231,105,84,132,0,930,0,0,1541,1,2
6508,0,1,1,Arab,1844,7845,784,784,706,706,627,549,549,549,470,470,313,313,313,235,156,313,750,0,304,138,110,196,0,1377,0,0,2018,1,2
6509,0,1,1,Arab,1340,5688,568,568,511,511,455,398,398,398,341,341,227,227,227,170,113,227,573,0,221,100,80,170,0,1196,0,0,1463,1,2
6510,0,1,1,Arab,624,2672,267,267,240,240,213,187,187,187,160,160,106,106,106,80,53,106,386,0,102,46,37,198,0,1391,0,0,687,1,2
6511,0,1,1,Arab,414,1866,186,186,168,168,149,130,130,130,130,112,74,74,56,56,37,74,3273,806,644,1289,483,49,0,343,0,0,480,1,2
6601,0,1,1,Arab,1095,4569,456,456,411,411,365,319,319,319,274,274,182,182,182,137,91,182,558,0,213,32,82,229,0,1609,0,0,1175,1,2
6602,0,1,1,Arab,772,3237,323,323,291,291,259,226,226,226,194,194,129,129,129,97,64,129,337,0,150,46,34,106,0,728,0,39,832,1,2
6603,0,1,1,Arab,884,3699,369,369,332,332,295,258,258,258,221,221,147,147,147,110,73,147,361,0,172,53,39,96,0,673,0,0,951,1,2
6604,0,1,1,Arab,352,1465,146,146,131,131,117,102,102,102,87,87,58,58,58,43,29,58,821,0,63,21,21,715,0,303,4259,0,377,1,2
6605,0,1,1,Arab,393,1695,169,169,152,152,135,118,118,118,101,101,67,67,67,50,33,67,928,0,70,23,23,810,0,5670,0,0,436,1,2
6606,0,1,1,Arab,1738,7377,737,737,663,663,590,516,516,516,442,442,295,295,295,221,147,295,695,130,260,26,78,173,26,1216,0,0,1897,1,2
6607,0,1,1,Arab,1161,4889,488,488,440,440,391,342,342,342,293,293,195,195,195,146,97,195,504,87,174,17,52,156,17,1092,0,0,1257,1,2
6608,0,1,1,Arab,0,0,0,0,0,0,0,0,0,0,0,0,0,0,0,0,0,0,0,0,0,0,0,0,0,0,0,0,0,1,2
6609,0,1,1,Arab,1796,7620,762,762,685,685,609,533,533,533,457,457,304,304,304,228,152,304,904,134,269,26,80,365,26,2561,0,0,1960,1,2
6610,0,1,1,Arab,241,996,99,99,89,89,79,69,69,69,59,59,39,39,39,29,19,39,291,18,36,3,10,218,3,1532,0,0,256,1,2
6611,0,1,1,Arab,0,0,0,0,0,0,0,0,0,0,0,0,0,0,0,0,0,0,0,0,0,0,0,0,0,0,0,0,0,1,2
6701,0,1,1,Arab,0,0,0,0,0,0,0,0,0,0,0,0,0,0,0,0,0,0,1231,615,369,123,123,0,0,0,0,0,0,1,2
6702,0,1,1,Arab,0,0,0,0,0,0,0,0,0,0,0,0,0,0,0,0,0,0,1334,653,391,130,130,27,0,194,0,0,0,1,2
6703,0,1,1,Arab,0,0,0,0,0,0,0,0,0,0,0,0,0,0,0,0,0,0,4492,2231,1338,446,446,30,0,211,0,0,0,1,2
6704,0,1,1,Arab,103,567,68,68,68,62,56,45,39,28,28,28,22,17,11,11,5,5,49,7,15,1,4,18,1,127,0,0,132,1,2
6705,0,1,1,Arab,0,0,0,0,0,0,0,0,0,0,0,0,0,0,0,0,0,0,0,0,0,0,0,0,0,0,0,0,0,1,2
6801,0,1,1,arabs_behined_seperation_wall,8864,45197,4922,4922,4475,4027,3580,3580,3580,3132,2685,2237,1790,1342,1342,1342,895,1342,3994,664,1329,132,398,1334,132,9343,0,0,11279,1,2
6802,0,1,1,arabs_behined_seperation_wall,7152,36658,3992,3992,3629,3266,2903,2903,2903,2540,2177,1814,1451,1088,1088,1088,725,1088,3231,536,1072,107,321,1085,107,7599,0,0,9148,1,2
6803,0,1,1,Arab,0,0,0,0,0,0,0,0,0,0,0,0,0,0,0,0,0,0,0,0,0,0,0,0,0,0,0,0,0,1,2
6901,0,1,1,U_Orthodox,0,0,0,0,0,0,0,0,0,0,0,0,0,0,0,0,0,0,0,0,0,0,0,0,0,0,0,0,0,1,2
6902,0,1,1,U_Orthodox,0,0,0,0,0,0,0,0,0,0,0,0,0,0,0,0,0,0,0,0,0,0,0,0,0,0,0,0,0,1,2
6903,0,1,1,U_Orthodox,0,0,0,0,0,0,0,0,0,0,0,0,0,0,0,0,0,0,0,0,0,0,0,0,0,0,0,0,0,1,2
6904,0,1,1,U_Orthodox,0,0,0,0,0,0,0,0,0,0,0,0,0,0,0,0,0,0,0,0,0,0,0,0,0,0,0,0,0,1,2
6905,0,1,1,U_Orthodox,0,0,0,0,0,0,0,0,0,0,0,0,0,0,0,0,0,0,0,0,0,0,0,0,0,0,0,0,0,1,2
6906,0,1,1,U_Orthodox,0,0,0,0,0,0,0,0,0,0,0,0,0,0,0,0,0,0,0,0,0,0,0,0,0,0,0,0,0,1,2
6907,0,1,1,U_Orthodox,0,0,0,0,0,0,0,0,0,0,0,0,0,0,0,0,0,0,0,0,0,0,0,0,0,0,0,0,0,1,2
6908,0,1,1,U_Orthodox,0,0,0,0,0,0,0,0,0,0,0,0,0,0,0,0,0,0,0,0,0,0,0,0,0,0,0,0,0,1,2
6909,0,1,1,U_Orthodox,116,756,117,103,106,91,89,47,27,23,29,39,26,18,13,8,6,5,62,0,22,6,5,27,0,189,0,73,179,1,2
6910,0,1,1,U_Orthodox,0,0,0,0,0,0,0,0,0,0,0,0,0,0,0,0,0,0,0,0,0,0,0,0,0,0,0,0,0,1,2
7001,1,1,0,Jewish,916,3640,366,316,273,231,254,267,248,231,193,185,171,172,178,172,149,226,264,0,110,55,18,81,0,567,0,0,1529,1,2
7002,1,1,0,Jewish,755,3174,314,379,356,273,205,142,175,222,237,237,184,122,93,85,65,77,335,0,90,45,15,184,0,1290,0,0,1306,1,2
7003,1,1,0,Jewish,62,236,12,14,18,20,24,17,10,9,10,14,17,18,16,12,7,10,38,0,0,0,0,38,0,266,0,0,108,1,2
7004,1,1,0,Jewish,239,908,47,55,71,79,94,68,41,34,42,57,67,69,63,46,29,39,557,0,200,160,40,157,0,1100,0,0,417,1,2
7011,1,1,0,Jewish,580,2240,215,260,244,228,159,100,120,152,163,162,126,84,64,58,45,52,222,0,41,31,31,118,0,498,0,540,896,1,2
7012,1,1,0,Jewish,969,4070,409,353,305,258,284,299,278,258,216,206,192,192,199,193,166,252,296,0,96,58,38,102,0,704,0,107,1710,1,2
7013,1,1,0,Jewish,256,974,50,59,76,85,101,73,44,37,45,61,72,74,68,50,31,41,73,0,25,15,10,21,0,152,0,0,446,1,2
7014,1,1,0,Jewish,1175,4938,489,590,555,425,320,222,272,345,370,368,286,190,145,132,102,119,383,0,117,70,47,147,0,1035,0,0,2032,1,2
7021,1,1,0,Jewish,820,3444,341,411,387,296,223,154,190,241,258,257,199,133,101,92,71,83,279,0,82,49,32,115,0,807,0,0,1417,1,2
7022,1,1,0,Jewish,637,2677,265,320,300,230,173,120,147,187,200,200,155,103,78,71,55,65,219,0,63,38,25,92,0,631,0,26,1101,1,2
7023,1,1,0,Jewish,406,1708,169,204,192,147,110,76,94,119,128,127,99,66,50,45,35,41,138,0,40,24,16,57,0,401,0,0,703,1,2
7024,1,1,0,Jewish,1174,4934,488,589,554,424,320,221,272,345,369,368,286,190,145,132,102,119,605,0,117,70,46,370,0,2591,0,0,2030,1,2
7025,1,1,0,Jewish,1250,5250,519,627,590,452,340,236,290,367,393,392,304,202,154,140,109,127,361,0,125,75,50,111,0,781,0,0,2160,1,2
7026,1,1,0,Jewish,817,3433,340,410,385,295,222,154,189,240,257,256,199,132,101,92,71,83,255,0,81,49,32,91,0,641,0,0,1413,1,2
7027,1,1,0,Jewish,406,1708,169,204,191,147,110,76,94,119,128,127,99,66,50,45,35,41,117,0,40,24,16,36,0,254,0,0,702,1,2
7028,1,1,0,Jewish,0,0,0,0,0,0,0,0,0,0,0,0,0,0,0,0,0,0,0,0,0,0,0,0,0,0,0,0,0,1,2
7031,1,1,0,Jewish,487,1853,96,113,145,163,192,139,85,70,85,116,138,140,130,95,59,79,139,0,53,24,19,41,0,290,0,0,850,1,2
7032,1,1,0,Jewish,236,898,46,55,70,79,93,67,41,34,41,56,67,68,63,46,28,38,53,0,0,0,0,53,0,375,0,0,412,1,2
7033,1,1,0,Jewish,964,3664,190,225,288,322,380,275,168,139,169,230,274,278,257,188,117,157,274,0,96,38,57,81,0,571,0,0,1681,1,2
7034,1,1,0,Jewish,229,870,45,53,68,76,90,65,39,33,40,54,65,66,61,44,27,37,19,0,0,0,0,19,0,136,0,0,399,1,2
7035,1,1,0,Jewish,0,0,0,0,0,0,0,0,0,0,0,0,0,0,0,0,0,0,36,0,0,0,0,36,0,258,0,0,0,1,2
7036,1,1,0,Jewish,1158,5498,553,477,413,349,384,404,376,349,292,279,259,260,269,261,225,341,357,0,115,69,46,126,0,883,0,0,2310,1,2
7041,1,1,0,Jewish,703,3235,336,378,371,275,252,181,184,202,208,193,154,129,117,102,77,68,259,0,56,56,28,118,0,829,0,0,1276,1,0
7042,1,1,0,Jewish,0,0,0,0,0,0,0,0,0,0,0,0,0,0,0,0,0,0,0,0,0,0,0,0,0,0,0,0,0,1,2
7043,0,1,0,Palestinian,0,4230,0,0,0,0,0,0,0,0,0,0,0,0,0,0,0,0,0,0,0,0,0,0,0,0,0,0,0,1,0
7051,1,1,0,Jewish,0,0,0,0,0,0,0,0,0,0,0,0,0,0,0,0,0,0,615,461,92,61,0,0,0,0,0,0,0,1,2
7052,1,1,0,Jewish,58,246,24,29,27,21,15,11,13,17,18,18,14,9,7,6,5,5,601,0,326,207,59,7,0,55,0,0,101,1,2
7053,1,1,0,Jewish,0,0,0,0,0,0,0,0,0,0,0,0,0,0,0,0,0,0,3052,1679,1068,305,0,0,0,0,0,0,0,1,2
7060,1,1,0,Jewish,0,0,0,0,0,0,0,0,0,0,0,0,0,0,0,0,0,0,0,0,0,0,0,0,0,0,0,0,0,1,0
7061,1,1,0,Jewish,0,0,0,0,0,0,0,0,0,0,0,0,0,0,0,0,0,0,0,0,0,0,0,0,0,0,0,0,0,1,0
7062,1,1,0,Jewish,0,0,0,0,0,0,0,0,0,0,0,0,0,0,0,0,0,0,0,0,0,0,0,0,0,0,0,0,0,1,2
7063,1,1,0,Jewish,0,0,0,0,0,0,0,0,0,0,0,0,0,0,0,0,0,0,0,0,0,0,0,0,0,0,0,0,0,1,2
7064,1,1,0,Jewish,960,4032,399,482,453,347,261,181,222,282,302,301,234,155,118,108,83,97,277,0,96,48,48,85,0,600,0,0,1659,1,2
7065,1,1,0,Jewish,0,0,0,0,0,0,0,0,0,0,0,0,0,0,0,0,0,0,0,0,0,0,0,0,0,0,0,0,0,1,2
7101,0,1,0,Palestinian,0,3740,0,0,0,0,0,0,0,0,0,0,0,0,0,0,0,0,0,0,0,0,0,0,0,0,0,0,0,1,0
7102,0,1,0,Palestinian,0,17240,0,0,0,0,0,0,0,0,0,0,0,0,0,0,0,0,0,0,0,0,0,0,0,0,0,0,0,1,0
7103,0,1,0,Palestinian,0,22016,0,0,0,0,0,0,0,0,0,0,0,0,0,0,0,0,0,0,0,0,0,0,0,0,0,0,0,1,0
7104,0,1,0,Palestinian,0,9777,0,0,0,0,0,0,0,0,0,0,0,0,0,0,0,0,0,0,0,0,0,0,0,0,0,0,0,1,0
7211,0,1,0,Palestinian,0,35298,0,0,0,0,0,0,0,0,0,0,0,0,0,0,0,0,0,0,0,0,0,0,0,0,0,0,0,1,0
7221,0,1,0,Palestinian,0,2673,0,0,0,0,0,0,0,0,0,0,0,0,0,0,0,0,0,0,0,0,0,0,0,0,0,0,0,1,0
7222,0,1,0,Palestinian,0,16807,0,0,0,0,0,0,0,0,0,0,0,0,0,0,0,0,0,0,0,0,0,0,0,0,0,0,0,1,0
7223,0,1,0,Palestinian,0,10842,0,0,0,0,0,0,0,0,0,0,0,0,0,0,0,0,0,0,0,0,0,0,0,0,0,0,0,1,0
7231,0,1,0,Palestinian,0,44090,0,0,0,0,0,0,0,0,0,0,0,0,0,0,0,0,0,0,0,0,0,0,0,0,0,0,0,1,0
7232,0,1,0,Palestinian,0,24028,0,0,0,0,0,0,0,0,0,0,0,0,0,0,0,0,0,0,0,0,0,0,0,0,0,0,0,1,0
7233,0,1,0,Palestinian,0,32594,0,0,0,0,0,0,0,0,0,0,0,0,0,0,0,0,0,0,0,0,0,0,0,0,0,0,0,1,0
7240,0,1,0,Palestinian,0,11226,0,0,0,0,0,0,0,0,0,0,0,0,0,0,0,0,0,0,0,0,0,0,0,0,0,0,0,1,0
7241,0,1,0,Palestinian,0,1648,0,0,0,0,0,0,0,0,0,0,0,0,0,0,0,0,0,0,0,0,0,0,0,0,0,0,0,1,0
7242,0,1,0,Palestinian,0,8078,0,0,0,0,0,0,0,0,0,0,0,0,0,0,0,0,0,0,0,0,0,0,0,0,0,0,0,1,0
7243,0,1,0,Palestinian,0,2810,0,0,0,0,0,0,0,0,0,0,0,0,0,0,0,0,0,0,0,0,0,0,0,0,0,0,0,1,0
7244,0,1,0,Palestinian,0,2548,0,0,0,0,0,0,0,0,0,0,0,0,0,0,0,0,0,0,0,0,0,0,0,0,0,0,0,1,0
7245,0,1,0,Palestinian,0,14562,0,0,0,0,0,0,0,0,0,0,0,0,0,0,0,0,0,0,0,0,0,0,0,0,0,0,0,1,0
7246,0,1,0,Palestinian,0,7873,0,0,0,0,0,0,0,0,0,0,0,0,0,0,0,0,0,0,0,0,0,0,0,0,0,0,0,1,0
7247,0,1,0,Palestinian,0,11252,0,0,0,0,0,0,0,0,0,0,0,0,0,0,0,0,0,0,0,0,0,0,0,0,0,0,0,1,0
7248,0,1,0,Palestinian,0,8186,0,0,0,0,0,0,0,0,0,0,0,0,0,0,0,0,0,0,0,0,0,0,0,0,0,0,0,1,0
7249,0,1,0,Palestinian,0,24343,0,0,0,0,0,0,0,0,0,0,0,0,0,0,0,0,0,0,0,0,0,0,0,0,0,0,0,1,0
7250,0,1,0,Palestinian,0,3434,0,0,0,0,0,0,0,0,0,0,0,0,0,0,0,0,0,0,0,0,0,0,0,0,0,0,0,1,0
7251,0,1,0,Palestinian,0,8528,0,0,0,0,0,0,0,0,0,0,0,0,0,0,0,0,0,0,0,0,0,0,0,0,0,0,0,1,0
7252,0,1,0,Palestinian,0,15078,0,0,0,0,0,0,0,0,0,0,0,0,0,0,0,0,0,0,0,0,0,0,0,0,0,0,0,1,0
7253,0,1,0,Palestinian,0,7867,0,0,0,0,0,0,0,0,0,0,0,0,0,0,0,0,0,0,0,0,0,0,0,0,0,0,0,1,0
7254,0,1,0,Palestinian,0,919,0,0,0,0,0,0,0,0,0,0,0,0,0,0,0,0,0,0,0,0,0,0,0,0,0,0,0,1,0
7255,0,1,0,Palestinian,0,6546,0,0,0,0,0,0,0,0,0,0,0,0,0,0,0,0,0,0,0,0,0,0,0,0,0,0,0,1,0
7256,0,1,0,Palestinian,0,5669,0,0,0,0,0,0,0,0,0,0,0,0,0,0,0,0,0,0,0,0,0,0,0,0,0,0,0,1,0
7301,1,1,0,Jewish,3074,12976,2234,2074,1662,1187,1147,937,884,820,540,367,271,254,274,164,94,60,3870,124,1372,374,623,1374,0,4248,1830,2078,4015,1,0
7302,1,1,0,Jewish,1463,7315,1320,1225,982,463,571,543,522,484,319,217,160,150,162,97,55,35,617,0,160,73,58,324,0,2273,0,0,2373,1,0
7310,1,1,0,Jewish,150,750,135,125,100,47,58,55,53,49,32,22,16,15,16,9,5,3,61,0,16,7,6,31,0,221,0,0,243,1,1
7311,1,1,0,Jewish,937,4242,430,484,474,424,355,232,235,259,266,247,197,165,150,131,99,87,341,0,91,41,33,175,0,1111,0,210,1632,1,1
7312,1,1,0,Jewish,974,4843,503,566,555,412,377,271,275,303,311,289,231,193,176,154,116,102,381,0,107,48,38,186,0,1305,0,0,1911,1,1
7313,1,1,0,Jewish,1387,6877,714,804,788,589,536,385,391,430,442,410,328,274,250,218,165,146,572,0,152,69,55,295,0,1983,0,152,2712,1,1
7321,1,1,0,Jewish,1873,8356,1231,1450,1305,654,510,406,494,657,516,391,252,169,126,95,60,32,796,0,185,92,92,426,0,2880,0,260,2779,1,0
7331,1,1,0,U_Orthodox,978,5981,1155,1127,1021,645,392,250,273,367,338,177,78,45,29,25,23,29,597,0,125,62,62,347,0,2362,0,399,1199,1,0
7341,1,1,0,Jewish,608,3041,548,509,408,192,237,226,217,201,132,90,66,62,67,40,23,14,254,0,60,30,30,132,0,926,0,0,986,1,0
7401,1,1,0,U_Orthodox,0,0,0,0,0,0,0,0,0,0,0,0,0,0,0,0,0,0,0,0,0,0,0,0,0,0,0,0,0,1,2
7402,1,1,0,U_Orthodox,628,4082,634,560,576,491,482,257,149,126,157,211,145,99,74,47,34,31,490,0,122,37,28,301,0,1923,0,738,966,1,2
7403,1,1,0,U_Orthodox,1278,6256,914,807,830,956,808,382,216,182,226,304,209,143,106,69,50,46,674,0,122,95,54,403,0,2518,0,1570,1454,1,2
7404,1,1,0,U_Orthodox,1328,8544,1325,1170,1204,1040,1012,536,313,265,328,440,304,208,154,100,72,66,825,0,216,78,98,431,0,2833,0,1430,2021,1,2
7405,1,1,0,U_Orthodox,794,4006,590,521,536,597,512,245,139,117,146,196,135,92,68,44,32,29,405,0,96,43,35,229,0,1349,0,883,933,1,2
7406,1,1,0,U_Orthodox,2601,13345,2481,2422,2193,1718,994,553,587,788,726,382,168,97,63,54,50,64,1260,0,295,134,107,722,0,4612,0,1892,2658,1,2
7412,1,1,0,U_Orthodox,757,5304,1050,1025,928,498,316,223,248,333,307,161,71,41,26,22,21,27,631,0,125,56,45,404,0,2758,0,375,1068,1,2
7413,1,1,0,U_Orthodox,1012,6329,1228,1198,1085,667,407,265,290,390,359,189,83,48,31,26,24,31,640,0,146,66,53,374,0,2419,0,1178,1270,1,2
7414,1,1,0,U_Orthodox,1042,6774,1323,1292,1170,686,426,284,313,420,387,203,89,51,33,28,26,34,868,0,186,57,42,581,0,3825,0,1246,1360,1,2
7415,1,1,0,U_Orthodox,1149,7424,1449,1414,1280,758,468,310,342,460,424,223,98,56,37,31,29,37,828,0,203,62,47,515,0,3273,0,2512,1490,1,2
7416,1,1,0,U_Orthodox,1374,9618,1904,1858,1682,904,574,405,450,605,557,293,129,74,48,41,38,49,961,0,267,82,61,549,0,3847,0,658,1937,1,2
7417,1,1,0,U_Orthodox,1724,12068,2389,2332,2111,1134,721,508,565,759,699,367,162,93,61,52,48,61,1308,0,336,103,77,791,0,4545,840,825,2430,1,2
7418,1,1,0,U_Orthodox,1331,9323,1845,1801,1631,876,557,393,436,586,540,284,125,72,47,40,37,47,875,0,259,59,79,475,0,3328,0,638,1877,1,2
7419,1,1,0,U_Orthodox,0,0,0,0,0,0,0,0,0,0,0,0,0,0,0,0,0,0,3000,1500,600,600,300,0,0,0,0,0,0,1,2
7421,1,1,0,U_Orthodox,2000,14000,2771,2705,2449,1315,836,590,655,880,811,426,188,108,70,60,55,71,1189,0,330,150,120,589,0,4128,0,958,2819,1,2
7501,0,1,0,Jewish,1989,8357,827,999,939,719,542,375,461,585,626,624,485,323,246,224,173,202,751,0,258,79,59,353,0,2477,0,0,3439,1,1
7502,0,1,0,Jewish,761,3200,316,382,359,275,207,143,176,224,239,239,185,123,94,85,66,77,276,0,99,30,22,124,0,870,0,0,1317,1,1
7503,0,1,0,Jewish,1157,4861,481,581,546,418,315,218,268,340,364,363,282,187,143,130,100,118,418,0,150,46,34,187,0,1312,0,0,2000,1,1
7504,0,1,0,Jewish,1780,7476,740,893,840,643,484,336,412,523,560,558,433,289,220,200,155,181,1222,0,600,300,100,222,0,1556,0,0,3076,1,1
7511,0,1,0,Jewish,788,3310,327,395,372,285,214,148,182,231,248,247,192,127,97,88,68,80,283,0,102,39,15,125,0,878,0,0,1362,1,0
7512,0,1,0,Jewish,326,1371,135,164,154,118,88,61,75,96,102,102,79,53,40,36,28,33,117,0,42,16,6,51,0,363,0,0,564,1,0
7513,0,1,0,Jewish,0,0,0,0,0,0,0,0,0,0,0,0,0,0,0,0,0,0,0,0,0,0,0,0,0,0,0,0,0,1,0
7514,0,1,0,Jewish,319,1342,132,160,150,115,87,60,74,94,100,100,77,51,39,36,27,32,115,0,41,15,6,51,0,359,0,0,552,1,0
7521,0,1,0,Jewish,1372,5107,505,436,377,376,377,371,343,319,267,255,236,237,246,238,205,312,392,0,180,51,25,135,0,919,0,111,2110,1,0
7531,0,1,0,Jewish,1287,2694,182,169,150,264,206,164,146,145,130,128,112,105,119,138,160,369,280,0,151,43,21,64,0,378,0,210,987,1,0
7601,0,1,0,Jewish,809,3494,351,303,262,222,244,256,239,222,185,177,164,165,171,165,143,217,224,0,97,40,24,62,0,439,0,0,1468,1,1
7602,0,1,0,Jewish,421,1817,182,157,136,115,127,133,124,115,96,92,85,86,89,86,74,112,176,0,50,21,12,92,0,649,0,0,763,1,1
7603,0,1,0,Jewish,957,3134,285,246,212,380,288,218,193,180,150,143,133,134,138,134,116,176,227,0,78,32,19,96,0,544,0,375,1190,1,1
7604,0,1,0,Jewish,169,390,28,26,23,20,22,24,23,22,20,20,17,16,18,21,25,57,655,0,520,97,32,5,0,41,0,0,154,1,1
7605,0,1,0,Jewish,822,3456,342,413,388,297,224,155,190,242,259,258,200,133,101,92,71,83,48,0,0,0,0,48,0,338,0,0,1422,1,1
7606,0,1,0,Jewish,415,956,70,65,57,49,55,60,56,56,50,49,43,40,45,53,61,141,280,0,41,29,12,197,0,1379,0,0,379,1,1
7611,0,1,0,Jewish,671,2652,267,230,199,168,185,195,181,168,141,134,125,125,129,125,108,164,183,0,80,40,13,49,0,346,0,0,1114,1,1
7612,0,1,0,Jewish,297,1173,118,102,88,74,82,86,80,74,62,59,55,55,57,55,48,72,81,0,32,14,11,21,0,153,0,0,493,1,1
7613,0,1,0,Jewish,799,3297,332,286,247,209,230,242,225,209,175,167,155,156,161,156,135,204,221,0,87,47,23,61,0,431,0,0,1385,1,1
7614,0,1,0,Jewish,423,1745,175,151,131,110,122,128,119,111,92,88,82,82,85,82,71,108,181,0,42,25,16,97,0,679,0,0,733,1,1
7615,0,1,0,Jewish,0,0,0,0,0,0,0,0,0,0,0,0,0,0,0,0,0,0,0,0,0,0,0,0,0,0,0,0,0,1,1
7621,0,1,0,Jewish,0,0,0,0,0,0,0,0,0,0,0,0,0,0,0,0,0,0,0,0,0,0,0,0,0,0,0,0,0,1,1
7622,0,1,0,Jewish,0,0,0,0,0,0,0,0,0,0,0,0,0,0,0,0,0,0,650,0,487,130,32,0,0,0,0,0,0,1,1
7623,0,1,0,Jewish,558,1285,94,87,77,66,74,81,75,75,67,66,58,54,61,71,82,190,139,0,50,33,27,28,0,196,0,0,509,1,0
7624,0,1,0,Jewish,1269,4922,495,427,370,312,344,361,336,313,261,250,232,233,241,233,201,305,451,0,126,76,50,198,0,1386,0,0,2068,1,1
7625,0,1,0,Jewish,111,433,43,37,32,27,30,31,29,27,23,22,20,20,21,20,17,26,7,0,0,0,0,7,0,50,0,0,182,1,1
7626,0,1,0,Jewish,1308,5494,544,656,617,473,356,247,303,384,411,410,318,212,161,147,114,133,4311,0,1252,2296,626,136,0,952,0,0,2261,1,1
7627,0,1,0,Jewish,999,4596,462,399,345,292,321,338,314,292,244,233,216,217,225,218,188,285,81,0,0,0,0,81,0,570,0,0,1931,1,1
7628,0,1,0,Jewish,401,1846,185,160,138,117,129,135,126,117,98,93,87,87,90,87,75,114,130,0,40,32,8,49,0,349,0,0,776,1,1
7629,0,1,0,Jewish,0,0,0,0,0,0,0,0,0,0,0,0,0,0,0,0,0,0,0,0,0,0,0,0,0,0,0,0,0,1,1
7631,1,1,0,Jewish,1246,4736,246,291,372,416,492,356,217,180,219,297,354,360,333,243,151,203,383,0,112,87,49,134,0,938,0,0,2173,1,0
7641,0,1,0,Jewish,825,3465,343,414,389,298,224,155,191,242,259,258,201,133,102,93,71,84,310,0,115,33,16,145,0,1017,0,0,1426,1,0
7642,0,1,0,Jewish,562,2362,233,282,265,203,153,106,130,165,177,176,137,91,69,63,49,57,202,0,78,22,11,90,0,633,0,0,972,1,0
7651,0,1,0,Arab,2810,11683,1062,1062,1062,944,944,826,708,708,708,708,590,472,472,354,354,708,1224,0,548,168,126,381,0,2667,0,0,2960,1,1
7652,0,1,0,Arab,1846,7726,858,858,780,780,624,546,546,624,468,390,234,234,234,156,156,234,852,0,304,138,110,298,0,2091,0,0,1899,1,0
7661,0,1,0,U_Orthodox,2896,11233,1531,1352,1391,2107,1583,661,361,306,379,509,351,240,178,115,83,77,1036,0,250,90,113,581,0,3423,0,2324,2559,1,1
7701,1,1,0,Jewish,2088,10181,1025,885,765,647,712,748,696,647,541,517,480,482,498,483,417,632,702,0,229,83,104,284,0,1991,0,0,4278,1,1
7702,1,1,0,Jewish,697,2709,272,235,203,172,189,199,185,172,144,137,127,128,132,128,111,168,215,0,76,27,34,75,0,529,0,0,1138,1,1
7703,1,1,0,Jewish,600,3826,385,332,287,243,267,281,261,243,203,194,180,181,187,181,156,237,229,0,66,24,30,108,0,748,0,47,1607,1,1
7704,1,1,0,Jewish,650,2730,270,326,306,235,177,122,150,191,204,203,158,105,80,73,56,66,238,0,71,26,32,108,0,756,0,0,1123,1,1
7711,1,1,0,Jewish,719,3021,299,361,339,260,195,135,166,211,226,225,175,116,89,81,62,73,263,0,79,28,35,119,0,836,0,0,1243,1,1
7712,1,1,0,Jewish,471,3002,302,261,225,190,209,220,205,190,159,152,141,142,147,142,123,186,178,0,51,18,23,83,0,587,0,0,1261,1,1
7721,1,1,0,U_Orthodox,1804,7576,750,905,851,652,491,340,418,530,567,566,439,292,223,203,157,183,843,0,297,108,135,301,0,2098,0,687,2458,1,1
7731,1,1,0,Jewish,426,1957,203,228,224,166,152,109,111,122,125,116,93,78,71,62,47,41,161,0,46,17,21,76,0,537,0,0,772,1,0
7801,1,1,0,U_Orthodox,1587,11109,2199,2146,1943,1044,663,468,520,698,644,338,149,86,56,47,44,56,1056,0,261,95,119,580,0,4064,0,760,2237,1,0
7802,1,1,0,Jewish,1904,8401,1466,1360,1090,698,729,605,580,538,354,241,178,167,180,108,62,39,759,0,146,113,64,434,0,2582,0,1261,2634,1,0
7803,1,1,0,Jewish,0,0,0,0,0,0,0,0,0,0,0,0,0,0,0,0,0,0,2100,0,1260,630,210,0,0,0,0,0,0,1,0
7811,1,1,0,Jewish,1820,8378,871,980,961,713,653,470,477,524,538,500,400,334,305,266,201,178,691,0,218,72,72,327,0,2291,0,0,3306,1,0
7821,1,1,0,Jewish,470,2164,225,253,248,184,168,121,123,135,139,129,103,86,78,68,52,45,178,0,47,28,18,84,0,593,0,0,854,1,0
7822,1,1,0,Jewish,2420,12101,2184,2027,1625,767,946,899,864,802,528,359,265,249,268,161,92,58,1029,0,266,145,72,544,0,3814,0,0,3925,1,0
7823,1,1,0,Jewish,818,4092,738,685,549,259,319,304,292,271,178,121,89,84,90,54,31,19,345,0,90,49,24,182,0,1276,0,0,1327,1,0
7824,1,1,0,Jewish,1147,4447,744,691,554,474,429,308,294,273,180,122,90,84,91,54,31,20,370,0,90,41,33,205,0,1307,0,425,1338,1,0
7825,1,1,0,Jewish,0,0,0,0,0,0,0,0,0,0,0,0,0,0,0,0,0,0,0,0,0,0,0,0,0,0,0,0,0,1,2
7826,1,1,0,Jewish,347,1457,144,174,163,125,94,65,80,102,109,108,84,56,42,39,30,35,127,0,34,13,6,57,13,403,0,0,599,1,0
7827,1,0,0,Jewish,216,907,89,108,101,78,58,40,50,63,68,67,52,35,26,24,18,22,72,0,25,8,8,28,0,202,0,0,373,1,0
7831,1,1,0,Jewish,2877,10805,1788,1660,1331,1214,1071,749,708,656,432,294,217,204,219,131,75,48,918,39,118,158,79,521,0,3162,0,1205,3215,1,0
7841,1,1,0,Jewish,1423,7118,1285,1192,956,451,556,529,508,471,310,211,156,146,158,94,54,34,615,0,113,113,56,330,0,2311,0,245,2309,1,0
7851,1,1,0,Jewish,1120,5601,1011,938,752,355,437,416,400,371,244,166,122,115,124,74,42,27,480,0,123,67,33,256,0,1764,0,72,1817,1,0
7911,0,1,0,Palestinian,0,41205,0,0,0,0,0,0,0,0,0,0,0,0,0,0,0,0,0,0,0,0,0,0,0,0,0,0,0,1,0
7912,0,1,0,Palestinian,0,11010,0,0,0,0,0,0,0,0,0,0,0,0,0,0,0,0,0,0,0,0,0,0,0,0,0,0,0,1,0
7913,0,1,0,Palestinian,0,13914,0,0,0,0,0,0,0,0,0,0,0,0,0,0,0,0,0,0,0,0,0,0,0,0,0,0,0,1,0
7921,0,1,0,Palestinian,0,29883,0,0,0,0,0,0,0,0,0,0,0,0,0,0,0,0,0,0,0,0,0,0,0,0,0,0,0,1,0
7922,0,1,0,Palestinian,0,38570,0,0,0,0,0,0,0,0,0,0,0,0,0,0,0,0,0,0,0,0,0,0,0,0,0,0,0,1,0
7930,0,1,0,Palestinian,0,1607,0,0,0,0,0,0,0,0,0,0,0,0,0,0,0,0,0,0,0,0,0,0,0,0,0,0,0,1,0
7931,0,1,0,Palestinian,0,6816,0,0,0,0,0,0,0,0,0,0,0,0,0,0,0,0,0,0,0,0,0,0,0,0,0,0,0,1,0
7932,0,1,0,Palestinian,0,5744,0,0,0,0,0,0,0,0,0,0,0,0,0,0,0,0,0,0,0,0,0,0,0,0,0,0,0,1,0
7933,0,1,0,Palestinian,0,3645,0,0,0,0,0,0,0,0,0,0,0,0,0,0,0,0,0,0,0,0,0,0,0,0,0,0,0,1,0
7934,0,1,0,Palestinian,0,2361,0,0,0,0,0,0,0,0,0,0,0,0,0,0,0,0,0,0,0,0,0,0,0,0,0,0,0,1,0
7935,0,1,0,Palestinian,0,4508,0,0,0,0,0,0,0,0,0,0,0,0,0,0,0,0,0,0,0,0,0,0,0,0,0,0,0,1,0
7936,0,1,0,Palestinian,0,712,0,0,0,0,0,0,0,0,0,0,0,0,0,0,0,0,0,0,0,0,0,0,0,0,0,0,0,1,0
7937,0,1,0,Palestinian,0,4758,0,0,0,0,0,0,0,0,0,0,0,0,0,0,0,0,0,0,0,0,0,0,0,0,0,0,0,1,0
7938,0,1,0,Palestinian,0,4716,0,0,0,0,0,0,0,0,0,0,0,0,0,0,0,0,0,0,0,0,0,0,0,0,0,0,0,1,0
7939,0,1,0,Palestinian,0,2289,0,0,0,0,0,0,0,0,0,0,0,0,0,0,0,0,0,0,0,0,0,0,0,0,0,0,0,1,0
7940,0,1,0,Palestinian,0,3707,0,0,0,0,0,0,0,0,0,0,0,0,0,0,0,0,0,0,0,0,0,0,0,0,0,0,0,1,0
7941,0,1,0,Palestinian,0,4065,0,0,0,0,0,0,0,0,0,0,0,0,0,0,0,0,0,0,0,0,0,0,0,0,0,0,0,1,0
7942,0,1,0,Palestinian,0,3260,0,0,0,0,0,0,0,0,0,0,0,0,0,0,0,0,0,0,0,0,0,0,0,0,0,0,0,1,0
7943,0,1,0,Palestinian,0,1687,0,0,0,0,0,0,0,0,0,0,0,0,0,0,0,0,0,0,0,0,0,0,0,0,0,0,0,1,0
7944,0,1,0,Palestinian,0,2675,0,0,0,0,0,0,0,0,0,0,0,0,0,0,0,0,0,0,0,0,0,0,0,0,0,0,0,1,0
7945,0,1,0,Palestinian,0,2283,0,0,0,0,0,0,0,0,0,0,0,0,0,0,0,0,0,0,0,0,0,0,0,0,0,0,0,1,0
7946,0,1,0,Palestinian,0,2327,0,0,0,0,0,0,0,0,0,0,0,0,0,0,0,0,0,0,0,0,0,0,0,0,0,0,0,1,0
7947,0,1,0,Palestinian,0,2118,0,0,0,0,0,0,0,0,0,0,0,0,0,0,0,0,0,0,0,0,0,0,0,0,0,0,0,1,0
7948,0,1,0,Palestinian,0,4003,0,0,0,0,0,0,0,0,0,0,0,0,0,0,0,0,0,0,0,0,0,0,0,0,0,0,0,1,0
7949,0,1,0,Palestinian,0,4607,0,0,0,0,0,0,0,0,0,0,0,0,0,0,0,0,0,0,0,0,0,0,0,0,0,0,0,1,0
7950,0,1,0,Palestinian,0,1597,0,0,0,0,0,0,0,0,0,0,0,0,0,0,0,0,0,0,0,0,0,0,0,0,0,0,0,1,0
7951,0,1,0,Palestinian,0,1523,0,0,0,0,0,0,0,0,0,0,0,0,0,0,0,0,0,0,0,0,0,0,0,0,0,0,0,1,0
7952,0,1,0,Palestinian,0,2236,0,0,0,0,0,0,0,0,0,0,0,0,0,0,0,0,0,0,0,0,0,0,0,0,0,0,0,1,0
7953,0,1,0,Palestinian,0,4540,0,0,0,0,0,0,0,0,0,0,0,0,0,0,0,0,0,0,0,0,0,0,0,0,0,0,0,1,0
7954,0,1,0,Palestinian,0,7688,0,0,0,0,0,0,0,0,0,0,0,0,0,0,0,0,0,0,0,0,0,0,0,0,0,0,0,1,0
7955,0,1,0,Palestinian,0,3808,0,0,0,0,0,0,0,0,0,0,0,0,0,0,0,0,0,0,0,0,0,0,0,0,0,0,0,1,0
7956,0,1,0,Palestinian,0,3201,0,0,0,0,0,0,0,0,0,0,0,0,0,0,0,0,0,0,0,0,0,0,0,0,0,0,0,1,0
7957,0,1,0,Palestinian,0,2856,0,0,0,0,0,0,0,0,0,0,0,0,0,0,0,0,0,0,0,0,0,0,0,0,0,0,0,1,0
7958,0,1,0,Palestinian,0,3585,0,0,0,0,0,0,0,0,0,0,0,0,0,0,0,0,0,0,0,0,0,0,0,0,0,0,0,1,0
7961,0,1,0,Palestinian,0,3047,0,0,0,0,0,0,0,0,0,0,0,0,0,0,0,0,0,0,0,0,0,0,0,0,0,0,0,1,0
7962,0,1,0,Palestinian,0,4721,0,0,0,0,0,0,0,0,0,0,0,0,0,0,0,0,0,0,0,0,0,0,0,0,0,0,0,1,0
7963,0,1,0,Palestinian,0,4621,0,0,0,0,0,0,0,0,0,0,0,0,0,0,0,0,0,0,0,0,0,0,0,0,0,0,0,1,0
7964,0,1,0,Palestinian,0,5279,0,0,0,0,0,0,0,0,0,0,0,0,0,0,0,0,0,0,0,0,0,0,0,0,0,0,0,1,0
7965,0,1,0,Palestinian,0,6058,0,0,0,0,0,0,0,0,0,0,0,0,0,0,0,0,0,0,0,0,0,0,0,0,0,0,0,1,0
7966,0,1,0,Palestinian,0,4798,0,0,0,0,0,0,0,0,0,0,0,0,0,0,0,0,0,0,0,0,0,0,0,0,0,0,0,1,0
7967,0,1,0,Palestinian,0,8976,0,0,0,0,0,0,0,0,0,0,0,0,0,0,0,0,0,0,0,0,0,0,0,0,0,0,0,1,0
7968,0,1,0,Palestinian,0,6285,0,0,0,0,0,0,0,0,0,0,0,0,0,0,0,0,0,0,0,0,0,0,0,0,0,0,0,1,0
7969,0,1,0,Palestinian,0,7862,0,0,0,0,0,0,0,0,0,0,0,0,0,0,0,0,0,0,0,0,0,0,0,0,0,0,0,1,0
8101,1,1,0,Jewish,2569,11084,1152,1295,1271,948,866,621,630,693,712,661,530,442,403,352,266,235,972,0,281,128,102,460,0,3062,0,373,4371,1,0
8111,1,1,0,Jewish,434,2170,391,363,291,137,169,161,155,143,94,64,47,44,48,28,16,10,181,0,43,21,21,94,0,660,0,0,704,1,0
8121,1,1,0,Jewish,334,1670,301,279,224,105,130,124,119,110,72,49,36,34,37,22,12,8,146,0,26,16,13,80,10,517,0,115,541,1,0
8131,1,0,0,Jewish,255,1275,230,213,171,80,99,94,91,84,55,37,27,26,28,16,9,6,106,0,20,12,10,55,7,390,0,0,413,1,0
8141,1,0,0,Jewish,930,4650,839,779,624,294,363,345,332,308,203,138,101,95,103,61,35,22,390,0,74,46,37,204,27,1433,0,0,1508,1,0
8142,1,0,0,Jewish,972,4820,868,806,646,313,378,357,343,318,210,142,105,99,106,64,36,23,436,0,76,48,38,243,28,1635,0,309,1560,1,0
8143,1,0,0,Jewish,727,3423,608,564,452,250,279,250,240,223,147,100,73,69,74,44,25,16,368,0,53,33,26,233,20,1072,0,815,1093,1,0
8144,1,0,0,Jewish,300,1500,270,251,201,95,117,111,107,99,65,44,32,30,33,19,11,7,128,0,24,15,12,68,9,463,0,28,486,1,0
8211,0,1,0,Palestinian,0,57478,0,0,0,0,0,0,0,0,0,0,0,0,0,0,0,0,0,0,0,0,0,0,0,0,0,0,0,1,0
8212,0,1,0,Palestinian,0,49822,0,0,0,0,0,0,0,0,0,0,0,0,0,0,0,0,0,0,0,0,0,0,0,0,0,0,0,1,0
8221,0,1,0,Palestinian,0,53692,0,0,0,0,0,0,0,0,0,0,0,0,0,0,0,0,0,0,0,0,0,0,0,0,0,0,0,1,0
8222,0,1,0,Palestinian,0,57410,0,0,0,0,0,0,0,0,0,0,0,0,0,0,0,0,0,0,0,0,0,0,0,0,0,0,0,1,0
8223,0,1,0,Palestinian,0,69796,0,0,0,0,0,0,0,0,0,0,0,0,0,0,0,0,0,0,0,0,0,0,0,0,0,0,0,1,0
8224,0,0,0,Palestinian,0,87242,0,0,0,0,0,0,0,0,0,0,0,0,0,0,0,0,0,0,0,0,0,0,0,0,0,0,0,1,0
8225,0,1,0,Palestinian,0,1876,0,0,0,0,0,0,0,0,0,0,0,0,0,0,0,0,0,0,0,0,0,0,0,0,0,0,0,1,0
8230,0,1,0,Palestinian,0,15965,0,0,0,0,0,0,0,0,0,0,0,0,0,0,0,0,0,0,0,0,0,0,0,0,0,0,0,1,0
8231,0,1,0,Palestinian,0,10531,0,0,0,0,0,0,0,0,0,0,0,0,0,0,0,0,0,0,0,0,0,0,0,0,0,0,0,1,0
8232,0,1,0,Palestinian,0,17518,0,0,0,0,0,0,0,0,0,0,0,0,0,0,0,0,0,0,0,0,0,0,0,0,0,0,0,1,0
8233,0,1,0,Palestinian,0,17780,0,0,0,0,0,0,0,0,0,0,0,0,0,0,0,0,0,0,0,0,0,0,0,0,0,0,0,1,0
8234,0,1,0,Palestinian,0,14761,0,0,0,0,0,0,0,0,0,0,0,0,0,0,0,0,0,0,0,0,0,0,0,0,0,0,0,1,0
8235,1,1,0,Jewish,0,0,0,0,0,0,0,0,0,0,0,0,0,0,0,0,0,0,0,0,0,0,0,0,0,0,0,0,0,1,0
8236,0,1,0,Palestinian,660,10103,0,0,0,431,220,8,0,0,0,0,0,0,0,0,0,0,35,0,0,0,0,35,0,0,0,784,0,1,0
8237,0,1,0,Palestinian,0,23897,0,0,0,0,0,0,0,0,0,0,0,0,0,0,0,0,0,0,0,0,0,0,0,0,0,0,0,1,0
8240,0,1,0,Palestinian,0,6711,0,0,0,0,0,0,0,0,0,0,0,0,0,0,0,0,0,0,0,0,0,0,0,0,0,0,0,1,0
8241,0,1,0,Palestinian,0,9208,0,0,0,0,0,0,0,0,0,0,0,0,0,0,0,0,0,0,0,0,0,0,0,0,0,0,0,1,0
8242,0,1,0,Palestinian,0,7101,0,0,0,0,0,0,0,0,0,0,0,0,0,0,0,0,0,0,0,0,0,0,0,0,0,0,0,1,0
8243,0,1,0,Palestinian,0,3461,0,0,0,0,0,0,0,0,0,0,0,0,0,0,0,0,0,0,0,0,0,0,0,0,0,0,0,1,0
8244,0,1,0,Palestinian,0,4579,0,0,0,0,0,0,0,0,0,0,0,0,0,0,0,0,0,0,0,0,0,0,0,0,0,0,0,1,0
8245,0,1,0,Palestinian,0,1699,0,0,0,0,0,0,0,0,0,0,0,0,0,0,0,0,2,0,0,0,0,2,0,0,0,26,0,1,0
8246,0,1,0,Palestinian,0,22449,0,0,0,0,0,0,0,0,0,0,0,0,0,0,0,0,0,0,0,0,0,0,0,0,0,0,0,1,0
8247,0,1,0,Palestinian,0,11656,0,0,0,0,0,0,0,0,0,0,0,0,0,0,0,0,0,0,0,0,0,0,0,0,0,0,0,1,0
8248,0,1,0,Palestinian,0,15058,0,0,0,0,0,0,0,0,0,0,0,0,0,0,0,0,0,0,0,0,0,0,0,0,0,0,0,1,0
8249,0,1,0,Palestinian,0,20922,0,0,0,0,0,0,0,0,0,0,0,0,0,0,0,0,0,0,0,0,0,0,0,0,0,0,0,1,0
8250,0,1,0,Palestinian,0,26739,0,0,0,0,0,0,0,0,0,0,0,0,0,0,0,0,0,0,0,0,0,0,0,0,0,0,0,1,0
8251,0,1,0,Palestinian,0,5430,0,0,0,0,0,0,0,0,0,0,0,0,0,0,0,0,0,0,0,0,0,0,0,0,0,0,0,1,0
8252,0,1,0,Palestinian,0,32388,0,0,0,0,0,0,0,0,0,0,0,0,0,0,0,0,0,0,0,0,0,0,0,0,0,0,0,1,0
8253,0,1,0,Palestinian,0,29465,0,0,0,0,0,0,0,0,0,0,0,0,0,0,0,0,0,0,0,0,0,0,0,0,0,0,0,1,0
8254,0,1,0,Palestinian,0,22721,0,0,0,0,0,0,0,0,0,0,0,0,0,0,0,0,0,0,0,0,0,0,0,0,0,0,0,1,0
8255,0,1,0,Palestinian,0,15931,0,0,0,0,0,0,0,0,0,0,0,0,0,0,0,0,0,0,0,0,0,0,0,0,0,0,0,1,0
8256,0,1,0,Palestinian,0,18151,0,0,0,0,0,0,0,0,0,0,0,0,0,0,0,0,0,0,0,0,0,0,0,0,0,0,0,1,0
8261,0,0,0,Palestinian,0,73044,0,0,0,0,0,0,0,0,0,0,0,0,0,0,0,0,0,0,0,0,0,0,0,0,0,0,0,1,0
8262,0,0,0,Palestinian,0,73783,0,0,0,0,0,0,0,0,0,0,0,0,0,0,0,0,0,0,0,0,0,0,0,0,0,0,0,1,0
8271,0,0,0,Palestinian,0,233715,0,0,0,0,0,0,0,0,0,0,0,0,0,0,0,0,0,0,0,0,0,0,0,0,0,0,0,1,0
8311,0,1,0,Jewish,1503,6314,625,754,709,543,409,283,348,442,473,471,366,244,186,169,131,153,540,0,150,60,45,240,45,1680,0,80,2598,1,0
8312,0,1,0,Jewish,1761,7399,732,884,831,637,479,332,408,518,554,552,429,286,218,198,153,179,635,0,176,70,52,283,52,1969,0,39,3045,1,0
8313,0,1,0,Jewish,944,3725,375,323,280,236,260,273,254,236,198,189,175,176,182,176,152,231,285,0,75,47,37,97,28,680,0,37,1565,1,0
8314,0,1,0,Jewish,0,0,0,0,0,0,0,0,0,0,0,0,0,0,0,0,0,0,0,0,0,0,0,0,0,0,0,0,0,1,0
8401,0,1,0,Jewish,881,3948,397,343,296,250,276,290,270,251,210,200,186,187,193,187,161,245,382,0,97,61,17,206,0,1443,0,0,1659,1,2
8402,0,1,0,Jewish,511,2288,230,198,172,145,160,168,156,145,121,116,107,108,112,108,93,142,177,0,51,35,15,75,0,499,0,66,961,1,2
8403,0,1,0,Jewish,1340,5832,587,507,438,370,407,428,398,371,310,296,275,276,285,277,239,362,422,0,80,80,107,154,0,1079,0,0,2451,1,2
8404,0,1,0,Jewish,340,1428,141,170,160,122,92,64,78,100,107,106,82,55,42,38,29,34,53,0,0,0,0,53,0,371,0,0,587,1,2
8405,0,1,0,Jewish,664,2938,295,255,220,186,205,216,200,186,156,149,138,139,143,139,120,182,74,0,0,0,0,74,0,520,0,0,1234,1,2
8406,0,1,0,Jewish,1009,3976,386,333,288,338,311,286,262,243,203,194,180,181,187,182,157,238,338,0,52,69,52,165,0,1084,0,305,1611,1,2
8407,0,1,0,Jewish,561,3038,305,264,228,193,212,223,207,193,161,154,143,143,148,144,124,188,188,0,33,44,33,76,0,535,0,0,1276,1,2
8408,0,1,0,Jewish,570,3085,310,268,231,196,215,226,211,196,164,156,145,146,151,146,126,191,1276,0,324,432,324,196,0,1374,0,0,1296,1,2
8409,0,1,0,Jewish,324,1134,114,98,85,72,79,83,77,72,60,57,53,53,55,53,46,70,88,0,32,12,19,23,0,164,0,0,476,1,2
8410,0,1,0,U_Orthodox,2018,14127,2796,2730,2471,1327,844,595,661,888,819,430,189,109,71,61,56,72,801,0,0,0,0,801,0,5421,0,1372,2845,1,2
8411,0,1,0,U_Orthodox,590,4133,818,798,723,388,246,174,193,260,239,125,55,32,20,17,16,21,520,0,61,53,61,343,0,2228,0,1285,832,1,2
8412,0,1,0,U_Orthodox,2560,11548,1650,1458,1500,1897,1536,697,390,330,409,549,378,259,192,124,90,83,1318,0,171,147,171,828,0,4774,0,4594,2667,1,2
8413,0,1,0,Jewish,270,1029,103,89,77,65,71,75,70,65,54,52,48,48,50,48,42,63,82,0,16,16,5,28,16,184,0,45,432,1,0
8414,0,1,0,Jewish,1015,5123,515,445,385,325,358,376,350,325,272,260,241,242,251,243,209,318,333,0,60,81,60,130,0,913,0,0,2153,1,2
8415,0,1,0,Jewish,1497,6251,606,523,452,539,491,448,411,382,320,305,283,285,294,285,246,374,477,0,75,101,75,224,0,1483,0,241,2529,1,2
8416,0,1,0,Jewish,1352,6678,672,580,501,424,467,491,456,424,355,339,315,316,327,317,273,414,434,0,81,94,94,164,0,1134,0,57,2806,1,2
8417,0,1,0,Jewish,645,3650,367,317,274,232,255,268,249,232,194,185,172,172,178,173,149,226,217,0,38,45,45,88,0,617,0,0,1533,1,2
8421,0,1,0,Jewish,0,0,0,0,0,0,0,0,0,0,0,0,0,0,0,0,0,0,2780,1112,834,834,0,0,0,0,0,0,0,1,2
8422,0,1,0,Jewish,0,0,0,0,0,0,0,0,0,0,0,0,0,0,0,0,0,0,0,0,0,0,0,0,0,0,0,0,0,1,2
8423,0,1,0,Jewish,0,0,0,0,0,0,0,0,0,0,0,0,0,0,0,0,0,0,10200,7140,0,2040,1020,0,0,0,0,0,0,1,2
8431,0,1,0,Jewish,400,1680,166,200,188,144,108,75,92,117,125,125,97,64,49,45,34,40,2090,0,1420,405,202,61,0,418,0,130,691,1,2
8432,0,1,0,Jewish,700,2450,246,212,184,155,171,180,167,155,130,124,115,116,120,116,100,152,5015,0,994,3479,497,44,0,310,0,0,1029,1,2
8433,0,1,0,Jewish,1000,4200,415,502,472,361,272,188,232,294,314,313,243,162,123,112,87,101,110,0,0,0,0,110,0,770,0,0,1728,1,2
8434,0,1,0,Jewish,800,3360,332,401,377,289,217,151,185,235,251,251,195,129,99,90,69,81,1593,0,150,903,451,88,0,616,0,0,1382,1,2
8435,0,1,0,Jewish,1133,4758,471,568,534,409,308,214,262,333,356,355,276,183,140,127,98,115,4392,4238,0,0,0,154,0,1080,0,0,1958,1,2
8436,0,1,0,Jewish,0,0,0,0,0,0,0,0,0,0,0,0,0,0,0,0,0,0,1856,0,371,1392,92,0,0,0,0,0,0,1,2
8437,0,1,0,Jewish,0,0,0,0,0,0,0,0,0,0,0,0,0,0,0,0,0,0,0,0,0,0,0,0,0,0,0,0,0,1,2
8438,0,1,0,Jewish,253,967,97,84,72,61,67,71,66,61,51,49,45,45,47,45,39,60,77,0,15,15,5,26,15,186,0,0,406,1,0
8441,0,1,0,U_Orthodox,1071,7485,1481,1446,1309,705,447,315,350,470,433,228,100,58,37,32,29,38,771,0,160,64,96,450,0,2954,0,1180,1507,1,2
8442,0,1,0,U_Orthodox,2168,15181,3005,2933,2656,1426,907,640,711,955,880,462,203,118,76,65,60,77,1492,0,325,130,195,841,0,5792,0,1038,3057,1,2
8443,0,1,0,U_Orthodox,1324,9272,1835,1792,1622,871,554,390,434,583,537,282,124,72,46,40,37,47,925,0,198,79,119,527,0,3507,0,1232,1867,1,2
8444,0,1,0,U_Orthodox,1000,7000,1385,1352,1224,657,418,295,327,440,405,213,94,54,35,30,27,35,460,0,101,40,60,257,0,1805,0,479,1409,1,2
8445,0,1,0,U_Orthodox,1000,5500,711,557,607,630,691,437,240,191,161,177,208,217,217,163,115,167,343,0,98,39,59,145,0,1019,0,590,1461,1,2
8446,0,1,0,U_Orthodox,0,0,0,0,0,0,0,0,0,0,0,0,0,0,0,0,0,0,0,0,0,0,0,0,0,0,0,0,0,1,2
8447,0,1,0,U_Orthodox,1030,5665,733,574,625,649,712,450,247,197,166,183,215,224,224,168,118,172,505,0,154,61,92,196,0,1377,0,607,1505,1,2
8448,0,1,0,U_Orthodox,1236,6798,879,689,750,779,855,540,296,237,199,219,258,268,269,202,142,207,607,0,185,74,111,236,0,1653,0,729,1806,1,2
8449,0,1,0,U_Orthodox,655,4586,907,886,802,431,274,193,214,288,265,139,61,35,23,19,18,23,446,0,98,39,58,249,0,1732,0,313,923,1,2
8451,0,1,0,U_Orthodox,1069,6872,1066,941,968,836,814,431,251,213,264,354,244,167,124,80,58,53,656,0,158,63,94,340,0,2323,0,663,1625,1,2
8452,0,1,0,U_Orthodox,1802,7678,1268,1037,927,784,671,531,414,363,278,228,208,197,186,164,147,269,1265,0,251,100,151,762,0,5163,0,771,1859,1,2
8453,0,1,0,U_Orthodox,1561,7424,1076,951,978,1165,969,450,254,215,266,358,247,169,125,81,59,54,866,0,159,63,95,547,0,3339,0,2237,1721,1,2
8454,0,1,0,U_Orthodox,545,3543,550,486,500,427,418,223,130,110,136,183,126,86,64,41,30,27,367,0,81,32,49,203,0,1426,0,342,838,1,2
8455,0,1,0,U_Orthodox,2013,8045,1108,978,1007,1470,1119,477,261,221,274,368,254,174,129,83,60,55,605,0,0,0,0,605,0,3759,0,1657,1839,1,2
8456,0,1,0,U_Orthodox,900,4950,640,502,546,567,622,393,216,172,145,160,187,195,195,147,103,150,2689,0,1250,500,750,189,0,1323,0,531,1315,1,2
8457,0,1,0,U_Orthodox,969,6785,1343,1311,1187,637,405,286,317,426,393,206,91,52,34,29,27,34,671,0,145,58,87,380,0,2637,0,464,1366,1,2
8458,0,1,0,U_Orthodox,1075,7529,1490,1455,1317,707,449,317,352,473,436,229,101,58,38,32,30,38,769,0,161,64,96,446,0,3024,0,602,1516,1,2
8459,0,1,0,U_Orthodox,1374,4421,657,538,480,698,481,289,215,188,144,118,108,102,96,85,76,139,564,0,130,52,78,302,0,1831,0,1213,1037,1,2
8460,0,1,0,U_Orthodox,0,0,0,0,0,0,0,0,0,0,0,0,0,0,0,0,0,0,2000,0,0,0,2000,0,0,0,0,0,0,1,2
8461,0,1,0,U_Orthodox,1422,7155,906,710,773,902,926,561,306,244,206,226,266,277,277,208,146,213,661,0,152,152,76,279,0,1868,0,751,1886,1,2
8462,0,1,0,U_Orthodox,1840,10124,1310,1026,1118,1161,1273,805,442,353,297,327,384,400,400,301,212,308,936,0,220,220,110,384,0,2689,0,1086,2690,1,2
8463,0,1,0,U_Orthodox,2288,12584,1628,1276,1389,1443,1582,1001,549,438,370,407,477,497,498,374,263,383,1164,0,343,137,205,478,0,3320,0,1350,3344,1,2
8464,0,1,0,U_Orthodox,1866,10266,1328,1041,1133,1177,1291,816,448,358,301,332,389,406,406,305,215,312,916,0,279,111,167,356,0,2492,0,1101,2728,1,2
8465,0,1,0,U_Orthodox,1077,5928,767,601,654,680,745,471,258,206,174,191,225,234,234,176,124,180,530,0,161,64,97,206,0,1447,0,636,1575,1,2
8466,0,1,0,U_Orthodox,0,0,0,0,0,0,0,0,0,0,0,0,0,0,0,0,0,0,0,0,0,0,0,0,0,0,0,0,0,1,2
8467,0,1,0,Jewish,0,0,0,0,0,0,0,0,0,0,0,0,0,0,0,0,0,0,0,0,0,0,0,0,0,0,0,0,0,1,2
8471,0,1,0,Jewish,483,2032,201,242,228,175,131,91,112,142,152,151,117,78,59,54,42,49,1200,0,450,450,225,75,0,528,0,0,836,1,2
8472,0,1,0,U_Orthodox,2520,13862,1794,1406,1531,1590,1743,1102,605,483,407,448,526,548,548,413,290,422,1310,0,302,302,151,554,0,3824,0,1487,3683,1,2
8473,0,1,0,Jewish,2248,9444,935,1129,1061,813,612,424,521,661,707,705,548,365,278,253,196,229,793,0,224,89,134,343,0,2404,0,0,3887,1,2
8474,0,1,0,Jewish,1093,4591,454,548,516,395,297,206,253,321,344,343,266,177,135,123,95,111,383,0,109,43,65,164,0,1153,0,0,1889,1,2
8475,0,1,0,U_Orthodox,2305,12678,1640,1285,1400,1454,1594,1008,553,442,372,410,481,501,501,377,265,386,1133,0,345,138,207,441,0,3091,0,1360,3369,1,2
8476,0,1,0,U_Orthodox,1384,7614,985,772,840,873,957,605,332,265,223,246,289,301,301,226,159,231,681,0,207,83,124,265,0,1861,0,817,2023,1,2
8477,0,1,0,U_Orthodox,1350,7425,960,753,820,851,933,590,324,258,218,240,281,293,293,221,155,226,705,0,202,81,121,300,0,2103,0,796,1973,1,2
8481,0,1,0,U_Orthodox,2000,14000,2771,2705,2449,1315,836,590,655,880,811,426,188,108,70,60,55,71,1295,0,242,97,145,809,0,5666,0,958,2819,1,2
8482,0,1,0,U_Orthodox,1900,13300,2632,2570,2327,1249,794,560,622,836,771,405,178,103,67,57,53,68,1089,0,303,121,181,483,0,3384,0,910,2678,1,2
8483,0,1,0,U_Orthodox,1500,10500,2078,2029,1837,986,627,442,491,660,608,320,141,81,53,45,41,53,895,0,143,57,86,607,0,4249,0,718,2114,1,2
8484,0,1,0,U_Orthodox,0,0,0,0,0,0,0,0,0,0,0,0,0,0,0,0,0,0,0,0,0,0,0,0,0,0,0,0,0,1,2
8485,0,1,0,U_Orthodox,0,0,0,0,0,0,0,0,0,0,0,0,0,0,0,0,0,0,0,0,0,0,0,0,0,0,0,0,0,1,2
8501,0,1,0,Jewish,1188,4990,494,596,560,429,323,224,275,349,374,372,289,192,147,134,103,121,445,0,106,47,35,207,47,1451,0,0,2053,1,0
8502,0,1,0,Jewish,856,3596,356,430,404,309,233,161,198,251,269,268,208,139,106,96,74,87,308,0,85,42,25,137,17,960,0,0,1480,1,0
8503,0,1,0,Jewish,0,0,0,0,0,0,0,0,0,0,0,0,0,0,0,0,0,0,3165,1899,949,316,0,0,0,0,0,0,0,1,1
8504,0,1,0,Jewish,0,0,0,0,0,0,0,0,0,0,0,0,0,0,0,0,0,0,3731,2238,1119,373,0,0,0,0,0,0,0,1,1
8505,0,1,0,Jewish,260,992,99,86,74,63,69,72,67,63,52,50,46,46,48,47,40,61,137,0,26,15,10,85,0,580,0,51,416,1,0
8506,0,1,0,Jewish,127,294,21,19,17,15,17,18,17,17,15,15,13,12,14,16,18,43,4034,805,1611,1208,402,6,0,45,0,0,116,1,1
8507,0,1,0,Jewish,882,3173,319,275,238,201,221,233,217,201,168,161,149,150,155,150,130,197,401,26,52,17,35,225,44,1535,0,340,1333,1,0
8508,0,1,0,Jewish,1398,5874,581,702,660,505,381,264,324,411,440,438,340,227,173,157,121,142,505,0,139,69,27,226,41,1569,0,26,2417,1,0
8511,0,1,0,Jewish,736,3091,306,369,347,266,200,139,170,216,231,230,179,119,91,82,64,75,282,58,44,29,14,135,0,932,0,53,1272,1,0
8512,1,1,0,Jewish,0,0,0,0,0,0,0,0,0,0,0,0,0,0,0,0,0,0,0,0,0,0,0,0,0,0,0,0,0,1,0
8513,0,1,0,Jewish,427,1793,177,214,201,154,116,80,99,125,134,133,104,69,52,48,37,43,143,0,25,21,25,58,12,406,0,0,738,1,0
8514,0,1,0,Jewish,1005,4221,418,504,474,363,273,189,233,295,316,315,244,163,124,113,87,102,453,0,60,50,60,252,30,1765,0,0,1737,1,0
8601,0,1,0,Jewish,2250,9450,935,1129,1062,813,612,424,522,662,708,706,548,365,278,253,196,229,7363,0,4935,1410,705,313,0,2196,0,0,3889,1,2
8602,0,1,0,Jewish,1013,3849,200,236,302,338,400,289,176,146,178,241,287,292,270,198,122,165,304,0,101,70,30,101,0,709,0,0,1765,1,2
8603,0,1,0,Jewish,1276,4848,252,297,381,426,504,364,222,185,224,304,362,368,341,249,154,208,513,0,140,76,38,257,0,1804,0,0,2224,1,2
8604,0,1,0,Jewish,967,3674,191,225,288,323,381,276,168,140,169,230,274,279,258,189,117,157,290,0,96,77,19,96,0,677,0,0,1685,1,2
8605,0,1,0,Jewish,1733,6585,343,404,517,579,684,494,302,251,304,413,492,500,463,339,210,282,609,0,173,138,34,263,0,1843,0,0,3021,1,2
8606,0,1,0,Jewish,1235,4693,244,288,369,412,487,352,215,179,217,294,350,356,330,241,149,201,387,0,135,74,37,140,0,980,0,0,2153,1,2
8611,0,1,0,Jewish,3355,14093,1395,1685,1584,1213,914,633,778,987,1056,1053,817,544,415,378,292,342,1216,0,301,268,100,544,0,3814,0,0,5799,1,2
8612,0,1,0,Jewish,2249,9447,935,1129,1061,813,612,424,521,661,708,705,548,365,278,253,196,229,815,0,202,179,67,365,0,2558,0,0,3888,1,2
8613,0,1,0,Jewish,1233,5178,512,619,582,445,335,232,286,362,388,386,300,200,152,139,107,125,608,0,110,98,36,361,0,2531,0,0,2131,1,2
8614,0,1,0,Jewish,4500,18900,1871,2259,2124,1627,1225,849,1044,1324,1416,1412,1096,730,557,507,392,458,3591,0,1314,1168,438,669,0,4685,0,0,7778,1,2
8615,0,1,0,Jewish,4500,18900,1871,2259,2124,1627,1225,849,1044,1324,1416,1412,1096,730,557,507,392,458,3698,0,1567,940,626,563,0,3947,0,0,7778,1,2
8616,0,1,0,Jewish,1331,5590,553,668,628,481,362,251,308,391,419,417,324,216,164,150,116,135,475,0,119,106,39,208,0,1462,0,0,2300,1,2
8621,0,1,0,Jewish,1227,4662,242,286,366,410,484,350,214,178,215,293,348,354,327,240,148,200,443,0,122,98,24,198,0,1388,0,0,2138,1,2
8622,0,1,0,Jewish,1310,4978,259,305,391,437,517,374,228,190,230,312,372,378,350,256,159,213,485,0,131,104,26,223,0,1567,0,0,2284,1,2
8623,0,1,0,Jewish,4000,16800,1663,2008,1888,1446,1089,755,928,1177,1259,1255,975,649,495,451,348,407,1315,0,360,320,120,515,0,3610,0,0,6913,1,2
8624,0,1,0,Jewish,2344,9846,975,1177,1106,847,638,442,543,689,738,735,571,380,290,264,204,239,834,0,211,187,70,365,0,2561,0,0,4052,1,2
8625,0,1,0,Jewish,1376,5781,572,691,649,497,374,260,319,405,433,431,335,223,170,155,120,140,490,0,123,110,41,214,0,1503,0,0,2379,1,2
8626,0,1,0,Jewish,1615,6783,671,811,762,584,439,305,374,475,508,506,393,262,199,182,140,164,588,0,161,129,32,265,0,1859,0,0,2791,1,2
8627,0,1,0,Jewish,1193,5010,496,599,563,431,324,225,276,351,375,374,290,193,147,134,104,121,500,0,119,95,23,261,0,1831,0,0,2062,1,2
8631,0,1,0,Jewish,739,2808,146,172,220,247,291,211,128,107,129,176,209,213,197,144,89,120,221,0,59,73,14,73,0,514,0,0,1288,1,2
8632,0,1,0,Jewish,717,2728,142,167,214,239,283,205,125,104,126,171,203,207,191,140,87,117,423,0,78,50,14,280,0,1962,0,0,1251,1,2
8633,0,1,0,Jewish,811,3083,160,189,242,271,320,231,141,117,142,193,230,234,216,158,98,132,245,0,89,56,16,82,0,579,0,0,1414,1,2
8641,0,1,0,Jewish,2299,9657,956,1154,1085,831,626,434,533,676,723,721,560,373,284,259,200,234,818,0,252,160,45,358,0,2511,0,0,3974,1,2
8642,0,1,0,Jewish,0,0,0,0,0,0,0,0,0,0,0,0,0,0,0,0,0,0,0,0,0,0,0,0,0,0,0,0,0,1,2
8651,1,1,0,Jewish,1915,6702,582,510,510,561,721,549,402,318,267,329,418,399,379,302,187,260,577,0,210,134,38,194,0,1358,0,0,2881,1,0
8652,0,1,0,Jewish,0,0,0,0,0,0,0,0,0,0,0,0,0,0,0,0,0,0,2200,0,1650,220,110,0,220,0,0,0,0,1,0
8653,0,1,0,Jewish,232,974,96,116,109,83,63,43,53,68,73,72,56,37,28,26,20,23,78,0,23,18,4,32,0,225,0,0,401,1,0
8661,1,1,0,U_Orthodox,4278,21156,3100,2738,2817,3210,2724,1290,732,619,768,1031,711,487,361,234,169,156,2366,0,460,184,276,1446,0,8491,0,9146,4920,1,2
8662,1,1,0,U_Orthodox,4181,20083,3672,3585,3245,2761,1570,833,868,1167,1075,565,249,144,93,80,74,95,2052,0,397,198,198,1257,0,7413,0,7624,3990,1,2
8663,1,1,0,U_Orthodox,2938,16492,3130,3056,2766,1938,1151,687,740,994,916,481,212,122,79,68,63,81,1614,0,338,169,169,936,0,6138,0,1382,3296,1,2
8664,1,1,0,U_Orthodox,3433,22931,4503,4396,3980,2259,1415,965,1065,1431,1319,693,305,176,115,98,90,116,2238,0,487,243,243,1263,0,8689,0,1556,4612,1,2
8665,1,1,0,U_Orthodox,1352,8664,1688,1648,1492,890,551,363,399,536,494,259,114,66,43,36,34,43,795,0,182,91,91,429,0,2919,0,583,1740,1,2
8666,1,1,0,U_Orthodox,4683,22354,4081,3984,3607,3089,1760,926,965,1297,1195,628,276,160,104,89,82,105,2233,0,530,176,176,1350,0,8194,0,6124,4440,1,2
8671,1,1,0,U_Orthodox,194,1267,196,173,179,152,149,79,46,39,48,65,45,30,22,14,10,9,183,0,32,14,11,124,0,859,0,122,300,1,2
8672,1,1,0,U_Orthodox,0,0,0,0,0,0,0,0,0,0,0,0,0,0,0,0,0,0,18,0,0,0,0,18,0,131,0,0,0,1,2
8673,1,1,0,Jewish,940,3084,260,228,228,307,348,248,180,142,119,147,187,178,169,135,84,116,285,0,85,51,34,114,0,727,0,291,1290,1,1
8674,1,1,0,U_Orthodox,823,3703,621,508,454,344,310,258,203,178,136,111,102,96,91,80,72,132,392,0,123,74,49,145,0,1018,0,326,901,1,1
8681,0,1,0,Jewish,4500,18900,1871,2259,2124,1627,1225,849,1044,1324,1416,1412,1096,730,557,507,392,458,1463,0,405,360,135,563,0,3947,0,0,7778,1,2
8682,0,1,0,Jewish,0,0,0,0,0,0,0,0,0,0,0,0,0,0,0,0,0,0,5841,2920,876,2044,0,0,0,0,0,0,0,1,2
8683,0,1,0,Jewish,0,0,0,0,0,0,0,0,0,0,0,0,0,0,0,0,0,0,0,0,0,0,0,0,0,0,0,0,0,1,2
8684,0,1,0,Jewish,0,0,0,0,0,0,0,0,0,0,0,0,0,0,0,0,0,0,13000,1950,9100,1950,0,0,0,0,0,0,0,1,2
8685,0,1,0,Jewish,0,0,0,0,0,0,0,0,0,0,0,0,0,0,0,0,0,0,0,0,0,0,0,0,0,0,0,0,0,1,2
8686,0,1,0,Jewish,0,0,0,0,0,0,0,0,0,0,0,0,0,0,0,0,0,0,0,0,0,0,0,0,0,0,0,0,0,1,2
8687,0,1,0,Jewish,0,0,0,0,0,0,0,0,0,0,0,0,0,0,0,0,0,0,3062,1531,459,1072,0,0,0,0,0,0,0,1,2
8691,1,1,0,Jewish,2442,12210,2204,2046,1640,774,954,908,872,809,533,362,267,251,271,162,93,59,1043,0,244,146,97,554,0,3855,0,72,3961,1,0
8692,1,1,0,Jewish,1554,7770,1402,1302,1043,492,607,577,555,515,339,230,170,160,172,103,59,37,662,0,124,124,62,352,0,2464,0,0,2520,1,0
8693,1,1,0,Jewish,839,3997,415,467,458,340,311,224,227,250,257,238,191,159,145,127,96,84,324,0,67,67,33,156,0,1096,0,0,1577,1,0
8694,1,0,0,Jewish,3323,13957,1382,1668,1568,1201,905,627,771,977,1046,1042,810,539,411,374,289,338,1216,0,265,265,132,552,0,3865,0,0,5743,1,0
8711,0,1,0,Palestinian,0,24209,0,0,0,0,0,0,0,0,0,0,0,0,0,0,0,0,0,0,0,0,0,0,0,0,0,0,0,1,0
8712,0,1,0,Palestinian,0,39018,0,0,0,0,0,0,0,0,0,0,0,0,0,0,0,0,0,0,0,0,0,0,0,0,0,0,0,1,0
8721,0,1,0,Palestinian,0,45666,0,0,0,0,0,0,0,0,0,0,0,0,0,0,0,0,0,0,0,0,0,0,0,0,0,0,0,1,0
8722,0,1,0,Palestinian,0,13012,0,0,0,0,0,0,0,0,0,0,0,0,0,0,0,0,0,0,0,0,0,0,0,0,0,0,0,1,0
8723,0,1,0,Palestinian,0,10466,0,0,0,0,0,0,0,0,0,0,0,0,0,0,0,0,0,0,0,0,0,0,0,0,0,0,0,1,0
8724,0,1,0,Palestinian,0,24300,0,0,0,0,0,0,0,0,0,0,0,0,0,0,0,0,0,0,0,0,0,0,0,0,0,0,0,1,0
8731,0,1,0,Palestinian,0,30731,0,0,0,0,0,0,0,0,0,0,0,0,0,0,0,0,0,0,0,0,0,0,0,0,0,0,0,1,0
8732,0,1,0,Palestinian,0,43006,0,0,0,0,0,0,0,0,0,0,0,0,0,0,0,0,0,0,0,0,0,0,0,0,0,0,0,1,0
8741,0,0,0,Palestinian,0,39062,0,0,0,0,0,0,0,0,0,0,0,0,0,0,0,0,0,0,0,0,0,0,0,0,0,0,0,1,0
8742,0,1,0,Palestinian,0,16220,0,0,0,0,0,0,0,0,0,0,0,0,0,0,0,0,0,0,0,0,0,0,0,0,0,0,0,1,0
8743,0,0,0,Palestinian,0,8879,0,0,0,0,0,0,0,0,0,0,0,0,0,0,0,0,0,0,0,0,0,0,0,0,0,0,0,1,0
8744,0,0,0,Palestinian,0,10668,0,0,0,0,0,0,0,0,0,0,0,0,0,0,0,0,0,0,0,0,0,0,0,0,0,0,0,1,0
8745,0,0,0,Palestinian,0,7087,0,0,0,0,0,0,0,0,0,0,0,0,0,0,0,0,0,0,0,0,0,0,0,0,0,0,0,1,0
8810,1,0,0,Jewish,2426,11242,1989,1846,1480,847,935,819,787,730,481,327,241,226,244,146,84,53,984,0,176,176,88,543,0,3516,0,284,3575,1,0
8811,1,0,0,Jewish,0,0,0,0,0,0,0,0,0,0,0,0,0,0,0,0,0,0,9600,7680,0,1920,0,0,0,0,0,0,0,1,0
8812,1,0,0,Jewish,1612,7254,1071,1262,1136,556,439,353,430,572,449,340,219,147,110,83,52,28,692,0,128,128,64,370,0,2591,0,0,2418,1,0
8813,1,0,0,Jewish,1305,6527,1178,1093,876,413,510,485,466,432,285,193,143,134,144,86,49,31,558,0,104,104,52,297,0,2082,0,0,2117,1,0
8814,1,0,0,Jewish,3779,15723,1552,1874,1762,1383,1031,705,865,1098,1175,1171,909,606,462,420,325,380,1430,447,149,74,74,684,0,4341,0,1034,6451,1,0
8815,1,0,0,U_Orthodox,3354,23478,4647,4537,4107,2206,1402,989,1099,1477,1361,715,315,182,118,101,93,120,2380,503,201,150,150,1374,0,9503,0,1606,4728,1,0
8821,1,0,0,Jewish,0,0,0,0,0,0,0,0,0,0,0,0,0,0,0,0,0,0,0,0,0,0,0,0,0,0,0,0,0,1,0
8822,1,0,0,Jewish,3320,12889,1297,1120,968,819,901,947,881,819,685,655,608,610,631,612,528,800,1024,0,365,199,99,360,0,2520,0,0,5416,1,0
8823,1,0,0,Jewish,1080,4536,449,542,509,390,294,203,250,317,340,338,263,175,133,121,94,110,395,0,118,64,32,179,0,1256,0,0,1866,1,0
8824,1,0,0,Jewish,2658,10100,526,620,794,888,1049,759,463,385,467,634,755,768,710,520,322,433,817,0,292,159,79,285,0,2001,0,0,4633,1,0
8825,1,0,0,Jewish,3797,5690,0,0,0,8,3410,2272,0,0,0,0,0,0,0,0,0,0,3955,0,0,0,0,3955,0,0,21558,179,2468,1,0
8831,1,0,0,Jewish,3821,15859,1560,1883,1770,1356,1085,750,870,1103,1180,1177,914,609,464,422,327,382,1619,0,300,300,150,869,0,3949,2388,0,6529,1,0
8832,1,0,0,Jewish,4031,16931,1676,2024,1903,1458,1098,761,935,1186,1269,1265,982,654,499,454,351,411,1478,0,403,322,80,671,0,4689,0,28,6968,1,0
8833,1,0,0,Jewish,1218,5481,809,953,858,420,331,267,325,432,339,257,165,111,83,62,39,21,523,0,97,97,48,279,0,1958,0,0,1827,1,0
8834,1,0,0,Jewish,2861,13687,1423,1601,1571,1164,1067,767,779,857,880,818,655,546,498,435,329,290,1112,0,228,228,114,540,0,3784,0,0,5401,1,0
8841,1,0,0,Jewish,2523,12239,2192,2035,1631,833,980,903,867,804,530,360,266,250,269,161,92,58,1045,218,97,97,72,559,0,3875,0,119,3940,1,0
8842,1,0,0,Jewish,0,0,0,0,0,0,0,0,0,0,0,0,0,0,0,0,0,0,3200,1600,320,960,320,0,0,0,0,0,0,1,0
8843,1,0,0,Jewish,1948,9684,1745,1620,1298,623,760,719,690,640,422,287,211,199,214,128,74,46,844,0,154,154,77,457,0,3085,0,191,3137,1,0
8851,1,0,0,Jewish,382,1910,344,320,256,121,149,142,136,126,83,56,41,39,42,25,14,9,163,0,30,30,15,87,0,609,0,0,619,1,0
8852,1,0,0,Jewish,956,4302,635,748,673,330,260,209,255,339,266,202,130,87,65,49,31,16,410,114,38,19,19,219,0,1536,0,0,1434,1,0
8861,1,0,0,Jewish,888,3729,369,445,419,321,241,167,206,261,279,278,216,144,109,100,77,90,389,0,26,17,17,212,115,1486,0,0,1534,1,0
8862,1,1,0,Jewish,808,3342,329,397,373,298,219,149,183,233,249,248,193,128,98,89,69,80,304,0,63,47,47,146,0,921,0,94,1368,1,0
8863,1,0,0,Jewish,453,1902,188,227,213,163,123,85,105,133,142,142,110,73,56,51,39,46,145,0,27,18,18,54,27,381,0,0,783,1,0
8864,1,0,0,Jewish,974,4078,403,487,457,354,264,183,225,285,305,304,236,157,120,109,84,98,321,0,29,29,19,127,116,820,0,119,1676,1,0
8871,1,0,0,Jewish,2499,11483,2027,1881,1508,881,960,837,802,744,490,333,246,231,249,149,85,54,1064,89,179,89,89,615,0,3583,0,1349,3643,1,0
8881,1,1,0,Jewish,171,855,154,143,114,54,66,63,61,56,37,25,18,17,18,11,6,4,94,0,13,10,10,59,0,419,0,0,277,1,0
8882,1,1,0,Jewish,5039,25113,4529,4205,3370,1605,1967,1866,1792,1663,1096,745,550,516,556,334,192,121,2165,0,401,301,301,1161,0,7854,0,1556,8140,1,0
8911,0,0,0,Palestinian,0,3782,0,0,0,0,0,0,0,0,0,0,0,0,0,0,0,0,0,0,0,0,0,0,0,0,0,0,0,1,0
8912,0,0,0,Palestinian,0,58011,0,0,0,0,0,0,0,0,0,0,0,0,0,0,0,0,0,0,0,0,0,0,0,0,0,0,0,1,0
8913,0,0,0,Palestinian,0,11439,0,0,0,0,0,0,0,0,0,0,0,0,0,0,0,0,0,0,0,0,0,0,0,0,0,0,0,1,0
8914,0,0,0,Palestinian,0,4268,0,0,0,0,0,0,0,0,0,0,0,0,0,0,0,0,0,0,0,0,0,0,0,0,0,0,0,1,0
8921,0,1,0,Palestinian,0,5089,0,0,0,0,0,0,0,0,0,0,0,0,0,0,0,0,0,0,0,0,0,0,0,0,0,0,0,1,0
8922,0,0,0,Palestinian,0,28110,0,0,0,0,0,0,0,0,0,0,0,0,0,0,0,0,0,0,0,0,0,0,0,0,0,0,0,1,0
8923,0,0,0,Palestinian,0,11133,0,0,0,0,0,0,0,0,0,0,0,0,0,0,0,0,0,0,0,0,0,0,0,0,0,0,0,1,0
8924,0,0,0,Palestinian,0,12764,0,0,0,0,0,0,0,0,0,0,0,0,0,0,0,0,0,0,0,0,0,0,0,0,0,0,0,1,0
8931,0,0,0,Palestinian,0,18933,0,0,0,0,0,0,0,0,0,0,0,0,0,0,0,0,0,0,0,0,0,0,0,0,0,0,0,1,0
8932,0,0,0,Palestinian,0,38823,0,0,0,0,0,0,0,0,0,0,0,0,0,0,0,0,0,0,0,0,0,0,0,0,0,0,0,1,0
8941,0,0,0,Palestinian,0,18160,0,0,0,0,0,0,0,0,0,0,0,0,0,0,0,0,0,0,0,0,0,0,0,0,0,0,0,1,0
8942,0,0,0,Palestinian,0,28506,0,0,0,0,0,0,0,0,0,0,0,0,0,0,0,0,0,0,0,0,0,0,0,0,0,0,0,1,0
8943,0,0,0,Palestinian,0,30298,0,0,0,0,0,0,0,0,0,0,0,0,0,0,0,0,0,0,0,0,0,0,0,0,0,0,0,1,0
8944,0,0,0,Palestinian,0,72185,0,0,0,0,0,0,0,0,0,0,0,0,0,0,0,0,0,0,0,0,0,0,0,0,0,0,0,1,0
8951,0,1,0,Palestinian,0,9713,0,0,0,0,0,0,0,0,0,0,0,0,0,0,0,0,0,0,0,0,0,0,0,0,0,0,0,1,0
8952,0,0,0,Palestinian,0,88290,0,0,0,0,0,0,0,0,0,0,0,0,0,0,0,0,0,0,0,0,0,0,0,0,0,0,0,1,0
8953,0,0,0,Palestinian,0,71141,0,0,0,0,0,0,0,0,0,0,0,0,0,0,0,0,0,0,0,0,0,0,0,0,0,0,0,1,0
8954,0,0,0,Palestinian,0,283074,0,0,0,0,0,0,0,0,0,0,0,0,0,0,0,0,0,0,0,0,0,0,0,0,0,0,0,1,0
8955,0,0,0,Palestinian,0,18022,0,0,0,0,0,0,0,0,0,0,0,0,0,0,0,0,0,0,0,0,0,0,0,0,0,0,0,1,0
8956,0,0,0,Palestinian,0,17891,0,0,0,0,0,0,0,0,0,0,0,0,0,0,0,0,0,0,0,0,0,0,0,0,0,0,0,1,0
8957,0,0,0,Palestinian,0,26253,0,0,0,0,0,0,0,0,0,0,0,0,0,0,0,0,0,0,0,0,0,0,0,0,0,0,0,1,0
8961,0,0,0,Palestinian,0,13500,0,0,0,0,0,0,0,0,0,0,0,0,0,0,0,0,0,0,0,0,0,0,0,0,0,0,0,1,0
8962,0,0,0,Palestinian,0,13058,0,0,0,0,0,0,0,0,0,0,0,0,0,0,0,0,0,0,0,0,0,0,0,0,0,0,0,1,0
8963,0,0,0,Palestinian,0,114840,0,0,0,0,0,0,0,0,0,0,0,0,0,0,0,0,0,0,0,0,0,0,0,0,0,0,0,1,0
8964,0,0,0,Palestinian,0,36071,0,0,0,0,0,0,0,0,0,0,0,0,0,0,0,0,0,0,0,0,0,0,0,0,0,0,0,1,0
8965,0,0,0,Palestinian,0,73888,0,0,0,0,0,0,0,0,0,0,0,0,0,0,0,0,0,0,0,0,0,0,0,0,0,0,0,1,0
8966,0,0,0,Palestinian,0,7730,0,0,0,0,0,0,0,0,0,0,0,0,0,0,0,0,0,0,0,0,0,0,0,0,0,0,0,1,0
8970,0,0,0,Palestinian,0,46670,0,0,0,0,0,0,0,0,0,0,0,0,0,0,0,0,0,0,0,0,0,0,0,0,0,0,0,1,0
8971,0,0,0,Palestinian,0,48124,0,0,0,0,0,0,0,0,0,0,0,0,0,0,0,0,0,0,0,0,0,0,0,0,0,0,0,1,0
8972,0,0,0,Palestinian,0,32995,0,0,0,0,0,0,0,0,0,0,0,0,0,0,0,0,0,0,0,0,0,0,0,0,0,0,0,1,0
8973,0,0,0,Palestinian,0,96653,0,0,0,0,0,0,0,0,0,0,0,0,0,0,0,0,0,0,0,0,0,0,0,0,0,0,0,1,0
8974,0,0,0,Palestinian,0,45633,0,0,0,0,0,0,0,0,0,0,0,0,0,0,0,0,0,0,0,0,0,0,0,0,0,0,0,1,0
8975,0,0,0,Palestinian,0,10850,0,0,0,0,0,0,0,0,0,0,0,0,0,0,0,0,0,0,0,0,0,0,0,0,0,0,0,1,0
8976,0,0,0,Palestinian,0,31927,0,0,0,0,0,0,0,0,0,0,0,0,0,0,0,0,0,0,0,0,0,0,0,0,0,0,0,1,0
8977,0,0,0,Palestinian,0,91452,0,0,0,0,0,0,0,0,0,0,0,0,0,0,0,0,0,0,0,0,0,0,0,0,0,0,0,1,0
8978,0,0,0,Palestinian,0,85481,0,0,0,0,0,0,0,0,0,0,0,0,0,0,0,0,0,0,0,0,0,0,0,0,0,0,0,1,0
8979,0,0,0,Palestinian,0,34182,0,0,0,0,0,0,0,0,0,0,0,0,0,0,0,0,0,0,0,0,0,0,0,0,0,0,0,1,0
